HARPNUM,NOAA_AR,observation_time,T_REC,target_24h,xgb_probability,cnn_probability,fusion_probability,prediction
1807,11515,2012-07-01 00:24:00,2012.07.01_00:24:00_TAI,1,0.000101580226,0.99999964,0.99999964,1
1806,11513,2012-07-01 00:24:00,2012.07.01_00:24:00_TAI,1,0.0004807351,0.84984505,0.84984505,1
1807,11515,2012-07-01 01:12:00,2012.07.01_01:12:00_TAI,1,0.00012861873,0.99999976,0.99999976,1
1806,11513,2012-07-01 01:24:00,2012.07.01_01:24:00_TAI,1,0.001740166,0.8256364,0.8256364,1
1806,11513,2012-07-01 01:36:00,2012.07.01_01:36:00_TAI,1,0.0017050098,0.8756639,0.8756639,1
1807,11515,2012-07-01 02:00:00,2012.07.01_02:00:00_TAI,1,0.00030969622,0.9999999,0.9999999,1
1806,11513,2012-07-01 02:12:00,2012.07.01_02:12:00_TAI,1,0.0028214536,0.9413081,0.9413081,1
1807,11515,2012-07-01 02:24:00,2012.07.01_02:24:00_TAI,1,0.00038284846,0.9999999,0.9999999,1
1806,11513,2012-07-01 02:24:00,2012.07.01_02:24:00_TAI,1,0.003537945,0.8431165,0.8431165,1
1806,11513,2012-07-01 02:48:00,2012.07.01_02:48:00_TAI,1,0.0035038064,0.9225619,0.9225619,1
1806,11513,2012-07-01 03:00:00,2012.07.01_03:00:00_TAI,1,0.0029951532,0.9436649,0.9436649,1
1807,11515,2012-07-01 03:12:00,2012.07.01_03:12:00_TAI,1,0.0002301321,0.99999976,0.99999976,1
1806,11513,2012-07-01 03:36:00,2012.07.01_03:36:00_TAI,1,0.0011403321,0.978296,0.978296,1
1807,11515,2012-07-01 03:36:00,2012.07.01_03:36:00_TAI,1,0.0003360065,1.0,1.0,1
1806,11513,2012-07-01 04:00:00,2012.07.01_04:00:00_TAI,1,0.0015835968,0.9886719,0.9886719,1
1807,11515,2012-07-01 04:00:00,2012.07.01_04:00:00_TAI,1,0.00041937653,1.0,1.0,1
1806,11513,2012-07-01 04:12:00,2012.07.01_04:12:00_TAI,1,0.0012786114,0.98472494,0.98472494,1
1806,11513,2012-07-01 04:24:00,2012.07.01_04:24:00_TAI,1,0.0011249348,0.9845552,0.9845552,1
1806,11513,2012-07-01 05:12:00,2012.07.01_05:12:00_TAI,1,0.0007191086,0.98916364,0.98916364,1
1806,11513,2012-07-01 05:24:00,2012.07.01_05:24:00_TAI,1,0.0010915041,0.9751279,0.9751279,1
1807,11515,2012-07-01 05:48:00,2012.07.01_05:48:00_TAI,1,9.12838e-05,1.0,1.0,1
1806,11513,2012-07-01 05:48:00,2012.07.01_05:48:00_TAI,1,0.0012434887,0.9794397,0.9794397,1
1807,11515,2012-07-01 06:00:00,2012.07.01_06:00:00_TAI,1,7.166619e-05,0.9999999,0.9999999,1
1807,11515,2012-07-01 06:12:00,2012.07.01_06:12:00_TAI,1,3.938313e-05,1.0,1.0,1
1806,11513,2012-07-01 06:24:00,2012.07.01_06:24:00_TAI,1,0.001080274,0.95716166,0.95716166,1
1806,11513,2012-07-01 06:36:00,2012.07.01_06:36:00_TAI,1,0.00089594844,0.9579271,0.9579271,1
1795,11512,2012-07-01 06:36:00,2012.07.01_06:36:00_TAI,0,0.00079493533,0.107585415,0.107585415,0
1806,11513,2012-07-01 06:48:00,2012.07.01_06:48:00_TAI,1,0.00067502406,0.9326211,0.9326211,1
1807,11515,2012-07-01 07:00:00,2012.07.01_07:00:00_TAI,1,4.205395e-05,1.0,1.0,1
1806,11513,2012-07-01 07:36:00,2012.07.01_07:36:00_TAI,1,0.0011924703,0.9630837,0.9630837,1
1807,11515,2012-07-01 08:00:00,2012.07.01_08:00:00_TAI,1,0.0002145747,1.0,1.0,1
1806,11513,2012-07-01 08:12:00,2012.07.01_08:12:00_TAI,1,0.0013415234,0.9435214,0.9435214,1
1807,11515,2012-07-01 09:12:00,2012.07.01_09:12:00_TAI,1,0.0003266624,1.0,1.0,1
1806,11513,2012-07-01 09:24:00,2012.07.01_09:24:00_TAI,1,0.00046750827,0.9169382,0.9169382,1
1807,11515,2012-07-01 09:36:00,2012.07.01_09:36:00_TAI,1,0.00041778744,1.0,1.0,1
1807,11515,2012-07-01 10:12:00,2012.07.01_10:12:00_TAI,1,0.0010447392,1.0,1.0,1
1806,11513,2012-07-01 10:12:00,2012.07.01_10:12:00_TAI,1,0.0005079771,0.8582906,0.8582906,1
1807,11515,2012-07-01 10:36:00,2012.07.01_10:36:00_TAI,1,0.0065073213,1.0,1.0,1
1806,11513,2012-07-01 10:48:00,2012.07.01_10:48:00_TAI,1,0.0007046608,0.7737535,0.7737535,1
1806,11513,2012-07-01 11:00:00,2012.07.01_11:00:00_TAI,1,0.0007346054,0.78231436,0.78231436,1
1807,11515,2012-07-01 11:12:00,2012.07.01_11:12:00_TAI,1,0.007998619,1.0,1.0,1
1807,11515,2012-07-01 11:24:00,2012.07.01_11:24:00_TAI,1,0.005937288,1.0,1.0,1
1806,11513,2012-07-01 11:36:00,2012.07.01_11:36:00_TAI,1,0.0008397887,0.88354987,0.88354987,1
1807,11515,2012-07-01 11:36:00,2012.07.01_11:36:00_TAI,1,0.0035171441,1.0,1.0,1
1807,11515,2012-07-01 12:48:00,2012.07.01_12:48:00_TAI,1,0.0020010942,1.0,1.0,1
1806,11513,2012-07-01 12:48:00,2012.07.01_12:48:00_TAI,1,0.0013433562,0.8699626,0.8699626,1
1806,11513,2012-07-01 13:00:00,2012.07.01_13:00:00_TAI,1,0.00072411704,0.8574847,0.8574847,1
1806,11513,2012-07-01 13:12:00,2012.07.01_13:12:00_TAI,1,0.0009236285,0.7777933,0.7777933,1
1807,11515,2012-07-01 13:36:00,2012.07.01_13:36:00_TAI,1,0.00054095074,1.0,1.0,1
1806,11513,2012-07-01 14:24:00,2012.07.01_14:24:00_TAI,1,0.0010427028,0.7836786,0.7836786,1
1806,11513,2012-07-01 14:36:00,2012.07.01_14:36:00_TAI,1,0.0010122051,0.8144643,0.8144643,1
1807,11515,2012-07-01 14:48:00,2012.07.01_14:48:00_TAI,1,0.00026531427,1.0,1.0,1
1806,11513,2012-07-01 15:24:00,2012.07.01_15:24:00_TAI,1,0.0007820723,0.63930964,0.63930964,1
1807,11515,2012-07-01 15:24:00,2012.07.01_15:24:00_TAI,1,0.00022697433,1.0,1.0,1
1806,11513,2012-07-01 16:00:00,2012.07.01_16:00:00_TAI,1,0.00034550362,0.8278079,0.8278079,1
1807,11515,2012-07-01 16:24:00,2012.07.01_16:24:00_TAI,1,0.0009662059,1.0,1.0,1
1807,11515,2012-07-01 17:12:00,2012.07.01_17:12:00_TAI,1,0.0011226508,1.0,1.0,1
1806,11513,2012-07-01 17:12:00,2012.07.01_17:12:00_TAI,1,0.00011266311,0.52297586,0.52297586,1
1807,11515,2012-07-01 17:24:00,2012.07.01_17:24:00_TAI,1,0.00037059392,1.0,1.0,1
1807,11515,2012-07-01 17:36:00,2012.07.01_17:36:00_TAI,1,0.0006593877,1.0,1.0,1
1806,11513,2012-07-01 18:00:00,2012.07.01_18:00:00_TAI,1,9.414455e-05,0.5644434,0.5644434,1
1807,11515,2012-07-01 18:24:00,2012.07.01_18:24:00_TAI,1,0.00034957367,1.0,1.0,1
1795,11512,2012-07-01 18:36:00,2012.07.01_18:36:00_TAI,0,0.0055001113,0.11952349,0.11952349,0
1806,11513,2012-07-01 18:36:00,2012.07.01_18:36:00_TAI,1,0.00010726944,0.52336454,0.52336454,1
1806,11513,2012-07-01 19:48:00,2012.07.01_19:48:00_TAI,1,0.00011951103,0.64334375,0.64334375,1
1807,11515,2012-07-01 20:12:00,2012.07.01_20:12:00_TAI,1,0.0010327651,1.0,1.0,1
1806,11513,2012-07-01 20:24:00,2012.07.01_20:24:00_TAI,1,0.00028215535,0.4474948,0.4474948,0
1807,11515,2012-07-01 20:36:00,2012.07.01_20:36:00_TAI,1,0.002076553,1.0,1.0,1
1807,11515,2012-07-01 21:00:00,2012.07.01_21:00:00_TAI,1,0.001834046,1.0,1.0,1
1806,11513,2012-07-01 21:12:00,2012.07.01_21:12:00_TAI,1,0.00060697633,0.42400876,0.42400876,0
1806,11513,2012-07-01 21:24:00,2012.07.01_21:24:00_TAI,1,0.000851473,0.5462464,0.5462464,1
1806,11513,2012-07-01 21:36:00,2012.07.01_21:36:00_TAI,1,0.0007925013,0.48759088,0.48759088,1
1807,11515,2012-07-01 22:00:00,2012.07.01_22:00:00_TAI,1,0.002344939,1.0,1.0,1
1807,11515,2012-07-01 22:36:00,2012.07.01_22:36:00_TAI,1,0.0010655584,1.0,1.0,1
1806,11513,2012-07-01 23:00:00,2012.07.01_23:00:00_TAI,1,0.00073484035,0.84827065,0.84827065,1
1807,11515,2012-07-01 23:00:00,2012.07.01_23:00:00_TAI,1,0.00014095337,1.0,1.0,1
1806,11513,2012-07-01 23:36:00,2012.07.01_23:36:00_TAI,1,0.00069218077,0.7488292,0.7488292,1
1807,11515,2012-07-02 00:24:00,2012.07.02_00:24:00_TAI,1,0.00010831809,1.0,1.0,1
1807,11515,2012-07-02 02:12:00,2012.07.02_02:12:00_TAI,1,3.72355e-05,1.0,1.0,1
1807,11515,2012-07-02 02:36:00,2012.07.02_02:36:00_TAI,1,2.7704213e-05,1.0,1.0,1
1807,11515,2012-07-02 03:00:00,2012.07.02_03:00:00_TAI,1,2.9895426e-05,1.0,1.0,1
1807,11515,2012-07-02 03:48:00,2012.07.02_03:48:00_TAI,1,5.0945087e-05,1.0,1.0,1
1807,11515,2012-07-02 04:36:00,2012.07.02_04:36:00_TAI,1,0.00014973714,1.0,1.0,1
1807,11515,2012-07-02 05:00:00,2012.07.02_05:00:00_TAI,1,0.00017023577,1.0,1.0,1
1807,11515,2012-07-02 05:12:00,2012.07.02_05:12:00_TAI,1,0.00013737389,1.0,1.0,1
1807,11515,2012-07-02 05:48:00,2012.07.02_05:48:00_TAI,1,0.00015442094,1.0,1.0,1
1807,11515,2012-07-02 06:36:00,2012.07.02_06:36:00_TAI,1,0.00023482619,1.0,1.0,1
1807,11515,2012-07-02 09:36:00,2012.07.02_09:36:00_TAI,1,0.0007917314,0.9999995,0.9999995,1
1807,11515,2012-07-02 09:48:00,2012.07.02_09:48:00_TAI,1,0.00058455014,0.99999917,0.99999917,1
1807,11515,2012-07-02 10:00:00,2012.07.02_10:00:00_TAI,1,0.0005653794,0.9999988,0.9999988,1
1806,11513,2012-07-02 10:24:00,2012.07.02_10:24:00_TAI,0,0.00012315008,0.6690224,0.6690224,1
1807,11515,2012-07-02 11:12:00,2012.07.02_11:12:00_TAI,1,0.0005982781,0.99999976,0.99999976,1
1807,11515,2012-07-02 12:00:00,2012.07.02_12:00:00_TAI,1,0.0008570607,0.99999857,0.99999857,1
1807,11515,2012-07-02 12:48:00,2012.07.02_12:48:00_TAI,1,0.0013057286,0.9999963,0.9999963,1
1807,11515,2012-07-02 13:00:00,2012.07.02_13:00:00_TAI,1,0.0013579541,0.9999982,0.9999982,1
1807,11515,2012-07-02 13:48:00,2012.07.02_13:48:00_TAI,1,0.0010757543,0.9999999,0.9999999,1
1807,11515,2012-07-02 14:00:00,2012.07.02_14:00:00_TAI,1,0.0021562541,0.9999999,0.9999999,1
1807,11515,2012-07-02 14:12:00,2012.07.02_14:12:00_TAI,1,0.002272189,1.0,1.0,1
1807,11515,2012-07-02 14:48:00,2012.07.02_14:48:00_TAI,1,0.003634239,1.0,1.0,1
1806,11513,2012-07-02 15:12:00,2012.07.02_15:12:00_TAI,1,7.1793416e-05,0.5881648,0.5881648,1
1807,11515,2012-07-02 16:00:00,2012.07.02_16:00:00_TAI,1,0.0017861496,0.9999999,0.9999999,1
1806,11513,2012-07-02 16:24:00,2012.07.02_16:24:00_TAI,1,2.5802781e-05,0.49948615,0.49948615,1
1806,11513,2012-07-02 16:36:00,2012.07.02_16:36:00_TAI,1,3.5934867e-05,0.55736786,0.55736786,1
1795,11512,2012-07-02 16:48:00,2012.07.02_16:48:00_TAI,0,0.00066429883,0.08448081,0.08448081,0
1807,11515,2012-07-02 17:24:00,2012.07.02_17:24:00_TAI,1,0.0005536695,0.9999993,0.9999993,1
1806,11513,2012-07-02 18:00:00,2012.07.02_18:00:00_TAI,1,2.9614877e-05,0.8062581,0.8062581,1
1806,11513,2012-07-02 18:24:00,2012.07.02_18:24:00_TAI,1,4.691716e-05,0.72227067,0.72227067,1
1806,11513,2012-07-02 19:00:00,2012.07.02_19:00:00_TAI,1,2.6704161e-05,0.6148449,0.6148449,1
1807,11515,2012-07-02 19:00:00,2012.07.02_19:00:00_TAI,1,0.00021627395,0.99999976,0.99999976,1
1806,11513,2012-07-02 19:12:00,2012.07.02_19:12:00_TAI,1,3.650004e-05,0.4548661,0.4548661,0
1806,11513,2012-07-02 19:36:00,2012.07.02_19:36:00_TAI,1,3.9961316e-05,0.43489,0.43489,0
1807,11515,2012-07-02 20:00:00,2012.07.02_20:00:00_TAI,1,0.00016989831,0.99999976,0.99999976,1
1807,11515,2012-07-02 20:12:00,2012.07.02_20:12:00_TAI,1,0.00024311416,0.9999999,0.9999999,1
1806,11513,2012-07-02 20:12:00,2012.07.02_20:12:00_TAI,1,0.00011810026,0.31721762,0.31721762,0
1807,11515,2012-07-02 20:24:00,2012.07.02_20:24:00_TAI,1,6.358528e-05,1.0,1.0,1
1806,11513,2012-07-02 20:36:00,2012.07.02_20:36:00_TAI,1,0.00011462823,0.40204662,0.40204662,0
1807,11515,2012-07-02 20:48:00,2012.07.02_20:48:00_TAI,1,2.4998777e-05,1.0,1.0,1
1806,11513,2012-07-02 20:48:00,2012.07.02_20:48:00_TAI,1,0.00011879556,0.3091757,0.3091757,0
1806,11513,2012-07-02 21:24:00,2012.07.02_21:24:00_TAI,1,8.344518e-05,0.21063042,0.21063042,0
1807,11515,2012-07-02 22:24:00,2012.07.02_22:24:00_TAI,1,1.6954156e-05,1.0,1.0,1
1806,11513,2012-07-02 23:36:00,2012.07.02_23:36:00_TAI,1,8.293904e-05,0.5450251,0.5450251,1
1807,11515,2012-07-03 00:00:00,2012.07.03_00:00:00_TAI,1,7.10754e-06,0.9999999,0.9999999,1
1807,11515,2012-07-03 00:24:00,2012.07.03_00:24:00_TAI,1,7.757225e-06,1.0,1.0,1
1807,11515,2012-07-03 01:24:00,2012.07.03_01:24:00_TAI,1,2.122104e-05,1.0,1.0,1
1807,11515,2012-07-03 02:00:00,2012.07.03_02:00:00_TAI,1,2.731451e-05,0.9999999,0.9999999,1
1806,11513,2012-07-03 02:24:00,2012.07.03_02:24:00_TAI,1,5.897514e-05,0.8320315,0.8320315,1
1806,11513,2012-07-03 02:36:00,2012.07.03_02:36:00_TAI,1,5.3383043e-05,0.7751951,0.7751951,1
1807,11515,2012-07-03 02:36:00,2012.07.03_02:36:00_TAI,1,3.0604384e-05,0.99999964,0.99999964,1
1806,11513,2012-07-03 02:48:00,2012.07.03_02:48:00_TAI,1,5.2413714e-05,0.71385115,0.71385115,1
1807,11515,2012-07-03 03:24:00,2012.07.03_03:24:00_TAI,1,3.103818e-05,0.9999989,0.9999989,1
1806,11513,2012-07-03 04:12:00,2012.07.03_04:12:00_TAI,1,6.018007e-05,0.388538,0.388538,0
1807,11515,2012-07-03 04:24:00,2012.07.03_04:24:00_TAI,1,0.00010420667,0.9999993,0.9999993,1
1806,11513,2012-07-03 04:36:00,2012.07.03_04:36:00_TAI,1,9.673351e-05,0.5143001,0.5143001,1
1807,11515,2012-07-03 04:48:00,2012.07.03_04:48:00_TAI,1,7.914386e-05,0.9999995,0.9999995,1
1806,11513,2012-07-03 05:24:00,2012.07.03_05:24:00_TAI,1,0.00065475714,0.5831276,0.5831276,1
1807,11515,2012-07-03 05:24:00,2012.07.03_05:24:00_TAI,1,8.263085e-05,0.9999999,0.9999999,1
1807,11515,2012-07-03 05:48:00,2012.07.03_05:48:00_TAI,1,4.9492024e-05,0.99999976,0.99999976,1
1807,11515,2012-07-03 06:12:00,2012.07.03_06:12:00_TAI,1,3.3885837e-05,0.9999989,0.9999989,1
1807,11515,2012-07-03 06:36:00,2012.07.03_06:36:00_TAI,1,3.8325772e-05,0.9999999,0.9999999,1
1807,11515,2012-07-03 07:00:00,2012.07.03_07:00:00_TAI,1,4.64861e-05,0.9999995,0.9999995,1
1807,11515,2012-07-03 07:36:00,2012.07.03_07:36:00_TAI,1,0.00012772337,0.99999976,0.99999976,1
1807,11515,2012-07-03 07:48:00,2012.07.03_07:48:00_TAI,1,5.1495466e-05,0.9999987,0.9999987,1
1806,11513,2012-07-03 08:36:00,2012.07.03_08:36:00_TAI,1,0.000118808704,0.32248414,0.32248414,0
1832,11518,2012-07-03 08:48:00,2012.07.03_08:48:00_TAI,0,0.0011838508,0.38896713,0.38896713,0
1807,11515,2012-07-03 09:24:00,2012.07.03_09:24:00_TAI,1,9.3124705e-05,0.99999464,0.99999464,1
1807,11515,2012-07-03 11:00:00,2012.07.03_11:00:00_TAI,1,1.8859242e-05,0.9999548,0.9999548,1
1807,11515,2012-07-03 11:36:00,2012.07.03_11:36:00_TAI,1,1.7109433e-05,0.9999329,0.9999329,1
1806,11513,2012-07-03 11:48:00,2012.07.03_11:48:00_TAI,1,0.0008789184,0.45224297,0.45224297,0
1807,11515,2012-07-03 12:12:00,2012.07.03_12:12:00_TAI,1,9.024989e-06,0.99999774,0.99999774,1
1807,11515,2012-07-03 12:24:00,2012.07.03_12:24:00_TAI,1,1.0635763e-05,0.9999962,0.9999962,1
1806,11513,2012-07-03 12:24:00,2012.07.03_12:24:00_TAI,1,0.00088509487,0.43777177,0.43777177,0
1807,11515,2012-07-03 12:36:00,2012.07.03_12:36:00_TAI,1,1.0485542e-05,0.9999968,0.9999968,1
1806,11513,2012-07-03 12:36:00,2012.07.03_12:36:00_TAI,1,0.00075563707,0.46322924,0.46322924,0
1806,11513,2012-07-03 13:00:00,2012.07.03_13:00:00_TAI,1,0.000531281,0.3359282,0.3359282,0
1807,11515,2012-07-03 13:48:00,2012.07.03_13:48:00_TAI,1,9.497593e-06,0.9999758,0.9999758,1
1806,11513,2012-07-03 14:00:00,2012.07.03_14:00:00_TAI,1,0.00015959342,0.4945116,0.4945116,1
1807,11515,2012-07-03 14:24:00,2012.07.03_14:24:00_TAI,1,1.0516877e-05,0.99996245,0.99996245,1
1806,11513,2012-07-03 14:36:00,2012.07.03_14:36:00_TAI,1,9.544194e-05,0.45082495,0.45082495,0
1807,11515,2012-07-03 14:48:00,2012.07.03_14:48:00_TAI,1,1.2129805e-05,0.99994147,0.99994147,1
1807,11515,2012-07-03 15:00:00,2012.07.03_15:00:00_TAI,1,1.1617143e-05,0.99990284,0.99990284,1
1806,11513,2012-07-03 15:24:00,2012.07.03_15:24:00_TAI,1,3.4953817e-05,0.48873088,0.48873088,1
1806,11513,2012-07-03 16:36:00,2012.07.03_16:36:00_TAI,1,3.8787624e-05,0.53867304,0.53867304,1
1832,11518,2012-07-03 17:12:00,2012.07.03_17:12:00_TAI,0,0.004103445,0.90591997,0.90591997,1
1806,11513,2012-07-03 17:48:00,2012.07.03_17:48:00_TAI,1,5.7032597e-05,0.42933375,0.42933375,0
1806,11513,2012-07-03 18:00:00,2012.07.03_18:00:00_TAI,1,6.427319e-05,0.44759208,0.44759208,0
1807,11515,2012-07-03 19:12:00,2012.07.03_19:12:00_TAI,1,4.69802e-05,0.9999726,0.9999726,1
1806,11513,2012-07-03 19:48:00,2012.07.03_19:48:00_TAI,1,0.0003688749,0.35850552,0.35850552,0
1807,11515,2012-07-03 20:36:00,2012.07.03_20:36:00_TAI,1,0.00017687984,0.99999964,0.99999964,1
1807,11515,2012-07-03 21:36:00,2012.07.03_21:36:00_TAI,1,0.0001036593,0.9999995,0.9999995,1
1807,11515,2012-07-03 21:48:00,2012.07.03_21:48:00_TAI,1,6.7570654e-05,0.9999999,0.9999999,1
1807,11515,2012-07-03 22:00:00,2012.07.03_22:00:00_TAI,1,7.668555e-06,0.9999993,0.9999993,1
1806,11513,2012-07-03 22:36:00,2012.07.03_22:36:00_TAI,1,0.00019710345,0.23109259,0.23109259,0
1806,11513,2012-07-03 23:00:00,2012.07.03_23:00:00_TAI,1,5.0764873e-05,0.22748758,0.22748758,0
1806,11513,2012-07-03 23:24:00,2012.07.03_23:24:00_TAI,1,3.6177e-05,0.25024596,0.25024596,0
1806,11513,2012-07-03 23:36:00,2012.07.03_23:36:00_TAI,1,3.0494291e-05,0.23245321,0.23245321,0
1806,11513,2012-07-04 00:12:00,2012.07.04_00:12:00_TAI,1,3.2615186e-05,0.29295486,0.29295486,0
1807,11515,2012-07-04 00:12:00,2012.07.04_00:12:00_TAI,1,0.00012553272,1.0,1.0,1
1807,11515,2012-07-04 00:36:00,2012.07.04_00:36:00_TAI,1,0.00020257977,0.9999995,0.9999995,1
1806,11513,2012-07-04 00:48:00,2012.07.04_00:48:00_TAI,1,3.0653424e-05,0.2655571,0.2655571,0
1806,11513,2012-07-04 01:00:00,2012.07.04_01:00:00_TAI,1,2.9723327e-05,0.28954047,0.28954047,0
1807,11515,2012-07-04 01:00:00,2012.07.04_01:00:00_TAI,1,0.00010585872,1.0,1.0,1
1807,11515,2012-07-04 01:12:00,2012.07.04_01:12:00_TAI,1,7.2491406e-05,1.0,1.0,1
1806,11513,2012-07-04 01:36:00,2012.07.04_01:36:00_TAI,1,3.2487602e-05,0.29896864,0.29896864,0
1806,11513,2012-07-04 02:00:00,2012.07.04_02:00:00_TAI,1,4.240548e-05,0.5278247,0.5278247,1
1806,11513,2012-07-04 02:36:00,2012.07.04_02:36:00_TAI,1,5.0187304e-05,0.4301177,0.4301177,0
1806,11513,2012-07-04 04:00:00,2012.07.04_04:00:00_TAI,1,9.770096e-05,0.19222976,0.19222976,0
1806,11513,2012-07-04 04:12:00,2012.07.04_04:12:00_TAI,1,0.00010713655,0.22257607,0.22257607,0
1806,11513,2012-07-04 04:48:00,2012.07.04_04:48:00_TAI,1,0.00014805855,0.32843736,0.32843736,0
1807,11515,2012-07-04 05:00:00,2012.07.04_05:00:00_TAI,1,0.00026525636,0.99999976,0.99999976,1
1806,11513,2012-07-04 05:00:00,2012.07.04_05:00:00_TAI,1,0.00023161531,0.46942368,0.46942368,0
1806,11513,2012-07-04 05:12:00,2012.07.04_05:12:00_TAI,1,0.00026539774,0.41244066,0.41244066,0
1806,11513,2012-07-04 06:00:00,2012.07.04_06:00:00_TAI,1,0.0005359897,0.23269588,0.23269588,0
1806,11513,2012-07-04 06:24:00,2012.07.04_06:24:00_TAI,1,0.00037891304,0.18499552,0.18499552,0
1806,11513,2012-07-04 07:12:00,2012.07.04_07:12:00_TAI,1,0.0019773524,0.36152962,0.36152962,0
1832,11518,2012-07-04 07:12:00,2012.07.04_07:12:00_TAI,0,8.854323e-06,0.31925386,0.31925386,0
1807,11515,2012-07-04 07:12:00,2012.07.04_07:12:00_TAI,1,0.00010972967,1.0,1.0,1
1807,11515,2012-07-04 08:48:00,2012.07.04_08:48:00_TAI,1,0.0001137083,0.99999976,0.99999976,1
1795,11512,2012-07-04 09:12:00,2012.07.04_09:12:00_TAI,0,4.9699036e-05,0.17149095,0.17149095,0
1807,11515,2012-07-04 09:12:00,2012.07.04_09:12:00_TAI,1,9.542748e-05,0.99999976,0.99999976,1
1806,11513,2012-07-04 09:24:00,2012.07.04_09:24:00_TAI,1,5.662712e-05,0.5592818,0.5592818,1
1807,11515,2012-07-04 09:36:00,2012.07.04_09:36:00_TAI,1,0.0001275942,0.9999995,0.9999995,1
1807,11515,2012-07-04 10:00:00,2012.07.04_10:00:00_TAI,1,0.00014618575,0.9999999,0.9999999,1
1807,11515,2012-07-04 10:12:00,2012.07.04_10:12:00_TAI,1,0.00015517889,1.0,1.0,1
1807,11515,2012-07-04 10:36:00,2012.07.04_10:36:00_TAI,1,0.00016291464,1.0,1.0,1
1807,11515,2012-07-04 11:00:00,2012.07.04_11:00:00_TAI,1,9.20303e-05,1.0,1.0,1
1807,11515,2012-07-04 11:12:00,2012.07.04_11:12:00_TAI,1,0.000106893065,1.0,1.0,1
1807,11515,2012-07-04 11:24:00,2012.07.04_11:24:00_TAI,1,5.512285e-05,1.0,1.0,1
1806,11513,2012-07-04 11:36:00,2012.07.04_11:36:00_TAI,1,0.00015425141,0.2975944,0.2975944,0
1807,11515,2012-07-04 11:36:00,2012.07.04_11:36:00_TAI,1,5.4097734e-05,0.9999999,0.9999999,1
1807,11515,2012-07-04 11:48:00,2012.07.04_11:48:00_TAI,1,8.527703e-05,1.0,1.0,1
1806,11513,2012-07-04 12:24:00,2012.07.04_12:24:00_TAI,1,0.00015593982,0.20562176,0.20562176,0
1807,11515,2012-07-04 13:00:00,2012.07.04_13:00:00_TAI,1,6.182923e-05,0.9999999,0.9999999,1
1806,11513,2012-07-04 14:36:00,2012.07.04_14:36:00_TAI,1,0.000103001395,0.13688572,0.13688572,0
1807,11515,2012-07-04 14:36:00,2012.07.04_14:36:00_TAI,1,0.0002406688,0.99999046,0.99999046,1
1806,11513,2012-07-04 15:00:00,2012.07.04_15:00:00_TAI,1,0.00012299082,0.13049534,0.13049534,0
1806,11513,2012-07-04 15:24:00,2012.07.04_15:24:00_TAI,1,0.000113076516,0.18522252,0.18522252,0
1806,11513,2012-07-04 15:36:00,2012.07.04_15:36:00_TAI,1,0.00010471149,0.17643687,0.17643687,0
1806,11513,2012-07-04 16:00:00,2012.07.04_16:00:00_TAI,1,8.5985565e-05,0.23736332,0.23736332,0
1807,11515,2012-07-04 17:24:00,2012.07.04_17:24:00_TAI,1,0.00036507493,0.99994946,0.99994946,1
1807,11515,2012-07-04 17:48:00,2012.07.04_17:48:00_TAI,1,0.00042549134,0.9999763,0.9999763,1
1832,11518,2012-07-04 18:12:00,2012.07.04_18:12:00_TAI,0,5.6778903e-05,0.56862754,0.56862754,1
1807,11515,2012-07-04 18:48:00,2012.07.04_18:48:00_TAI,1,0.0005469674,0.99997425,0.99997425,1
1807,11515,2012-07-04 19:36:00,2012.07.04_19:36:00_TAI,1,0.00049114006,0.9999901,0.9999901,1
1807,11515,2012-07-04 20:48:00,2012.07.04_20:48:00_TAI,1,0.00049053814,0.9999932,0.9999932,1
1807,11515,2012-07-04 21:00:00,2012.07.04_21:00:00_TAI,1,0.0005026301,0.9999925,0.9999925,1
1807,11515,2012-07-04 21:24:00,2012.07.04_21:24:00_TAI,1,0.00065412535,0.9999896,0.9999896,1
1807,11515,2012-07-04 22:24:00,2012.07.04_22:24:00_TAI,1,0.0008512167,0.99999833,0.99999833,1
1832,11518,2012-07-05 00:00:00,2012.07.05_00:00:00_TAI,0,1.558653e-05,0.6660151,0.6660151,1
1807,11515,2012-07-05 00:36:00,2012.07.05_00:36:00_TAI,1,0.00043428736,0.99999964,0.99999964,1
1807,11515,2012-07-05 01:24:00,2012.07.05_01:24:00_TAI,1,0.00037646433,0.99999976,0.99999976,1
1807,11515,2012-07-05 01:36:00,2012.07.05_01:36:00_TAI,1,0.0005452995,0.99999976,0.99999976,1
1807,11515,2012-07-05 02:00:00,2012.07.05_02:00:00_TAI,1,0.00065035804,0.9999999,0.9999999,1
1795,11512,2012-07-05 02:00:00,2012.07.05_02:00:00_TAI,0,0.00010244043,0.8562609,0.8562609,1
1807,11515,2012-07-05 03:00:00,2012.07.05_03:00:00_TAI,1,0.0004619164,1.0,1.0,1
1832,11518,2012-07-05 03:48:00,2012.07.05_03:48:00_TAI,0,7.6740136e-05,0.8388479,0.8388479,1
1807,11515,2012-07-05 04:12:00,2012.07.05_04:12:00_TAI,1,0.0002133236,0.9999999,0.9999999,1
1807,11515,2012-07-05 05:00:00,2012.07.05_05:00:00_TAI,1,0.00040080075,0.99999964,0.99999964,1
1807,11515,2012-07-05 05:36:00,2012.07.05_05:36:00_TAI,1,0.0011653507,0.99999976,0.99999976,1
1807,11515,2012-07-05 06:00:00,2012.07.05_06:00:00_TAI,1,0.00097159925,0.9999994,0.9999994,1
1807,11515,2012-07-05 06:12:00,2012.07.05_06:12:00_TAI,1,0.0012616989,0.9999993,0.9999993,1
1807,11515,2012-07-05 06:36:00,2012.07.05_06:36:00_TAI,1,0.0011262364,0.9999989,0.9999989,1
1807,11515,2012-07-05 07:00:00,2012.07.05_07:00:00_TAI,1,0.0006817605,0.9999995,0.9999995,1
1807,11515,2012-07-05 08:00:00,2012.07.05_08:00:00_TAI,1,0.00017950726,1.0,1.0,1
1807,11515,2012-07-05 08:24:00,2012.07.05_08:24:00_TAI,1,0.00012877458,1.0,1.0,1
1807,11515,2012-07-05 09:12:00,2012.07.05_09:12:00_TAI,1,6.928933e-05,1.0,1.0,1
1807,11515,2012-07-05 09:24:00,2012.07.05_09:24:00_TAI,1,0.0005597595,1.0,1.0,1
1807,11515,2012-07-05 10:24:00,2012.07.05_10:24:00_TAI,1,0.00049878185,1.0,1.0,1
1807,11515,2012-07-05 11:00:00,2012.07.05_11:00:00_TAI,1,0.00017944051,1.0,1.0,1
1807,11515,2012-07-05 11:24:00,2012.07.05_11:24:00_TAI,1,0.00017560722,1.0,1.0,1
1807,11515,2012-07-05 12:00:00,2012.07.05_12:00:00_TAI,1,0.00018455688,1.0,1.0,1
1807,11515,2012-07-05 12:24:00,2012.07.05_12:24:00_TAI,1,0.00017156468,1.0,1.0,1
1807,11515,2012-07-05 13:24:00,2012.07.05_13:24:00_TAI,1,0.00027159238,1.0,1.0,1
1807,11515,2012-07-05 13:36:00,2012.07.05_13:36:00_TAI,1,0.00028430644,1.0,1.0,1
1806,11513,2012-07-05 13:36:00,2012.07.05_13:36:00_TAI,0,6.3342835e-05,0.31189135,0.31189135,0
1807,11515,2012-07-05 13:48:00,2012.07.05_13:48:00_TAI,1,0.00025681,1.0,1.0,1
1807,11515,2012-07-05 14:00:00,2012.07.05_14:00:00_TAI,1,0.00021901939,1.0,1.0,1
1807,11515,2012-07-05 14:36:00,2012.07.05_14:36:00_TAI,1,0.00011526054,1.0,1.0,1
1807,11515,2012-07-05 15:00:00,2012.07.05_15:00:00_TAI,1,0.00010884293,1.0,1.0,1
1807,11515,2012-07-05 16:24:00,2012.07.05_16:24:00_TAI,1,2.6764073e-05,1.0,1.0,1
1807,11515,2012-07-05 16:36:00,2012.07.05_16:36:00_TAI,1,2.952706e-05,1.0,1.0,1
1807,11515,2012-07-05 17:36:00,2012.07.05_17:36:00_TAI,1,3.5788293e-05,1.0,1.0,1
1807,11515,2012-07-05 17:48:00,2012.07.05_17:48:00_TAI,1,1.4406967e-05,1.0,1.0,1
1807,11515,2012-07-05 18:00:00,2012.07.05_18:00:00_TAI,1,3.8165585e-05,1.0,1.0,1
1807,11515,2012-07-05 18:36:00,2012.07.05_18:36:00_TAI,1,1.9529125e-05,1.0,1.0,1
1807,11515,2012-07-05 19:12:00,2012.07.05_19:12:00_TAI,1,1.1618794e-05,1.0,1.0,1
1807,11515,2012-07-05 19:24:00,2012.07.05_19:24:00_TAI,1,9.125547e-06,0.9999999,0.9999999,1
1807,11515,2012-07-05 20:12:00,2012.07.05_20:12:00_TAI,1,2.0766527e-05,1.0,1.0,1
1807,11515,2012-07-05 22:24:00,2012.07.05_22:24:00_TAI,1,2.0227604e-05,1.0,1.0,1
1807,11515,2012-07-05 23:24:00,2012.07.05_23:24:00_TAI,1,4.479887e-05,1.0,1.0,1
1832,11518,2012-07-06 00:00:00,2012.07.06_00:00:00_TAI,0,0.00027285144,0.18113466,0.18113466,0
1807,11515,2012-07-06 01:00:00,2012.07.06_01:00:00_TAI,1,7.9542515e-05,1.0,1.0,1
1807,11515,2012-07-06 02:12:00,2012.07.06_02:12:00_TAI,1,8.292963e-05,1.0,1.0,1
1807,11515,2012-07-06 02:36:00,2012.07.06_02:36:00_TAI,1,0.000113120084,1.0,1.0,1
1806,11513,2012-07-06 02:48:00,2012.07.06_02:48:00_TAI,0,0.00042494838,0.116538264,0.116538264,0
1807,11515,2012-07-06 03:36:00,2012.07.06_03:36:00_TAI,1,4.385298e-05,1.0,1.0,1
1807,11515,2012-07-06 03:48:00,2012.07.06_03:48:00_TAI,1,5.031535e-05,1.0,1.0,1
1807,11515,2012-07-06 04:36:00,2012.07.06_04:36:00_TAI,1,5.780491e-05,1.0,1.0,1
1807,11515,2012-07-06 04:48:00,2012.07.06_04:48:00_TAI,1,5.1983538e-05,1.0,1.0,1
1807,11515,2012-07-06 05:24:00,2012.07.06_05:24:00_TAI,1,6.600007e-05,1.0,1.0,1
1807,11515,2012-07-06 06:24:00,2012.07.06_06:24:00_TAI,1,6.175505e-05,1.0,1.0,1
1832,11518,2012-07-06 07:48:00,2012.07.06_07:48:00_TAI,0,0.00016169605,0.35766312,0.35766312,0
1807,11515,2012-07-06 08:12:00,2012.07.06_08:12:00_TAI,1,4.8865004e-05,1.0,1.0,1
1807,11515,2012-07-06 08:48:00,2012.07.06_08:48:00_TAI,1,4.725771e-05,1.0,1.0,1
1807,11515,2012-07-06 09:12:00,2012.07.06_09:12:00_TAI,1,7.6460805e-05,1.0,1.0,1
1807,11515,2012-07-06 10:00:00,2012.07.06_10:00:00_TAI,1,0.00019166691,1.0,1.0,1
1807,11515,2012-07-06 10:36:00,2012.07.06_10:36:00_TAI,1,0.00022532546,1.0,1.0,1
1807,11515,2012-07-06 11:24:00,2012.07.06_11:24:00_TAI,1,0.00020207741,1.0,1.0,1
1807,11515,2012-07-06 12:24:00,2012.07.06_12:24:00_TAI,1,0.00010853822,1.0,1.0,1
1807,11515,2012-07-06 13:12:00,2012.07.06_13:12:00_TAI,1,5.15532e-05,1.0,1.0,1
1832,11518,2012-07-06 13:24:00,2012.07.06_13:24:00_TAI,0,0.000102617094,0.16295986,0.16295986,0
1807,11515,2012-07-06 14:00:00,2012.07.06_14:00:00_TAI,1,5.7084013e-05,1.0,1.0,1
1807,11515,2012-07-06 14:12:00,2012.07.06_14:12:00_TAI,1,0.00018834903,1.0,1.0,1
1807,11515,2012-07-06 14:48:00,2012.07.06_14:48:00_TAI,1,6.0051367e-05,1.0,1.0,1
1807,11515,2012-07-06 16:00:00,2012.07.06_16:00:00_TAI,1,9.0096255e-05,1.0,1.0,1
1807,11515,2012-07-06 16:24:00,2012.07.06_16:24:00_TAI,1,3.226459e-05,1.0,1.0,1
1807,11515,2012-07-06 16:48:00,2012.07.06_16:48:00_TAI,1,3.5991798e-05,1.0,1.0,1
1807,11515,2012-07-06 17:00:00,2012.07.06_17:00:00_TAI,1,0.00014064135,1.0,1.0,1
1807,11515,2012-07-06 17:12:00,2012.07.06_17:12:00_TAI,1,3.0284758e-05,1.0,1.0,1
1807,11515,2012-07-06 18:00:00,2012.07.06_18:00:00_TAI,1,1.0836e-05,1.0,1.0,1
1807,11515,2012-07-06 18:36:00,2012.07.06_18:36:00_TAI,1,7.649134e-06,1.0,1.0,1
1807,11515,2012-07-06 20:00:00,2012.07.06_20:00:00_TAI,1,2.9461891e-05,1.0,1.0,1
1807,11515,2012-07-06 20:24:00,2012.07.06_20:24:00_TAI,1,5.8057376e-05,1.0,1.0,1
1807,11515,2012-07-06 20:36:00,2012.07.06_20:36:00_TAI,1,4.660088e-05,1.0,1.0,1
1844,11522,2012-07-06 21:12:00,2012.07.06_21:12:00_TAI,0,0.00067057286,0.025888214,0.025888214,0
1807,11515,2012-07-06 21:48:00,2012.07.06_21:48:00_TAI,1,2.3873416e-05,1.0,1.0,1
1807,11515,2012-07-06 22:24:00,2012.07.06_22:24:00_TAI,1,2.879683e-05,1.0,1.0,1
1807,11515,2012-07-06 23:12:00,2012.07.06_23:12:00_TAI,1,5.1701045e-05,1.0,1.0,1
1806,11513,2012-07-07 00:00:00,2012.07.07_00:00:00_TAI,1,8.613796e-05,0.029714588,0.029714588,0
1806,11513,2012-07-07 00:36:00,2012.07.07_00:36:00_TAI,1,6.836515e-05,0.019502295,0.019502295,0
1807,11515,2012-07-07 01:12:00,2012.07.07_01:12:00_TAI,1,4.478008e-05,1.0,1.0,1
1806,11513,2012-07-07 01:48:00,2012.07.07_01:48:00_TAI,1,0.00018561806,0.021084763,0.021084763,0
1807,11515,2012-07-07 01:48:00,2012.07.07_01:48:00_TAI,1,9.369335e-05,1.0,1.0,1
1807,11515,2012-07-07 02:00:00,2012.07.07_02:00:00_TAI,1,8.094749e-05,1.0,1.0,1
1806,11513,2012-07-07 03:24:00,2012.07.07_03:24:00_TAI,1,0.00017892933,0.032736406,0.032736406,0
1806,11513,2012-07-07 03:36:00,2012.07.07_03:36:00_TAI,1,0.00016334535,0.02306549,0.02306549,0
1806,11513,2012-07-07 04:36:00,2012.07.07_04:36:00_TAI,1,0.00024248935,0.060006175,0.060006175,0
1806,11513,2012-07-07 04:48:00,2012.07.07_04:48:00_TAI,1,0.00013105954,0.03438345,0.03438345,0
1807,11515,2012-07-07 05:12:00,2012.07.07_05:12:00_TAI,1,3.252412e-05,1.0,1.0,1
1806,11513,2012-07-07 05:36:00,2012.07.07_05:36:00_TAI,1,0.00025823773,0.033882644,0.033882644,0
1807,11515,2012-07-07 06:00:00,2012.07.07_06:00:00_TAI,1,1.6133117e-05,1.0,1.0,1
1806,11513,2012-07-07 06:48:00,2012.07.07_06:48:00_TAI,1,0.0008484242,0.052686527,0.052686527,0
1807,11515,2012-07-07 07:12:00,2012.07.07_07:12:00_TAI,1,7.535721e-05,1.0,1.0,1
1807,11515,2012-07-07 07:48:00,2012.07.07_07:48:00_TAI,1,0.00034879855,1.0,1.0,1
1807,11515,2012-07-07 08:12:00,2012.07.07_08:12:00_TAI,1,5.1991567e-05,1.0,1.0,1
1806,11513,2012-07-07 08:24:00,2012.07.07_08:24:00_TAI,1,0.00064966944,0.04648794,0.04648794,0
1806,11513,2012-07-07 09:12:00,2012.07.07_09:12:00_TAI,1,0.0002976626,0.043269712,0.043269712,0
1807,11515,2012-07-07 09:24:00,2012.07.07_09:24:00_TAI,1,8.0432874e-05,1.0,1.0,1
1807,11515,2012-07-07 09:36:00,2012.07.07_09:36:00_TAI,1,7.158293e-05,1.0,1.0,1
1806,11513,2012-07-07 10:00:00,2012.07.07_10:00:00_TAI,1,0.0001763768,0.03752095,0.03752095,0
1832,11518,2012-07-07 10:00:00,2012.07.07_10:00:00_TAI,0,0.0021140883,0.12137007,0.12137007,0
1807,11515,2012-07-07 10:00:00,2012.07.07_10:00:00_TAI,1,5.8830105e-05,1.0,1.0,1
1807,11515,2012-07-07 10:36:00,2012.07.07_10:36:00_TAI,1,6.779035e-05,1.0,1.0,1
1806,11513,2012-07-07 10:36:00,2012.07.07_10:36:00_TAI,1,0.0001023261,0.059351575,0.059351575,0
1806,11513,2012-07-07 11:00:00,2012.07.07_11:00:00_TAI,1,5.933691e-05,0.0493858,0.0493858,0
1806,11513,2012-07-07 11:24:00,2012.07.07_11:24:00_TAI,1,7.8103134e-05,0.04053622,0.04053622,0
1806,11513,2012-07-07 11:36:00,2012.07.07_11:36:00_TAI,1,9.820358e-05,0.0655893,0.0655893,0
1806,11513,2012-07-07 11:48:00,2012.07.07_11:48:00_TAI,1,0.00011964705,0.06958505,0.06958505,0
1807,11515,2012-07-07 12:00:00,2012.07.07_12:00:00_TAI,1,0.00010635146,1.0,1.0,1
1807,11515,2012-07-07 12:24:00,2012.07.07_12:24:00_TAI,1,0.00028748956,1.0,1.0,1
1806,11513,2012-07-07 12:48:00,2012.07.07_12:48:00_TAI,1,0.00012013441,0.041562602,0.041562602,0
1807,11515,2012-07-07 13:12:00,2012.07.07_13:12:00_TAI,1,0.0005843822,1.0,1.0,1
1806,11513,2012-07-07 14:00:00,2012.07.07_14:00:00_TAI,1,7.231748e-05,0.02239443,0.02239443,0
1807,11515,2012-07-07 14:00:00,2012.07.07_14:00:00_TAI,1,0.00022052182,1.0,1.0,1
1806,11513,2012-07-07 14:12:00,2012.07.07_14:12:00_TAI,1,6.0049995e-05,0.01077727,0.01077727,0
1807,11515,2012-07-07 14:24:00,2012.07.07_14:24:00_TAI,1,0.00061932905,1.0,1.0,1
1844,11522,2012-07-07 14:36:00,2012.07.07_14:36:00_TAI,0,2.6833613e-05,0.044833556,0.044833556,0
1807,11515,2012-07-07 14:48:00,2012.07.07_14:48:00_TAI,1,0.00048264334,1.0,1.0,1
1806,11513,2012-07-07 14:48:00,2012.07.07_14:48:00_TAI,1,9.552735e-05,0.022546219,0.022546219,0
1807,11515,2012-07-07 15:00:00,2012.07.07_15:00:00_TAI,1,0.00038563617,1.0,1.0,1
1807,11515,2012-07-07 16:12:00,2012.07.07_16:12:00_TAI,1,0.00024049608,1.0,1.0,1
1806,11513,2012-07-07 16:12:00,2012.07.07_16:12:00_TAI,1,8.379539e-05,0.04069879,0.04069879,0
1807,11515,2012-07-07 16:36:00,2012.07.07_16:36:00_TAI,1,0.00020065221,1.0,1.0,1
1807,11515,2012-07-07 17:00:00,2012.07.07_17:00:00_TAI,1,8.858883e-05,1.0,1.0,1
1807,11515,2012-07-07 17:24:00,2012.07.07_17:24:00_TAI,1,5.7090496e-05,1.0,1.0,1
1806,11513,2012-07-07 18:00:00,2012.07.07_18:00:00_TAI,1,0.00023122784,0.07490778,0.07490778,0
1806,11513,2012-07-07 18:48:00,2012.07.07_18:48:00_TAI,1,0.00024912585,0.050342906,0.050342906,0
1806,11513,2012-07-07 19:00:00,2012.07.07_19:00:00_TAI,1,0.00021564736,0.024871903,0.024871903,0
1807,11515,2012-07-07 19:00:00,2012.07.07_19:00:00_TAI,1,5.112882e-05,1.0,1.0,1
1807,11515,2012-07-07 20:00:00,2012.07.07_20:00:00_TAI,1,1.6827114e-05,1.0,1.0,1
1806,11513,2012-07-07 20:00:00,2012.07.07_20:00:00_TAI,1,7.884194e-05,0.018136583,0.018136583,0
1807,11515,2012-07-07 20:12:00,2012.07.07_20:12:00_TAI,1,4.9582773e-05,1.0,1.0,1
1806,11513,2012-07-07 20:24:00,2012.07.07_20:24:00_TAI,1,0.00021605012,0.034671508,0.034671508,0
1807,11515,2012-07-07 20:36:00,2012.07.07_20:36:00_TAI,1,6.968572e-05,1.0,1.0,1
1806,11513,2012-07-07 20:48:00,2012.07.07_20:48:00_TAI,1,3.7793474e-05,0.11177327,0.11177327,0
1806,11513,2012-07-07 21:00:00,2012.07.07_21:00:00_TAI,1,5.2518884e-05,0.06448965,0.06448965,0
1807,11515,2012-07-07 22:36:00,2012.07.07_22:36:00_TAI,1,3.193259e-05,1.0,1.0,1
1807,11515,2012-07-07 23:24:00,2012.07.07_23:24:00_TAI,1,2.4763585e-05,1.0,1.0,1
1806,11513,2012-07-07 23:48:00,2012.07.07_23:48:00_TAI,1,8.16656e-05,0.052321196,0.052321196,0
1807,11515,2012-07-08 00:12:00,2012.07.08_00:12:00_TAI,1,1.297879e-05,1.0,1.0,1
1807,11515,2012-07-08 00:24:00,2012.07.08_00:24:00_TAI,1,0.00012225256,1.0,1.0,1
1807,11515,2012-07-08 00:48:00,2012.07.08_00:48:00_TAI,1,1.7031114e-05,1.0,1.0,1
1807,11515,2012-07-08 02:12:00,2012.07.08_02:12:00_TAI,1,5.9854814e-05,1.0,1.0,1
1807,11515,2012-07-08 02:36:00,2012.07.08_02:36:00_TAI,1,3.4056502e-05,1.0,1.0,1
1807,11515,2012-07-08 03:12:00,2012.07.08_03:12:00_TAI,1,4.183136e-05,1.0,1.0,1
1807,11515,2012-07-08 04:12:00,2012.07.08_04:12:00_TAI,1,4.234373e-05,1.0,1.0,1
1807,11515,2012-07-08 04:36:00,2012.07.08_04:36:00_TAI,1,9.786683e-06,0.9999999,0.9999999,1
1807,11515,2012-07-08 05:00:00,2012.07.08_05:00:00_TAI,1,1.9924135e-05,1.0,1.0,1
1807,11515,2012-07-08 05:12:00,2012.07.08_05:12:00_TAI,1,1.0362414e-05,1.0,1.0,1
1807,11515,2012-07-08 05:24:00,2012.07.08_05:24:00_TAI,1,5.956701e-06,1.0,1.0,1
1807,11515,2012-07-08 05:36:00,2012.07.08_05:36:00_TAI,1,8.675145e-06,1.0,1.0,1
1807,11515,2012-07-08 07:12:00,2012.07.08_07:12:00_TAI,1,5.423202e-06,1.0,1.0,1
1807,11515,2012-07-08 08:12:00,2012.07.08_08:12:00_TAI,1,1.0617582e-05,1.0,1.0,1
1807,11515,2012-07-08 08:48:00,2012.07.08_08:48:00_TAI,1,9.441133e-06,1.0,1.0,1
1807,11515,2012-07-08 09:24:00,2012.07.08_09:24:00_TAI,1,8.605132e-06,1.0,1.0,1
1807,11515,2012-07-08 09:48:00,2012.07.08_09:48:00_TAI,1,6.839606e-06,0.99999607,0.99999607,1
1807,11515,2012-07-08 10:36:00,2012.07.08_10:36:00_TAI,1,4.1432522e-05,0.9999994,0.9999994,1
1807,11515,2012-07-08 11:48:00,2012.07.08_11:48:00_TAI,1,4.0858442e-05,0.9999789,0.9999789,1
1807,11515,2012-07-08 12:24:00,2012.07.08_12:24:00_TAI,1,1.5434427e-05,0.9999999,0.9999999,1
1844,11522,2012-07-08 12:24:00,2012.07.08_12:24:00_TAI,0,3.8412372e-06,0.07262304,0.07262304,0
1807,11515,2012-07-08 14:00:00,2012.07.08_14:00:00_TAI,1,4.9766142e-05,1.0,1.0,1
1807,11515,2012-07-08 15:36:00,2012.07.08_15:36:00_TAI,1,0.000109535,1.0,1.0,1
1807,11515,2012-07-08 15:48:00,2012.07.08_15:48:00_TAI,1,0.00010514304,1.0,1.0,1
1807,11515,2012-07-08 16:00:00,2012.07.08_16:00:00_TAI,1,5.234593e-05,1.0,1.0,1
1844,11522,2012-07-08 16:00:00,2012.07.08_16:00:00_TAI,0,2.6252515e-06,0.1511927,0.1511927,0
1807,11515,2012-07-08 16:48:00,2012.07.08_16:48:00_TAI,1,0.00041762978,1.0,1.0,1
1807,11515,2012-07-08 17:12:00,2012.07.08_17:12:00_TAI,1,0.00021784414,1.0,1.0,1
1807,11515,2012-07-08 18:12:00,2012.07.08_18:12:00_TAI,1,0.00021071502,1.0,1.0,1
1807,11515,2012-07-08 19:24:00,2012.07.08_19:24:00_TAI,1,6.2209874e-05,1.0,1.0,1
1807,11515,2012-07-08 21:12:00,2012.07.08_21:12:00_TAI,1,2.6708034e-05,1.0,1.0,1
1807,11515,2012-07-08 22:00:00,2012.07.08_22:00:00_TAI,1,3.52728e-05,1.0,1.0,1
1807,11515,2012-07-08 22:12:00,2012.07.08_22:12:00_TAI,1,6.727445e-05,1.0,1.0,1
1807,11515,2012-07-09 00:36:00,2012.07.09_00:36:00_TAI,1,0.00015526297,1.0,1.0,1
1807,11515,2012-07-09 01:48:00,2012.07.09_01:48:00_TAI,1,0.000373301,0.99996233,0.99996233,1
1807,11515,2012-07-09 02:36:00,2012.07.09_02:36:00_TAI,1,0.00021846253,0.9999957,0.9999957,1
1807,11515,2012-07-09 02:48:00,2012.07.09_02:48:00_TAI,1,0.00041067897,0.99996185,0.99996185,1
1807,11515,2012-07-09 03:00:00,2012.07.09_03:00:00_TAI,1,0.00016680811,0.9999887,0.9999887,1
1807,11515,2012-07-09 03:36:00,2012.07.09_03:36:00_TAI,1,0.00035646767,0.99996173,0.99996173,1
1807,11515,2012-07-09 04:12:00,2012.07.09_04:12:00_TAI,1,0.0003390675,1.0,1.0,1
1807,11515,2012-07-09 04:24:00,2012.07.09_04:24:00_TAI,1,0.00012464517,0.99999666,0.99999666,1
1807,11515,2012-07-09 05:00:00,2012.07.09_05:00:00_TAI,1,0.00010902086,1.0,1.0,1
1807,11515,2012-07-09 05:12:00,2012.07.09_05:12:00_TAI,1,0.00021288086,1.0,1.0,1
1807,11515,2012-07-09 05:24:00,2012.07.09_05:24:00_TAI,1,0.00023156783,0.9999963,0.9999963,1
1807,11515,2012-07-09 05:36:00,2012.07.09_05:36:00_TAI,1,0.00017974516,0.99999774,0.99999774,1
1807,11515,2012-07-09 06:36:00,2012.07.09_06:36:00_TAI,1,0.00048549633,0.9999994,0.9999994,1
1807,11515,2012-07-09 06:48:00,2012.07.09_06:48:00_TAI,1,0.0003340502,0.99991226,0.99991226,1
1807,11515,2012-07-09 07:00:00,2012.07.09_07:00:00_TAI,1,0.00022799025,0.99999475,0.99999475,1
1807,11515,2012-07-09 07:36:00,2012.07.09_07:36:00_TAI,1,0.00033476015,0.9999951,0.9999951,1
1807,11515,2012-07-09 11:00:00,2012.07.09_11:00:00_TAI,0,0.00025210282,0.9996424,0.9996424,1
1832,11518,2012-07-09 17:24:00,2012.07.09_17:24:00_TAI,0,6.957603e-06,0.540061,0.540061,1
1832,11518,2012-07-10 21:12:00,2012.07.10_21:12:00_TAI,0,0.0021259745,0.4662258,0.4662258,0
1863,11523,2012-07-10 23:12:00,2012.07.10_23:12:00_TAI,0,0.0007075375,0.014824398,0.014824398,0
1832,11518,2012-07-11 11:24:00,2012.07.11_11:24:00_TAI,0,0.00038843715,0.74341875,0.74341875,1
1863,11523,2012-07-11 15:36:00,2012.07.11_15:36:00_TAI,0,0.0011435907,0.0103163645,0.0103163645,0
1863,11523,2012-07-11 22:36:00,2012.07.11_22:36:00_TAI,0,0.0029660126,0.01113424,0.01113424,0
1863,11523,2012-07-12 21:00:00,2012.07.12_21:00:00_TAI,0,0.0010590935,0.84879535,0.84879535,1
1863,11523,2012-07-12 21:36:00,2012.07.12_21:36:00_TAI,0,0.0024722668,0.90278774,0.90278774,1
1832,11518,2012-07-13 01:12:00,2012.07.13_01:12:00_TAI,0,0.0005472122,0.45530432,0.45530432,0
1863,11523,2012-07-14 03:24:00,2012.07.14_03:24:00_TAI,0,0.003580112,0.7284078,0.7284078,1
1863,11523,2012-07-14 11:36:00,2012.07.14_11:36:00_TAI,0,0.004397041,0.9883078,0.9883078,1
1866,11524,2012-07-14 20:00:00,2012.07.14_20:00:00_TAI,0,0.002464023,0.8627108,0.8627108,1
1866,11524,2012-07-15 12:12:00,2012.07.15_12:12:00_TAI,0,0.0020048372,0.76320195,0.76320195,1
1866,11524,2012-07-15 15:48:00,2012.07.15_15:48:00_TAI,0,0.0009538284,0.664146,0.664146,1
1866,11524,2012-07-15 18:36:00,2012.07.15_18:36:00_TAI,0,0.0003673228,0.76203746,0.76203746,1
1866,11524,2012-07-15 18:48:00,2012.07.15_18:48:00_TAI,0,0.00028677096,0.7988265,0.7988265,1
1866,11524,2012-07-16 04:36:00,2012.07.16_04:36:00_TAI,0,0.0028885233,0.3024993,0.3024993,0
1863,11523,2012-07-16 07:36:00,2012.07.16_07:36:00_TAI,0,0.003122875,0.9269922,0.9269922,1
1866,11524,2012-07-16 13:12:00,2012.07.16_13:12:00_TAI,0,0.0030189566,0.040063668,0.040063668,0
1863,11523,2012-07-17 03:00:00,2012.07.17_03:00:00_TAI,0,0.00054489006,0.2696505,0.2696505,0
1866,11524,2012-07-17 07:24:00,2012.07.17_07:24:00_TAI,0,0.00304116,0.7087601,0.7087601,1
1866,11524,2012-07-18 11:12:00,2012.07.18_11:12:00_TAI,0,0.00017731146,0.07741289,0.07741289,0
1863,11523,2012-07-18 13:48:00,2012.07.18_13:48:00_TAI,0,0.0031267179,0.7426109,0.7426109,1
1866,11524,2012-07-18 17:00:00,2012.07.18_17:00:00_TAI,0,0.00020662077,0.0903175,0.0903175,0
1866,11524,2012-07-19 02:48:00,2012.07.19_02:48:00_TAI,0,0.0014016898,0.2646211,0.2646211,0
1873,11526,2012-07-19 05:48:00,2012.07.19_05:48:00_TAI,0,0.0011838508,0.8627108,0.8627108,1
1866,11524,2012-07-19 09:24:00,2012.07.19_09:24:00_TAI,0,0.00031486875,0.071162045,0.071162045,0
1873,11526,2012-07-19 10:24:00,2012.07.19_10:24:00_TAI,0,0.0011294376,0.8627108,0.8627108,1
1866,11524,2012-07-19 12:24:00,2012.07.19_12:24:00_TAI,0,0.00035346707,0.1164042,0.1164042,0
1873,11526,2012-07-19 14:12:00,2012.07.19_14:12:00_TAI,0,0.0029762364,0.7376009,0.7376009,1
1873,11526,2012-07-20 00:24:00,2012.07.20_00:24:00_TAI,0,0.00018827703,0.56897193,0.56897193,1
1873,11526,2012-07-20 01:00:00,2012.07.20_01:00:00_TAI,0,4.2881555e-05,0.8766927,0.8766927,1
1866,11524,2012-07-20 11:24:00,2012.07.20_11:24:00_TAI,0,0.0007848963,0.010971383,0.010971383,0
1866,11524,2012-07-20 17:36:00,2012.07.20_17:36:00_TAI,0,0.0011489481,0.08911891,0.08911891,0
1866,11524,2012-07-21 00:48:00,2012.07.21_00:48:00_TAI,0,0.0005010007,0.041856874,0.041856874,0
1866,11524,2012-07-21 04:12:00,2012.07.21_04:12:00_TAI,0,0.00043597017,0.14450984,0.14450984,0
1866,11524,2012-07-21 04:48:00,2012.07.21_04:48:00_TAI,0,0.00050023,0.2923681,0.2923681,0
1873,11526,2012-07-21 13:12:00,2012.07.21_13:12:00_TAI,0,0.00016016081,0.23813418,0.23813418,0
1877,11527,2012-07-21 15:24:00,2012.07.21_15:24:00_TAI,0,0.00089437654,0.8627108,0.8627108,1
1873,11526,2012-07-21 19:00:00,2012.07.21_19:00:00_TAI,0,5.6002023e-05,0.41575876,0.41575876,0
1873,11526,2012-07-22 06:00:00,2012.07.22_06:00:00_TAI,0,6.9643735e-05,0.9890063,0.9890063,1
1866,11524,2012-07-22 06:12:00,2012.07.22_06:12:00_TAI,0,0.0006186686,0.21577503,0.21577503,0
1866,11524,2012-07-22 07:00:00,2012.07.22_07:00:00_TAI,0,0.00096336147,0.2721475,0.2721475,0
1873,11526,2012-07-22 10:12:00,2012.07.22_10:12:00_TAI,0,0.0002763744,0.88050807,0.88050807,1
1873,11526,2012-07-22 10:24:00,2012.07.22_10:24:00_TAI,0,0.00027778244,0.9356193,0.9356193,1
1879,11532,2012-07-23 01:24:00,2012.07.23_01:24:00_TAI,0,4.302373e-05,0.8627108,0.8627108,1
1877,11527,2012-07-23 04:12:00,2012.07.23_04:12:00_TAI,0,0.0013239413,0.5786745,0.5786745,1
1877,11527,2012-07-23 08:12:00,2012.07.23_08:12:00_TAI,0,0.00019861267,0.6862508,0.6862508,1
1873,11526,2012-07-23 11:24:00,2012.07.23_11:24:00_TAI,0,9.737255e-05,0.71228236,0.71228236,1
1873,11526,2012-07-23 18:12:00,2012.07.23_18:12:00_TAI,0,0.0002412089,0.8299563,0.8299563,1
1879,11532,2012-07-23 20:24:00,2012.07.23_20:24:00_TAI,0,0.0002246418,0.8627108,0.8627108,1
1879,11532,2012-07-23 22:12:00,2012.07.23_22:12:00_TAI,0,0.00020930235,0.8627108,0.8627108,1
1866,11524,2012-07-24 04:00:00,2012.07.24_04:00:00_TAI,0,0.00030923096,0.017406898,0.017406898,0
1879,11532,2012-07-24 04:24:00,2012.07.24_04:24:00_TAI,0,0.0005541835,0.8627108,0.8627108,1
1877,11527,2012-07-24 05:48:00,2012.07.24_05:48:00_TAI,0,0.00022576738,0.11581083,0.11581083,0
1879,11532,2012-07-24 15:48:00,2012.07.24_15:48:00_TAI,0,0.00010593799,0.8627108,0.8627108,1
1873,11526,2012-07-24 16:24:00,2012.07.24_16:24:00_TAI,0,6.9177426e-05,0.3307319,0.3307319,0
1879,11532,2012-07-24 19:36:00,2012.07.24_19:36:00_TAI,0,0.0019507962,0.8627108,0.8627108,1
1866,11524,2012-07-24 23:48:00,2012.07.24_23:48:00_TAI,0,0.0010565016,0.04948226,0.04948226,0
1877,11527,2012-07-25 05:36:00,2012.07.25_05:36:00_TAI,0,0.0005481382,0.2771193,0.2771193,0
1873,11526,2012-07-25 19:00:00,2012.07.25_19:00:00_TAI,0,0.00036352474,0.91254735,0.91254735,1
1866,11524,2012-07-25 20:00:00,2012.07.25_20:00:00_TAI,0,5.861334e-05,0.018431623,0.018431623,0
1879,11532,2012-07-25 22:00:00,2012.07.25_22:00:00_TAI,0,0.0017886201,0.99242073,0.99242073,1
1893,11534,2012-07-25 22:36:00,2012.07.25_22:36:00_TAI,0,0.002464023,0.74103975,0.74103975,1
1877,11527,2012-07-26 03:24:00,2012.07.26_03:24:00_TAI,0,0.0014553505,0.06559138,0.06559138,0
1873,11526,2012-07-26 03:48:00,2012.07.26_03:48:00_TAI,0,0.00013383004,0.86661285,0.86661285,1
1886,11531,2012-07-26 11:24:00,2012.07.26_11:24:00_TAI,0,0.00038417435,0.04541289,0.04541289,0
1886,11531,2012-07-26 12:36:00,2012.07.26_12:36:00_TAI,0,0.00091363344,0.10342896,0.10342896,0
1879,11532,2012-07-26 19:24:00,2012.07.26_19:24:00_TAI,1,0.00036875115,0.93339026,0.93339026,1
1879,11532,2012-07-26 19:48:00,2012.07.26_19:48:00_TAI,1,0.00041224284,0.9397337,0.9397337,1
1879,11532,2012-07-26 20:00:00,2012.07.26_20:00:00_TAI,1,0.00010750527,0.94347286,0.94347286,1
1879,11532,2012-07-26 20:12:00,2012.07.26_20:12:00_TAI,1,8.195347e-05,0.89601547,0.89601547,1
1879,11532,2012-07-26 20:36:00,2012.07.26_20:36:00_TAI,1,0.000101439684,0.88120323,0.88120323,1
1879,11532,2012-07-26 21:36:00,2012.07.26_21:36:00_TAI,1,6.28958e-05,0.96075904,0.96075904,1
1879,11532,2012-07-26 21:48:00,2012.07.26_21:48:00_TAI,1,0.00011182282,0.9708402,0.9708402,1
1879,11532,2012-07-26 22:00:00,2012.07.26_22:00:00_TAI,1,0.00015115677,0.97862715,0.97862715,1
1879,11532,2012-07-26 22:48:00,2012.07.26_22:48:00_TAI,1,0.00031622883,0.97419953,0.97419953,1
1879,11532,2012-07-26 23:00:00,2012.07.26_23:00:00_TAI,1,0.00034544134,0.9703381,0.9703381,1
1879,11532,2012-07-26 23:48:00,2012.07.26_23:48:00_TAI,1,0.00019031786,0.9754092,0.9754092,1
1879,11532,2012-07-27 01:00:00,2012.07.27_01:00:00_TAI,1,0.00023682576,0.93058544,0.93058544,1
1879,11532,2012-07-27 01:12:00,2012.07.27_01:12:00_TAI,1,0.00020157034,0.9545678,0.9545678,1
1879,11532,2012-07-27 02:48:00,2012.07.27_02:48:00_TAI,1,0.00016454027,0.89417815,0.89417815,1
1879,11532,2012-07-27 04:00:00,2012.07.27_04:00:00_TAI,1,9.2107824e-05,0.87558144,0.87558144,1
1879,11532,2012-07-27 04:12:00,2012.07.27_04:12:00_TAI,1,0.00015252134,0.7608416,0.7608416,1
1879,11532,2012-07-27 05:00:00,2012.07.27_05:00:00_TAI,1,0.00016988796,0.5422881,0.5422881,1
1879,11532,2012-07-27 05:12:00,2012.07.27_05:12:00_TAI,1,0.00015180936,0.7300613,0.7300613,1
1879,11532,2012-07-27 05:36:00,2012.07.27_05:36:00_TAI,1,0.00023299387,0.70021176,0.70021176,1
1879,11532,2012-07-27 06:00:00,2012.07.27_06:00:00_TAI,1,0.00020662135,0.78975075,0.78975075,1
1879,11532,2012-07-27 07:00:00,2012.07.27_07:00:00_TAI,1,0.00053892046,0.7459268,0.7459268,1
1879,11532,2012-07-27 07:12:00,2012.07.27_07:12:00_TAI,1,0.000504886,0.8097145,0.8097145,1
1886,11531,2012-07-27 07:12:00,2012.07.27_07:12:00_TAI,0,0.00045144488,0.112386264,0.112386264,0
1879,11532,2012-07-27 07:24:00,2012.07.27_07:24:00_TAI,1,0.00020193258,0.739128,0.739128,1
1879,11532,2012-07-27 08:12:00,2012.07.27_08:12:00_TAI,1,0.00030433116,0.5062813,0.5062813,1
1879,11532,2012-07-27 08:24:00,2012.07.27_08:24:00_TAI,1,0.00017638317,0.6849906,0.6849906,1
1879,11532,2012-07-27 08:36:00,2012.07.27_08:36:00_TAI,1,0.00021067042,0.560004,0.560004,1
1879,11532,2012-07-27 10:00:00,2012.07.27_10:00:00_TAI,1,0.00019241987,0.32943407,0.32943407,0
1879,11532,2012-07-27 10:24:00,2012.07.27_10:24:00_TAI,1,0.00026606812,0.49449056,0.49449056,1
1877,11527,2012-07-27 10:36:00,2012.07.27_10:36:00_TAI,0,0.00048251156,0.0047997134,0.0047997134,0
1879,11532,2012-07-27 12:24:00,2012.07.27_12:24:00_TAI,1,0.0001921555,0.4315315,0.4315315,0
1879,11532,2012-07-27 12:36:00,2012.07.27_12:36:00_TAI,1,0.0003630788,0.28768027,0.28768027,0
1879,11532,2012-07-27 13:00:00,2012.07.27_13:00:00_TAI,1,0.0005306777,0.65145755,0.65145755,1
1879,11532,2012-07-27 13:36:00,2012.07.27_13:36:00_TAI,1,0.0002281453,0.83803535,0.83803535,1
1879,11532,2012-07-27 14:48:00,2012.07.27_14:48:00_TAI,1,9.7516386e-05,0.6678295,0.6678295,1
1893,11534,2012-07-27 16:12:00,2012.07.27_16:12:00_TAI,0,6.8267815e-05,0.027951479,0.027951479,0
1879,11532,2012-07-27 16:24:00,2012.07.27_16:24:00_TAI,1,0.00039827955,0.71430707,0.71430707,1
1886,11531,2012-07-27 17:00:00,2012.07.27_17:00:00_TAI,0,2.6354624e-05,0.15343176,0.15343176,0
1879,11532,2012-07-27 17:00:00,2012.07.27_17:00:00_TAI,1,0.00016697632,0.6460049,0.6460049,1
1873,11526,2012-07-27 19:48:00,2012.07.27_19:48:00_TAI,0,0.0006367517,0.21115841,0.21115841,0
1879,11532,2012-07-27 20:48:00,2012.07.27_20:48:00_TAI,1,3.156675e-05,0.9329542,0.9329542,1
1879,11532,2012-07-27 21:00:00,2012.07.27_21:00:00_TAI,1,5.9776485e-06,0.90790313,0.90790313,1
1877,11527,2012-07-27 21:24:00,2012.07.27_21:24:00_TAI,0,0.001976137,0.008905949,0.008905949,0
1893,11534,2012-07-27 21:48:00,2012.07.27_21:48:00_TAI,0,0.0001409273,0.018325185,0.018325185,0
1879,11532,2012-07-27 21:48:00,2012.07.27_21:48:00_TAI,1,0.000111333706,0.89781845,0.89781845,1
1879,11532,2012-07-27 22:36:00,2012.07.27_22:36:00_TAI,1,9.6230986e-05,0.95347834,0.95347834,1
1879,11532,2012-07-27 23:36:00,2012.07.27_23:36:00_TAI,1,6.8217574e-05,0.83425975,0.83425975,1
1892,11533,2012-07-28 00:12:00,2012.07.28_00:12:00_TAI,0,0.0002991408,0.71554255,0.71554255,1
1879,11532,2012-07-28 00:24:00,2012.07.28_00:24:00_TAI,1,9.6396114e-05,0.7635975,0.7635975,1
1879,11532,2012-07-28 00:36:00,2012.07.28_00:36:00_TAI,1,7.030011e-05,0.8114785,0.8114785,1
1879,11532,2012-07-28 02:00:00,2012.07.28_02:00:00_TAI,1,0.00012701505,0.88590246,0.88590246,1
1879,11532,2012-07-28 02:12:00,2012.07.28_02:12:00_TAI,1,6.621207e-05,0.8055955,0.8055955,1
1879,11532,2012-07-28 02:24:00,2012.07.28_02:24:00_TAI,1,9.0325426e-05,0.8752999,0.8752999,1
1879,11532,2012-07-28 05:00:00,2012.07.28_05:00:00_TAI,1,0.000201087,0.7392646,0.7392646,1
1879,11532,2012-07-28 05:24:00,2012.07.28_05:24:00_TAI,1,4.73088e-05,0.82761,0.82761,1
1879,11532,2012-07-28 06:00:00,2012.07.28_06:00:00_TAI,1,3.1874755e-05,0.8227675,0.8227675,1
1879,11532,2012-07-28 06:36:00,2012.07.28_06:36:00_TAI,1,2.801821e-05,0.8334821,0.8334821,1
1879,11532,2012-07-28 07:24:00,2012.07.28_07:24:00_TAI,1,3.479687e-05,0.87496144,0.87496144,1
1892,11533,2012-07-28 08:12:00,2012.07.28_08:12:00_TAI,0,0.0002402101,0.38109395,0.38109395,0
1879,11532,2012-07-28 09:12:00,2012.07.28_09:12:00_TAI,1,3.487843e-05,0.6293882,0.6293882,1
1893,11534,2012-07-28 09:24:00,2012.07.28_09:24:00_TAI,0,0.00018346189,0.0038699755,0.0038699755,0
1879,11532,2012-07-28 10:12:00,2012.07.28_10:12:00_TAI,1,0.00021231429,0.55382955,0.55382955,1
1879,11532,2012-07-28 11:36:00,2012.07.28_11:36:00_TAI,1,0.00016507268,0.8451075,0.8451075,1
1879,11532,2012-07-28 12:24:00,2012.07.28_12:24:00_TAI,1,0.00020210881,0.74899536,0.74899536,1
1879,11532,2012-07-28 15:00:00,2012.07.28_15:00:00_TAI,1,0.00018317331,0.8870967,0.8870967,1
1873,11526,2012-07-28 15:12:00,2012.07.28_15:12:00_TAI,0,5.128552e-05,0.23472595,0.23472595,0
1873,11526,2012-07-28 15:36:00,2012.07.28_15:36:00_TAI,0,4.951119e-05,0.35228398,0.35228398,0
1879,11532,2012-07-28 15:48:00,2012.07.28_15:48:00_TAI,1,0.00019959529,0.83995014,0.83995014,1
1879,11532,2012-07-28 16:24:00,2012.07.28_16:24:00_TAI,1,0.0002875537,0.7850578,0.7850578,1
1879,11532,2012-07-28 16:48:00,2012.07.28_16:48:00_TAI,1,6.692259e-05,0.84769547,0.84769547,1
1879,11532,2012-07-28 17:12:00,2012.07.28_17:12:00_TAI,1,3.6421043e-05,0.8133855,0.8133855,1
1879,11532,2012-07-28 17:24:00,2012.07.28_17:24:00_TAI,1,3.7440488e-05,0.8828534,0.8828534,1
1879,11532,2012-07-28 18:00:00,2012.07.28_18:00:00_TAI,1,2.8872808e-05,0.46613437,0.46613437,0
1879,11532,2012-07-28 18:48:00,2012.07.28_18:48:00_TAI,1,3.4601802e-05,0.7450408,0.7450408,1
1879,11532,2012-07-28 19:24:00,2012.07.28_19:24:00_TAI,1,2.5940406e-05,0.66344154,0.66344154,1
1903,11535,2012-07-28 20:12:00,2012.07.28_20:12:00_TAI,0,0.0029660126,0.8627108,0.8627108,1
1879,11532,2012-07-28 21:48:00,2012.07.28_21:48:00_TAI,1,6.7300054e-05,0.8965481,0.8965481,1
1879,11532,2012-07-28 22:36:00,2012.07.28_22:36:00_TAI,1,0.00016480469,0.8926426,0.8926426,1
1879,11532,2012-07-28 22:48:00,2012.07.28_22:48:00_TAI,1,0.0001921097,0.87772083,0.87772083,1
1879,11532,2012-07-28 23:12:00,2012.07.28_23:12:00_TAI,1,0.00022300411,0.9528162,0.9528162,1
1879,11532,2012-07-29 00:12:00,2012.07.29_00:12:00_TAI,1,0.00027537442,0.968416,0.968416,1
1879,11532,2012-07-29 03:24:00,2012.07.29_03:24:00_TAI,1,9.717192e-05,0.7821932,0.7821932,1
1879,11532,2012-07-29 03:36:00,2012.07.29_03:36:00_TAI,1,3.967395e-05,0.7630429,0.7630429,1
1879,11532,2012-07-29 04:00:00,2012.07.29_04:00:00_TAI,1,0.00012255112,0.82983625,0.82983625,1
1879,11532,2012-07-29 04:24:00,2012.07.29_04:24:00_TAI,1,0.00010490658,0.8515396,0.8515396,1
1879,11532,2012-07-29 04:48:00,2012.07.29_04:48:00_TAI,1,0.00023167934,0.7654328,0.7654328,1
1879,11532,2012-07-29 05:36:00,2012.07.29_05:36:00_TAI,1,1.0994335e-05,0.91008556,0.91008556,1
1879,11532,2012-07-29 05:48:00,2012.07.29_05:48:00_TAI,1,1.9198602e-05,0.918169,0.918169,1
1879,11532,2012-07-29 06:00:00,2012.07.29_06:00:00_TAI,1,1.8574743e-05,0.93041337,0.93041337,1
1886,11531,2012-07-29 07:24:00,2012.07.29_07:24:00_TAI,0,3.4332197e-07,0.6747652,0.6747652,1
1877,11527,2012-07-29 09:00:00,2012.07.29_09:00:00_TAI,0,0.00024082627,0.037231762,0.037231762,0
1879,11532,2012-07-29 14:12:00,2012.07.29_14:12:00_TAI,1,0.0001819881,0.7053747,0.7053747,1
1879,11532,2012-07-29 14:36:00,2012.07.29_14:36:00_TAI,1,0.00015269202,0.6559684,0.6559684,1
1879,11532,2012-07-29 15:24:00,2012.07.29_15:24:00_TAI,1,0.00015700047,0.58370477,0.58370477,1
1879,11532,2012-07-29 16:12:00,2012.07.29_16:12:00_TAI,1,0.00010726914,0.47271827,0.47271827,0
1879,11532,2012-07-29 17:00:00,2012.07.29_17:00:00_TAI,1,8.435677e-05,0.34408185,0.34408185,0
1879,11532,2012-07-29 17:48:00,2012.07.29_17:48:00_TAI,1,0.00015938627,0.29500616,0.29500616,0
1879,11532,2012-07-29 18:00:00,2012.07.29_18:00:00_TAI,1,0.00015504667,0.28354818,0.28354818,0
1879,11532,2012-07-29 18:12:00,2012.07.29_18:12:00_TAI,1,0.00019067405,0.32871395,0.32871395,0
1879,11532,2012-07-29 18:24:00,2012.07.29_18:24:00_TAI,1,0.00012640176,0.3224658,0.3224658,0
1879,11532,2012-07-29 18:48:00,2012.07.29_18:48:00_TAI,1,0.00011470706,0.28075898,0.28075898,0
1879,11532,2012-07-29 19:12:00,2012.07.29_19:12:00_TAI,1,9.746192e-05,0.45166627,0.45166627,0
1879,11532,2012-07-29 20:12:00,2012.07.29_20:12:00_TAI,1,1.9518346e-05,0.5993127,0.5993127,1
1879,11532,2012-07-29 20:36:00,2012.07.29_20:36:00_TAI,1,1.9106274e-05,0.7326194,0.7326194,1
1879,11532,2012-07-29 21:00:00,2012.07.29_21:00:00_TAI,1,2.9639345e-05,0.76092607,0.76092607,1
1879,11532,2012-07-29 21:12:00,2012.07.29_21:12:00_TAI,1,5.8701662e-05,0.6435459,0.6435459,1
1879,11532,2012-07-29 21:24:00,2012.07.29_21:24:00_TAI,1,7.314225e-05,0.6199229,0.6199229,1
1907,11538,2012-07-29 22:36:00,2012.07.29_22:36:00_TAI,0,0.0007075375,0.8627108,0.8627108,1
1879,11532,2012-07-29 23:00:00,2012.07.29_23:00:00_TAI,1,1.8603161e-05,0.39061618,0.39061618,0
1879,11532,2012-07-29 23:24:00,2012.07.29_23:24:00_TAI,1,1.534038e-05,0.57689285,0.57689285,1
1879,11532,2012-07-30 00:48:00,2012.07.30_00:48:00_TAI,1,1.1431848e-05,0.4064831,0.4064831,0
1879,11532,2012-07-30 01:00:00,2012.07.30_01:00:00_TAI,1,1.3103706e-05,0.49880174,0.49880174,1
1879,11532,2012-07-30 01:24:00,2012.07.30_01:24:00_TAI,1,8.413351e-06,0.5563927,0.5563927,1
1879,11532,2012-07-30 01:48:00,2012.07.30_01:48:00_TAI,1,5.0225985e-06,0.47078785,0.47078785,0
1879,11532,2012-07-30 02:00:00,2012.07.30_02:00:00_TAI,1,6.68104e-06,0.5089042,0.5089042,1
1893,11534,2012-07-30 02:36:00,2012.07.30_02:36:00_TAI,0,0.00044896908,0.0052785086,0.0052785086,0
1879,11532,2012-07-30 03:12:00,2012.07.30_03:12:00_TAI,1,1.36908175e-05,0.37101704,0.37101704,0
1879,11532,2012-07-30 03:24:00,2012.07.30_03:24:00_TAI,1,2.7022774e-05,0.31968528,0.31968528,0
1879,11532,2012-07-30 04:00:00,2012.07.30_04:00:00_TAI,1,8.1673e-05,0.27780917,0.27780917,0
1879,11532,2012-07-30 04:12:00,2012.07.30_04:12:00_TAI,1,0.000100010686,0.34762275,0.34762275,0
1879,11532,2012-07-30 05:24:00,2012.07.30_05:24:00_TAI,1,0.00028009905,0.20849784,0.20849784,0
1907,11538,2012-07-30 05:48:00,2012.07.30_05:48:00_TAI,0,0.0010638072,0.8627108,0.8627108,1
1879,11532,2012-07-30 06:12:00,2012.07.30_06:12:00_TAI,1,6.98967e-05,0.2899419,0.2899419,0
1877,11527,2012-07-30 06:12:00,2012.07.30_06:12:00_TAI,0,0.0018768571,0.026804125,0.026804125,0
1879,11532,2012-07-30 06:24:00,2012.07.30_06:24:00_TAI,1,9.9871824e-05,0.31008554,0.31008554,0
1879,11532,2012-07-30 06:36:00,2012.07.30_06:36:00_TAI,1,0.000110187764,0.2180835,0.2180835,0
1879,11532,2012-07-30 07:36:00,2012.07.30_07:36:00_TAI,1,9.713384e-05,0.29914477,0.29914477,0
1907,11538,2012-07-30 08:36:00,2012.07.30_08:36:00_TAI,0,0.0010638072,0.8627108,0.8627108,1
1892,11533,2012-07-30 08:36:00,2012.07.30_08:36:00_TAI,0,0.00022819883,0.81058925,0.81058925,1
1879,11532,2012-07-30 09:00:00,2012.07.30_09:00:00_TAI,1,0.00010611755,0.27515653,0.27515653,0
1879,11532,2012-07-30 09:12:00,2012.07.30_09:12:00_TAI,1,0.00019464511,0.15389185,0.15389185,0
1879,11532,2012-07-30 09:24:00,2012.07.30_09:24:00_TAI,1,0.000402197,0.15673916,0.15673916,0
1879,11532,2012-07-30 09:36:00,2012.07.30_09:36:00_TAI,1,0.0006416157,0.09031523,0.09031523,0
1879,11532,2012-07-30 10:12:00,2012.07.30_10:12:00_TAI,1,0.0002021356,0.09577918,0.09577918,0
1879,11532,2012-07-30 10:24:00,2012.07.30_10:24:00_TAI,1,0.00016282564,0.09642809,0.09642809,0
1879,11532,2012-07-30 10:36:00,2012.07.30_10:36:00_TAI,1,0.00030110858,0.11709441,0.11709441,0
1879,11532,2012-07-30 11:00:00,2012.07.30_11:00:00_TAI,1,0.0002722823,0.09108104,0.09108104,0
1879,11532,2012-07-30 11:48:00,2012.07.30_11:48:00_TAI,1,0.00049188733,0.17566523,0.17566523,0
1879,11532,2012-07-30 12:24:00,2012.07.30_12:24:00_TAI,1,0.0003492604,0.18525344,0.18525344,0
1879,11532,2012-07-30 13:36:00,2012.07.30_13:36:00_TAI,1,0.00020685022,0.1917777,0.1917777,0
1893,11534,2012-07-30 14:00:00,2012.07.30_14:00:00_TAI,0,2.8346849e-05,0.0099599995,0.0099599995,0
1893,11534,2012-07-30 17:24:00,2012.07.30_17:24:00_TAI,0,0.00012820645,0.012990816,0.012990816,0
1879,11532,2012-07-30 20:48:00,2012.07.30_20:48:00_TAI,0,0.00010440759,0.21080375,0.21080375,0
1892,11533,2012-07-30 22:36:00,2012.07.30_22:36:00_TAI,0,0.0034850368,0.90249324,0.90249324,1
1908,11537,2012-07-30 23:36:00,2012.07.30_23:36:00_TAI,0,0.0029543948,0.8627108,0.8627108,1
1907,11538,2012-07-31 03:48:00,2012.07.31_03:48:00_TAI,0,0.069971316,0.8627108,0.8627108,1
1892,11533,2012-07-31 06:36:00,2012.07.31_06:36:00_TAI,0,0.0006827693,0.94099003,0.94099003,1
1893,11534,2012-07-31 07:12:00,2012.07.31_07:12:00_TAI,0,1.4904898e-05,0.017509015,0.017509015,0
1903,11535,2012-07-31 07:12:00,2012.07.31_07:12:00_TAI,0,0.0002053706,0.99423146,0.99423146,1
1908,11537,2012-07-31 11:00:00,2012.07.31_11:00:00_TAI,0,0.004534857,0.9919831,0.9919831,1
1908,11537,2012-07-31 13:12:00,2012.07.31_13:12:00_TAI,0,0.0017027217,0.21953836,0.21953836,0
1879,11532,2012-07-31 17:12:00,2012.07.31_17:12:00_TAI,0,3.8960563e-05,0.09395279,0.09395279,0
1893,11534,2012-08-01 00:36:00,2012.08.01_00:36:00_TAI,0,0.00017111767,0.08427129,0.08427129,0
1908,11537,2012-08-01 01:24:00,2012.08.01_01:24:00_TAI,0,0.0008599087,0.33582717,0.33582717,0
1903,11535,2012-08-01 08:24:00,2012.08.01_08:24:00_TAI,0,0.00013723852,0.98100096,0.98100096,1
1907,11538,2012-08-01 11:24:00,2012.08.01_11:24:00_TAI,0,0.00071764766,0.77253866,0.77253866,1
1877,11527,2012-08-01 12:48:00,2012.08.01_12:48:00_TAI,0,1.889186e-05,0.0057366453,0.0057366453,0
1877,11527,2012-08-01 16:48:00,2012.08.01_16:48:00_TAI,0,1.3039793e-05,0.0034872252,0.0034872252,0
1907,11538,2012-08-01 22:36:00,2012.08.01_22:36:00_TAI,0,0.0018328461,0.7382234,0.7382234,1
1903,11535,2012-08-01 23:12:00,2012.08.01_23:12:00_TAI,0,0.004607844,0.9907644,0.9907644,1
1903,11535,2012-08-02 02:36:00,2012.08.02_02:36:00_TAI,0,0.004865369,0.9841846,0.9841846,1
1903,11535,2012-08-02 09:48:00,2012.08.02_09:48:00_TAI,0,0.014903492,0.9779212,0.9779212,1
1892,11533,2012-08-02 10:24:00,2012.08.02_10:24:00_TAI,0,1.6806362e-05,0.45439658,0.45439658,0
1907,11538,2012-08-02 10:36:00,2012.08.02_10:36:00_TAI,0,0.00047910816,0.555527,0.555527,1
1908,11537,2012-08-02 16:12:00,2012.08.02_16:12:00_TAI,0,0.003642488,0.06528361,0.06528361,0
1892,11533,2012-08-02 18:48:00,2012.08.02_18:48:00_TAI,0,6.6621565e-06,0.06382893,0.06382893,0
1908,11537,2012-08-02 19:00:00,2012.08.02_19:00:00_TAI,0,0.0033210104,0.0937479,0.0937479,0
1893,11534,2012-08-02 19:36:00,2012.08.02_19:36:00_TAI,0,0.0004723749,0.041270442,0.041270442,0
1907,11538,2012-08-02 20:12:00,2012.08.02_20:12:00_TAI,0,0.0007397643,0.82136726,0.82136726,1
1879,11532,2012-08-03 00:24:00,2012.08.03_00:24:00_TAI,0,0.000533068,0.12846409,0.12846409,0
1907,11538,2012-08-03 04:12:00,2012.08.03_04:12:00_TAI,0,0.0021157858,0.5345857,0.5345857,1
1908,11537,2012-08-03 05:24:00,2012.08.03_05:24:00_TAI,0,0.00066427194,0.19442032,0.19442032,0
1893,11534,2012-08-03 14:24:00,2012.08.03_14:24:00_TAI,0,0.0003423814,0.021474767,0.021474767,0
1893,11534,2012-08-03 21:24:00,2012.08.03_21:24:00_TAI,0,0.00022301605,0.024474831,0.024474831,0
1879,11532,2012-08-04 06:12:00,2012.08.04_06:12:00_TAI,0,0.0009795005,0.02001208,0.02001208,0
1908,11537,2012-08-04 14:00:00,2012.08.04_14:00:00_TAI,0,0.0016621414,0.02657342,0.02657342,0
1879,11532,2012-08-05 01:36:00,2012.08.05_01:36:00_TAI,0,0.0009652849,0.03255877,0.03255877,0
1879,11532,2012-08-05 05:24:00,2012.08.05_05:24:00_TAI,0,0.000114468414,0.009616389,0.009616389,0
1893,11534,2012-08-05 06:36:00,2012.08.05_06:36:00_TAI,0,0.00010810232,0.03238732,0.03238732,0
1903,11535,2012-08-05 07:00:00,2012.08.05_07:00:00_TAI,0,0.0030187387,0.9444515,0.9444515,1
1893,11534,2012-08-05 09:36:00,2012.08.05_09:36:00_TAI,0,0.0002658209,0.030012121,0.030012121,0
1893,11534,2012-08-05 11:48:00,2012.08.05_11:48:00_TAI,0,5.793206e-05,0.025175763,0.025175763,0
1930,11542,2012-08-05 14:24:00,2012.08.05_14:24:00_TAI,1,0.0008833051,0.8627108,0.8627108,1
1930,11542,2012-08-05 15:00:00,2012.08.05_15:00:00_TAI,1,0.00089437654,0.8627108,0.8627108,1
1930,11542,2012-08-05 15:12:00,2012.08.05_15:12:00_TAI,1,0.00089437654,0.8627108,0.8627108,1
1893,11534,2012-08-05 15:24:00,2012.08.05_15:24:00_TAI,0,2.4789057e-05,0.06742537,0.06742537,0
1930,11542,2012-08-05 16:48:00,2012.08.05_16:48:00_TAI,1,0.00089437654,0.8627108,0.8627108,1
1908,11537,2012-08-05 18:24:00,2012.08.05_18:24:00_TAI,0,0.0014749047,0.23895913,0.23895913,0
1930,11542,2012-08-05 18:36:00,2012.08.05_18:36:00_TAI,1,0.0011095474,0.8627108,0.8627108,1
1930,11542,2012-08-05 18:48:00,2012.08.05_18:48:00_TAI,1,0.0011095474,0.8627108,0.8627108,1
1879,11532,2012-08-05 19:24:00,2012.08.05_19:24:00_TAI,0,0.00029944527,0.05711306,0.05711306,0
1930,11542,2012-08-05 21:48:00,2012.08.05_21:48:00_TAI,1,0.0029543948,0.8627108,0.8627108,1
1930,11542,2012-08-05 22:24:00,2012.08.05_22:24:00_TAI,1,0.0029543948,0.8627108,0.8627108,1
1930,11542,2012-08-05 23:48:00,2012.08.05_23:48:00_TAI,1,0.0029543948,0.8627108,0.8627108,1
1930,11542,2012-08-06 00:00:00,2012.08.06_00:00:00_TAI,1,0.0012368448,0.8627108,0.8627108,1
1930,11542,2012-08-06 01:48:00,2012.08.06_01:48:00_TAI,1,0.0013763877,0.8627108,0.8627108,1
1931,11543,2012-08-06 02:00:00,2012.08.06_02:00:00_TAI,0,0.0012368448,0.8627108,0.8627108,1
1930,11542,2012-08-06 02:48:00,2012.08.06_02:48:00_TAI,1,0.0013763877,0.8627108,0.8627108,1
1930,11542,2012-08-06 03:24:00,2012.08.06_03:24:00_TAI,1,0.0013420978,0.8627108,0.8627108,1
1893,11534,2012-08-06 03:24:00,2012.08.06_03:24:00_TAI,0,8.228032e-05,0.055496313,0.055496313,0
1930,11542,2012-08-06 04:00:00,2012.08.06_04:00:00_TAI,1,0.0012370334,0.8627108,0.8627108,1
1930,11542,2012-08-06 04:24:00,2012.08.06_04:24:00_TAI,1,0.0012370334,0.8627108,0.8627108,1
1931,11543,2012-08-06 05:24:00,2012.08.06_05:24:00_TAI,0,0.0010638072,0.8627108,0.8627108,1
1903,11535,2012-08-06 10:12:00,2012.08.06_10:12:00_TAI,0,0.0022162232,0.83669734,0.83669734,1
1908,11537,2012-08-06 12:48:00,2012.08.06_12:48:00_TAI,0,0.0007414148,0.1947384,0.1947384,0
1908,11537,2012-08-06 20:48:00,2012.08.06_20:48:00_TAI,0,0.0035241502,0.35873377,0.35873377,0
1908,11537,2012-08-07 01:48:00,2012.08.07_01:48:00_TAI,0,0.000770491,0.2037164,0.2037164,0
1903,11535,2012-08-07 05:48:00,2012.08.07_05:48:00_TAI,0,0.0057204883,0.77434385,0.77434385,1
1879,11532,2012-08-07 08:48:00,2012.08.07_08:48:00_TAI,0,9.224517e-06,0.8627108,0.8627108,1
1931,11543,2012-08-07 09:00:00,2012.08.07_09:00:00_TAI,0,0.0003975476,0.84359735,0.84359735,1
1907,11538,2012-08-07 09:12:00,2012.08.07_09:12:00_TAI,0,9.4879695e-05,0.77881974,0.77881974,1
1907,11538,2012-08-07 15:48:00,2012.08.07_15:48:00_TAI,0,8.636052e-05,0.42310375,0.42310375,0
1930,11542,2012-08-07 16:48:00,2012.08.07_16:48:00_TAI,0,0.0003350702,0.9923144,0.9923144,1
1903,11535,2012-08-08 00:36:00,2012.08.08_00:36:00_TAI,0,0.0007899161,0.86156553,0.86156553,1
1930,11542,2012-08-08 01:12:00,2012.08.08_01:12:00_TAI,0,0.00068235653,0.7250256,0.7250256,1
1931,11543,2012-08-08 04:36:00,2012.08.08_04:36:00_TAI,0,6.3138155e-05,0.46126086,0.46126086,0
1903,11535,2012-08-08 05:00:00,2012.08.08_05:00:00_TAI,0,0.001560291,0.7638115,0.7638115,1
1908,11537,2012-08-08 06:48:00,2012.08.08_06:48:00_TAI,0,0.00020552496,0.1312621,0.1312621,0
1903,11535,2012-08-08 07:36:00,2012.08.08_07:36:00_TAI,0,0.0014542775,0.76497585,0.76497585,1
1930,11542,2012-08-08 10:36:00,2012.08.08_10:36:00_TAI,0,0.0010584313,0.9336586,0.9336586,1
1930,11542,2012-08-08 11:48:00,2012.08.08_11:48:00_TAI,1,0.00022683326,0.87332326,0.87332326,1
1930,11542,2012-08-08 12:24:00,2012.08.08_12:24:00_TAI,1,0.00032347566,0.98775804,0.98775804,1
1930,11542,2012-08-08 12:36:00,2012.08.08_12:36:00_TAI,1,0.00053943903,0.891206,0.891206,1
1930,11542,2012-08-08 12:48:00,2012.08.08_12:48:00_TAI,1,0.0010121564,0.9478997,0.9478997,1
1930,11542,2012-08-08 13:24:00,2012.08.08_13:24:00_TAI,1,0.00038307993,0.9529344,0.9529344,1
1908,11537,2012-08-08 14:24:00,2012.08.08_14:24:00_TAI,0,0.0011821662,0.085750826,0.085750826,0
1931,11543,2012-08-08 15:00:00,2012.08.08_15:00:00_TAI,0,0.00011578247,0.6990486,0.6990486,1
1930,11542,2012-08-08 15:00:00,2012.08.08_15:00:00_TAI,1,0.00023497804,0.9958774,0.9958774,1
1930,11542,2012-08-08 16:12:00,2012.08.08_16:12:00_TAI,1,6.3306245e-05,0.9965054,0.9965054,1
1930,11542,2012-08-08 16:24:00,2012.08.08_16:24:00_TAI,1,4.755686e-05,0.9964617,0.9964617,1
1907,11538,2012-08-08 17:00:00,2012.08.08_17:00:00_TAI,0,0.00054103404,0.9575133,0.9575133,1
1930,11542,2012-08-08 17:36:00,2012.08.08_17:36:00_TAI,1,0.0006473912,0.98399514,0.98399514,1
1930,11542,2012-08-08 17:48:00,2012.08.08_17:48:00_TAI,1,0.00096925,0.9663395,0.9663395,1
1908,11537,2012-08-08 18:00:00,2012.08.08_18:00:00_TAI,0,0.0008561759,0.09625208,0.09625208,0
1930,11542,2012-08-08 18:00:00,2012.08.08_18:00:00_TAI,1,0.00070377556,0.92826116,0.92826116,1
1930,11542,2012-08-08 18:36:00,2012.08.08_18:36:00_TAI,1,0.0008419778,0.9135663,0.9135663,1
1930,11542,2012-08-08 19:36:00,2012.08.08_19:36:00_TAI,1,0.00038858273,0.85824734,0.85824734,1
1930,11542,2012-08-08 19:48:00,2012.08.08_19:48:00_TAI,1,0.00020435137,0.9761997,0.9761997,1
1930,11542,2012-08-08 20:00:00,2012.08.08_20:00:00_TAI,1,0.00020282445,0.9500613,0.9500613,1
1930,11542,2012-08-08 20:12:00,2012.08.08_20:12:00_TAI,1,0.00023156295,0.9849525,0.9849525,1
1930,11542,2012-08-08 20:24:00,2012.08.08_20:24:00_TAI,1,4.3797936e-05,0.96253425,0.96253425,1
1930,11542,2012-08-08 23:00:00,2012.08.08_23:00:00_TAI,1,0.0027294336,0.9685893,0.9685893,1
1930,11542,2012-08-08 23:36:00,2012.08.08_23:36:00_TAI,1,0.0013197981,0.9956499,0.9956499,1
1930,11542,2012-08-09 00:24:00,2012.08.09_00:24:00_TAI,1,0.00168212,0.95123976,0.95123976,1
1930,11542,2012-08-09 01:36:00,2012.08.09_01:36:00_TAI,1,0.000929516,0.9562827,0.9562827,1
1930,11542,2012-08-09 02:36:00,2012.08.09_02:36:00_TAI,1,0.00067008386,0.9643658,0.9643658,1
1930,11542,2012-08-09 03:12:00,2012.08.09_03:12:00_TAI,1,0.00080461556,0.98835737,0.98835737,1
1930,11542,2012-08-09 03:48:00,2012.08.09_03:48:00_TAI,1,0.0006207234,0.9665146,0.9665146,1
1930,11542,2012-08-09 04:12:00,2012.08.09_04:12:00_TAI,1,0.0005699014,0.95948493,0.95948493,1
1930,11542,2012-08-09 04:36:00,2012.08.09_04:36:00_TAI,1,0.00017106482,0.99113935,0.99113935,1
1930,11542,2012-08-09 05:12:00,2012.08.09_05:12:00_TAI,1,0.00010264802,0.97288257,0.97288257,1
1930,11542,2012-08-09 05:24:00,2012.08.09_05:24:00_TAI,1,6.893101e-05,0.9854107,0.9854107,1
1930,11542,2012-08-09 06:36:00,2012.08.09_06:36:00_TAI,1,5.691606e-05,0.9762927,0.9762927,1
1930,11542,2012-08-09 07:00:00,2012.08.09_07:00:00_TAI,1,5.2318184e-05,0.9483639,0.9483639,1
1930,11542,2012-08-09 07:24:00,2012.08.09_07:24:00_TAI,1,3.682867e-05,0.9239385,0.9239385,1
1930,11542,2012-08-09 08:12:00,2012.08.09_08:12:00_TAI,1,7.8539386e-05,0.8109998,0.8109998,1
1930,11542,2012-08-09 08:36:00,2012.08.09_08:36:00_TAI,1,9.851976e-05,0.8284797,0.8284797,1
1930,11542,2012-08-09 08:48:00,2012.08.09_08:48:00_TAI,1,0.00013591743,0.9250747,0.9250747,1
1930,11542,2012-08-09 10:00:00,2012.08.09_10:00:00_TAI,1,0.00015058852,0.99498075,0.99498075,1
1931,11543,2012-08-09 11:00:00,2012.08.09_11:00:00_TAI,0,8.7667955e-05,0.7227131,0.7227131,1
1930,11542,2012-08-09 12:24:00,2012.08.09_12:24:00_TAI,0,0.00010600014,0.9592755,0.9592755,1
1903,11535,2012-08-09 13:12:00,2012.08.09_13:12:00_TAI,0,4.202841e-05,0.59050554,0.59050554,1
1908,11537,2012-08-09 14:36:00,2012.08.09_14:36:00_TAI,0,0.0014366474,0.022753462,0.022753462,0
1930,11542,2012-08-09 14:48:00,2012.08.09_14:48:00_TAI,0,4.454285e-05,0.89572835,0.89572835,1
1907,11538,2012-08-09 20:48:00,2012.08.09_20:48:00_TAI,0,0.0027849637,0.9672569,0.9672569,1
1907,11538,2012-08-09 23:00:00,2012.08.09_23:00:00_TAI,0,0.0014210484,0.9058294,0.9058294,1
1930,11542,2012-08-09 23:48:00,2012.08.09_23:48:00_TAI,0,0.00035889927,0.99118793,0.99118793,1
1930,11542,2012-08-10 01:36:00,2012.08.10_01:36:00_TAI,0,0.0002144211,0.98843855,0.98843855,1
1903,11535,2012-08-10 06:36:00,2012.08.10_06:36:00_TAI,0,2.3384273e-05,0.23849922,0.23849922,0
1903,11535,2012-08-10 10:24:00,2012.08.10_10:24:00_TAI,0,1.1296089e-05,0.4184429,0.4184429,0
1908,11537,2012-08-10 15:00:00,2012.08.10_15:00:00_TAI,0,0.000345456,0.011862395,0.011862395,0
1930,11542,2012-08-10 16:36:00,2012.08.10_16:36:00_TAI,0,3.463792e-05,0.99157786,0.99157786,1
1931,11543,2012-08-10 21:12:00,2012.08.10_21:12:00_TAI,0,2.723419e-05,0.7580621,0.7580621,1
1931,11543,2012-08-10 21:36:00,2012.08.10_21:36:00_TAI,0,3.0107174e-05,0.7327306,0.7327306,1
1903,11535,2012-08-10 21:48:00,2012.08.10_21:48:00_TAI,0,0.00014170466,0.185879,0.185879,0
1939,11545,2012-08-10 22:12:00,2012.08.10_22:12:00_TAI,0,0.000992615,0.19026308,0.19026308,0
1930,11542,2012-08-11 00:12:00,2012.08.11_00:12:00_TAI,0,0.011824259,0.9863688,0.9863688,1
1939,11545,2012-08-11 05:48:00,2012.08.11_05:48:00_TAI,0,0.000118976954,0.05646184,0.05646184,0
1931,11543,2012-08-11 16:00:00,2012.08.11_16:00:00_TAI,0,0.00011109595,0.8481859,0.8481859,1
1930,11542,2012-08-11 20:12:00,2012.08.11_20:12:00_TAI,0,0.0024653033,0.9756068,0.9756068,1
1939,11545,2012-08-11 23:36:00,2012.08.11_23:36:00_TAI,0,3.5831697e-05,0.0671464,0.0671464,0
1930,11542,2012-08-12 00:36:00,2012.08.12_00:36:00_TAI,0,0.00040681136,0.9893371,0.9893371,1
1908,11537,2012-08-12 03:12:00,2012.08.12_03:12:00_TAI,0,0.00024826181,0.035912197,0.035912197,0
1931,11543,2012-08-12 05:12:00,2012.08.12_05:12:00_TAI,0,0.00012127886,0.9977017,0.9977017,1
1931,11543,2012-08-12 05:36:00,2012.08.12_05:36:00_TAI,0,9.597356e-05,0.99899095,0.99899095,1
1908,11537,2012-08-12 06:12:00,2012.08.12_06:12:00_TAI,0,0.00011025997,0.040806793,0.040806793,0
1907,11538,2012-08-12 13:48:00,2012.08.12_13:48:00_TAI,0,5.2334894e-06,0.49868882,0.49868882,1
1939,11545,2012-08-12 16:24:00,2012.08.12_16:24:00_TAI,0,0.00019880272,0.47355527,0.47355527,0
1931,11543,2012-08-12 17:36:00,2012.08.12_17:36:00_TAI,0,0.00031310887,0.9127798,0.9127798,1
1907,11538,2012-08-12 18:24:00,2012.08.12_18:24:00_TAI,0,3.7220198e-05,0.35960674,0.35960674,0
1931,11543,2012-08-12 21:24:00,2012.08.12_21:24:00_TAI,0,0.0004267073,0.69076955,0.69076955,1
1930,11542,2012-08-14 02:12:00,2012.08.14_02:12:00_TAI,0,0.0026640326,0.9645209,0.9645209,1
1930,11542,2012-08-14 10:00:00,2012.08.14_10:00:00_TAI,0,0.000518577,0.89991874,0.89991874,1
1930,11542,2012-08-14 20:00:00,2012.08.14_20:00:00_TAI,0,0.00031802352,0.87144184,0.87144184,1
1931,11543,2012-08-15 09:24:00,2012.08.15_09:24:00_TAI,0,0.00017634014,0.99341667,0.99341667,1
1943,11547,2012-08-15 13:24:00,2012.08.15_13:24:00_TAI,0,0.0010149054,0.011555007,0.011555007,0
1931,11543,2012-08-15 14:24:00,2012.08.15_14:24:00_TAI,0,0.0007089944,0.99775463,0.99775463,1
1931,11543,2012-08-15 22:00:00,2012.08.15_22:00:00_TAI,0,0.0005039729,0.9885898,0.9885898,1
1931,11543,2012-08-16 01:00:00,2012.08.16_01:00:00_TAI,0,6.353098e-05,0.996988,0.996988,1
1943,11547,2012-08-16 09:00:00,2012.08.16_09:00:00_TAI,0,0.0008496855,0.031068403,0.031068403,0
1943,11547,2012-08-16 17:12:00,2012.08.16_17:12:00_TAI,0,0.00035529395,0.06251046,0.06251046,0
1930,11542,2012-08-16 18:00:00,2012.08.16_18:00:00_TAI,0,5.757736e-06,0.062885396,0.062885396,0
1931,11543,2012-08-16 18:12:00,2012.08.16_18:12:00_TAI,0,8.338655e-05,0.99941707,0.99941707,1
1930,11542,2012-08-16 20:12:00,2012.08.16_20:12:00_TAI,0,4.6101445e-06,0.017564727,0.017564727,0
1930,11542,2012-08-16 22:00:00,2012.08.16_22:00:00_TAI,0,2.7408105e-05,0.04087228,0.04087228,0
1946,11548,2012-08-17 01:36:00,2012.08.17_01:36:00_TAI,1,0.00050644233,0.8627108,0.8627108,1
1946,11548,2012-08-17 02:12:00,2012.08.17_02:12:00_TAI,1,0.0010764971,0.8627108,0.8627108,1
1946,11548,2012-08-17 02:24:00,2012.08.17_02:24:00_TAI,1,0.0010764971,0.8627108,0.8627108,1
1946,11548,2012-08-17 03:00:00,2012.08.17_03:00:00_TAI,1,0.0010496705,0.8627108,0.8627108,1
1946,11548,2012-08-17 03:12:00,2012.08.17_03:12:00_TAI,1,0.0010496705,0.8627108,0.8627108,1
1946,11548,2012-08-17 04:36:00,2012.08.17_04:36:00_TAI,1,0.00096747617,0.8627108,0.8627108,1
1931,11543,2012-08-17 04:36:00,2012.08.17_04:36:00_TAI,0,4.85392e-05,0.9999132,0.9999132,1
1946,11548,2012-08-17 06:00:00,2012.08.17_06:00:00_TAI,1,0.0009258717,0.8627108,0.8627108,1
1946,11548,2012-08-17 06:12:00,2012.08.17_06:12:00_TAI,1,0.0009258717,0.8627108,0.8627108,1
1946,11548,2012-08-17 06:36:00,2012.08.17_06:36:00_TAI,1,0.0009258717,0.8627108,0.8627108,1
1931,11543,2012-08-17 07:48:00,2012.08.17_07:48:00_TAI,0,0.00013376179,0.99948335,0.99948335,1
1946,11548,2012-08-17 08:12:00,2012.08.17_08:12:00_TAI,1,0.0010638072,0.8627108,0.8627108,1
1946,11548,2012-08-17 08:24:00,2012.08.17_08:24:00_TAI,1,0.0010638072,0.8627108,0.8627108,1
1946,11548,2012-08-17 08:36:00,2012.08.17_08:36:00_TAI,1,0.0010638072,0.8627108,0.8627108,1
1946,11548,2012-08-17 08:48:00,2012.08.17_08:48:00_TAI,1,0.0010638072,0.8627108,0.8627108,1
1946,11548,2012-08-17 09:36:00,2012.08.17_09:36:00_TAI,1,0.0010149054,0.8627108,0.8627108,1
1946,11548,2012-08-17 10:00:00,2012.08.17_10:00:00_TAI,1,0.0010149054,0.8627108,0.8627108,1
1946,11548,2012-08-17 10:12:00,2012.08.17_10:12:00_TAI,1,0.0010149054,0.8627108,0.8627108,1
1946,11548,2012-08-17 11:24:00,2012.08.17_11:24:00_TAI,1,0.0010149054,0.8627108,0.8627108,1
1946,11548,2012-08-17 13:12:00,2012.08.17_13:12:00_TAI,1,0.0010149054,0.8627108,0.8627108,1
1946,11548,2012-08-17 13:36:00,2012.08.17_13:36:00_TAI,1,0.0011294376,0.8627108,0.8627108,1
1946,11548,2012-08-17 13:48:00,2012.08.17_13:48:00_TAI,1,0.0011294376,0.8627108,0.8627108,1
1946,11548,2012-08-17 14:12:00,2012.08.17_14:12:00_TAI,1,0.0011294376,0.8627108,0.8627108,1
1946,11548,2012-08-17 14:24:00,2012.08.17_14:24:00_TAI,1,0.0011294376,0.8627108,0.8627108,1
1946,11548,2012-08-17 15:00:00,2012.08.17_15:00:00_TAI,1,0.0011435907,0.8627108,0.8627108,1
1946,11548,2012-08-17 15:24:00,2012.08.17_15:24:00_TAI,1,0.0011435907,0.8627108,0.8627108,1
1946,11548,2012-08-17 16:00:00,2012.08.17_16:00:00_TAI,1,0.0011435907,0.8627108,0.8627108,1
1946,11548,2012-08-17 16:12:00,2012.08.17_16:12:00_TAI,1,0.0011435907,0.8627108,0.8627108,1
1946,11548,2012-08-17 16:36:00,2012.08.17_16:36:00_TAI,1,0.0011435907,0.8627108,0.8627108,1
1948,11549,2012-08-17 16:36:00,2012.08.17_16:36:00_TAI,0,0.00089437654,0.0633672,0.0633672,0
1946,11548,2012-08-17 16:48:00,2012.08.17_16:48:00_TAI,1,0.0011435907,0.8627108,0.8627108,1
1946,11548,2012-08-17 18:00:00,2012.08.17_18:00:00_TAI,1,0.0014186328,0.8627108,0.8627108,1
1946,11548,2012-08-17 20:12:00,2012.08.17_20:12:00_TAI,1,0.0029660126,0.8627108,0.8627108,1
1946,11548,2012-08-17 20:24:00,2012.08.17_20:24:00_TAI,1,0.0029660126,0.8627108,0.8627108,1
1946,11548,2012-08-17 21:12:00,2012.08.17_21:12:00_TAI,1,0.0029660126,0.8627108,0.8627108,1
1946,11548,2012-08-18 00:00:00,2012.08.18_00:00:00_TAI,1,0.015819319,0.94534653,0.94534653,1
1943,11547,2012-08-18 00:12:00,2012.08.18_00:12:00_TAI,0,6.0480732e-05,0.1188108,0.1188108,0
1946,11548,2012-08-18 00:24:00,2012.08.18_00:24:00_TAI,1,0.013880432,0.9691405,0.9691405,1
1946,11548,2012-08-18 00:48:00,2012.08.18_00:48:00_TAI,1,0.04353926,0.95785993,0.95785993,1
1946,11548,2012-08-18 01:12:00,2012.08.18_01:12:00_TAI,1,0.016953722,0.99545324,0.99545324,1
1931,11543,2012-08-18 01:24:00,2012.08.18_01:24:00_TAI,0,0.0018090069,0.991875,0.991875,1
1942,11546,2012-08-18 02:36:00,2012.08.18_02:36:00_TAI,0,0.0003126462,0.73897475,0.73897475,1
1946,11548,2012-08-18 03:00:00,2012.08.18_03:00:00_TAI,1,0.0040594456,0.99631894,0.99631894,1
1946,11548,2012-08-18 03:48:00,2012.08.18_03:48:00_TAI,1,0.0021970116,0.9971244,0.9971244,1
1946,11548,2012-08-18 04:00:00,2012.08.18_04:00:00_TAI,1,0.012302954,0.99710983,0.99710983,1
1946,11548,2012-08-18 04:24:00,2012.08.18_04:24:00_TAI,1,0.10215368,0.99702185,0.99702185,1
1942,11546,2012-08-18 04:36:00,2012.08.18_04:36:00_TAI,0,0.00030820112,0.740166,0.740166,1
1948,11549,2012-08-18 05:00:00,2012.08.18_05:00:00_TAI,0,0.0011838508,0.07082102,0.07082102,0
1946,11548,2012-08-18 05:36:00,2012.08.18_05:36:00_TAI,1,0.07740228,0.9985409,0.9985409,1
1946,11548,2012-08-18 06:00:00,2012.08.18_06:00:00_TAI,1,0.05184881,0.9986045,0.9986045,1
1946,11548,2012-08-18 06:12:00,2012.08.18_06:12:00_TAI,1,0.0148673365,0.9697575,0.9697575,1
1946,11548,2012-08-18 06:48:00,2012.08.18_06:48:00_TAI,1,0.0025831882,0.98722446,0.98722446,1
1946,11548,2012-08-18 07:24:00,2012.08.18_07:24:00_TAI,1,0.01156385,0.95069087,0.95069087,1
1946,11548,2012-08-18 07:36:00,2012.08.18_07:36:00_TAI,1,0.011452158,0.99045557,0.99045557,1
1946,11548,2012-08-18 08:24:00,2012.08.18_08:24:00_TAI,1,0.0074659307,0.9998306,0.9998306,1
1946,11548,2012-08-18 09:00:00,2012.08.18_09:00:00_TAI,1,0.0067366697,0.9226934,0.9226934,1
1946,11548,2012-08-18 09:24:00,2012.08.18_09:24:00_TAI,1,0.008533549,0.99315274,0.99315274,1
1946,11548,2012-08-18 10:12:00,2012.08.18_10:12:00_TAI,1,0.03259654,0.99319756,0.99319756,1
1946,11548,2012-08-18 12:36:00,2012.08.18_12:36:00_TAI,1,0.0036370526,0.99720204,0.99720204,1
1946,11548,2012-08-18 13:12:00,2012.08.18_13:12:00_TAI,1,0.012809577,0.9976913,0.9976913,1
1946,11548,2012-08-18 13:36:00,2012.08.18_13:36:00_TAI,1,0.01174289,0.9952988,0.9952988,1
1946,11548,2012-08-18 13:48:00,2012.08.18_13:48:00_TAI,1,0.013166831,0.9992335,0.9992335,1
1946,11548,2012-08-18 14:36:00,2012.08.18_14:36:00_TAI,1,0.005218353,0.9973132,0.9973132,1
1943,11547,2012-08-18 14:48:00,2012.08.18_14:48:00_TAI,0,3.3188488e-05,0.022421924,0.022421924,0
1946,11548,2012-08-18 17:24:00,2012.08.18_17:24:00_TAI,1,0.001103927,0.6245377,0.6245377,1
1946,11548,2012-08-18 18:00:00,2012.08.18_18:00:00_TAI,1,0.00014868061,0.84486926,0.84486926,1
1931,11543,2012-08-18 18:12:00,2012.08.18_18:12:00_TAI,0,0.00013980221,0.9869854,0.9869854,1
1946,11548,2012-08-18 18:12:00,2012.08.18_18:12:00_TAI,1,0.00030412464,0.7742724,0.7742724,1
1946,11548,2012-08-18 18:48:00,2012.08.18_18:48:00_TAI,1,0.00088256766,0.48523393,0.48523393,1
1946,11548,2012-08-18 21:48:00,2012.08.18_21:48:00_TAI,1,6.189129e-05,0.4485228,0.4485228,0
1931,11543,2012-08-18 21:48:00,2012.08.18_21:48:00_TAI,0,0.00016340174,0.8968394,0.8968394,1
1946,11548,2012-08-18 22:24:00,2012.08.18_22:24:00_TAI,1,0.00015104885,0.83948237,0.83948237,1
1946,11548,2012-08-18 22:48:00,2012.08.18_22:48:00_TAI,1,0.00018144197,0.7561721,0.7561721,1
1942,11546,2012-08-19 04:24:00,2012.08.19_04:24:00_TAI,0,0.0007131769,0.17472994,0.17472994,0
1952,11551,2012-08-19 06:12:00,2012.08.19_06:12:00_TAI,0,0.0009258717,0.046851177,0.046851177,0
1946,11548,2012-08-19 07:36:00,2012.08.19_07:36:00_TAI,0,6.0204922e-05,0.2726203,0.2726203,0
1949,11550,2012-08-19 08:48:00,2012.08.19_08:48:00_TAI,0,0.0011838508,0.006359601,0.006359601,0
1931,11543,2012-08-19 17:12:00,2012.08.19_17:12:00_TAI,0,5.1020495e-05,0.99933964,0.99933964,1
1946,11548,2012-08-19 17:12:00,2012.08.19_17:12:00_TAI,0,4.2018273e-05,0.23130591,0.23130591,0
1946,11548,2012-08-19 17:36:00,2012.08.19_17:36:00_TAI,0,3.736733e-05,0.45443735,0.45443735,0
1949,11550,2012-08-19 18:12:00,2012.08.19_18:12:00_TAI,0,6.163985e-05,0.08224135,0.08224135,0
1949,11550,2012-08-20 00:24:00,2012.08.20_00:24:00_TAI,0,0.00019128661,0.20746957,0.20746957,0
1931,11543,2012-08-20 03:48:00,2012.08.20_03:48:00_TAI,0,7.538648e-07,0.9995402,0.9995402,1
1948,11549,2012-08-20 06:12:00,2012.08.20_06:12:00_TAI,0,1.2788047e-05,0.016398394,0.016398394,0
1946,11548,2012-08-20 08:00:00,2012.08.20_08:00:00_TAI,0,4.923096e-05,0.55231404,0.55231404,1
1943,11547,2012-08-20 08:48:00,2012.08.20_08:48:00_TAI,0,0.0011895003,0.041978925,0.041978925,0
1948,11549,2012-08-20 11:36:00,2012.08.20_11:36:00_TAI,0,1.6434169e-06,0.027018,0.027018,0
1942,11546,2012-08-20 15:24:00,2012.08.20_15:24:00_TAI,0,0.001344996,0.41903278,0.41903278,0
1948,11549,2012-08-20 16:24:00,2012.08.20_16:24:00_TAI,0,1.5239096e-06,0.083256595,0.083256595,0
1948,11549,2012-08-20 19:00:00,2012.08.20_19:00:00_TAI,0,2.0356581e-05,0.042523075,0.042523075,0
1952,11551,2012-08-20 19:24:00,2012.08.20_19:24:00_TAI,0,0.0003199421,0.29011217,0.29011217,0
1952,11551,2012-08-21 02:00:00,2012.08.21_02:00:00_TAI,0,0.00017042481,0.20576233,0.20576233,0
1946,11548,2012-08-21 07:36:00,2012.08.21_07:36:00_TAI,0,3.2111817e-05,0.52160907,0.52160907,1
1949,11550,2012-08-21 11:48:00,2012.08.21_11:48:00_TAI,0,0.00043751806,0.47705042,0.47705042,0
1951,11552,2012-08-21 12:36:00,2012.08.21_12:36:00_TAI,0,0.000856888,0.25218976,0.25218976,0
1959,11553,2012-08-21 13:48:00,2012.08.21_13:48:00_TAI,0,0.0010149054,0.8627108,0.8627108,1
1949,11550,2012-08-21 21:24:00,2012.08.21_21:24:00_TAI,0,7.638236e-06,0.9103808,0.9103808,1
1962,11554,2012-08-21 23:12:00,2012.08.21_23:12:00_TAI,0,0.002571958,0.011461474,0.011461474,0
1952,11551,2012-08-22 11:36:00,2012.08.22_11:36:00_TAI,0,0.00039857067,0.289133,0.289133,0
1942,11546,2012-08-22 17:48:00,2012.08.22_17:48:00_TAI,0,0.00048243222,0.25779313,0.25779313,0
1942,11546,2012-08-22 19:12:00,2012.08.22_19:12:00_TAI,0,0.0012267418,0.3537735,0.3537735,0
1952,11551,2012-08-22 19:24:00,2012.08.22_19:24:00_TAI,0,0.00035210277,0.3117853,0.3117853,0
1942,11546,2012-08-22 20:12:00,2012.08.22_20:12:00_TAI,0,0.0039918423,0.38494283,0.38494283,0
1962,11554,2012-08-23 01:48:00,2012.08.23_01:48:00_TAI,0,0.00014123105,0.012741631,0.012741631,0
1943,11547,2012-08-23 02:48:00,2012.08.23_02:48:00_TAI,0,0.0007563273,0.030799475,0.030799475,0
1946,11548,2012-08-23 04:12:00,2012.08.23_04:12:00_TAI,0,2.6965983e-05,0.89206785,0.89206785,1
1962,11554,2012-08-23 05:36:00,2012.08.23_05:36:00_TAI,0,3.9547784e-05,0.021409035,0.021409035,0
1952,11551,2012-08-23 11:00:00,2012.08.23_11:00:00_TAI,0,1.3591819e-05,0.14408039,0.14408039,0
1943,11547,2012-08-23 11:24:00,2012.08.23_11:24:00_TAI,0,6.563272e-05,0.034127377,0.034127377,0
1951,11552,2012-08-23 14:24:00,2012.08.23_14:24:00_TAI,0,8.2643535e-05,0.3194167,0.3194167,0
1952,11551,2012-08-23 14:48:00,2012.08.23_14:48:00_TAI,0,0.00014780632,0.16653788,0.16653788,0
1959,11553,2012-08-23 21:00:00,2012.08.23_21:00:00_TAI,0,0.00065242435,0.9992403,0.9992403,1
1970,11555,2012-08-23 21:24:00,2012.08.23_21:24:00_TAI,0,0.002464023,0.8627108,0.8627108,1
1962,11554,2012-08-24 00:36:00,2012.08.24_00:36:00_TAI,0,0.00043165102,0.6524113,0.6524113,1
1951,11552,2012-08-24 08:12:00,2012.08.24_08:12:00_TAI,0,3.726925e-05,0.36145946,0.36145946,0
1970,11555,2012-08-24 12:36:00,2012.08.24_12:36:00_TAI,0,0.0011294376,0.8149285,0.8149285,1
1970,11555,2012-08-24 13:00:00,2012.08.24_13:00:00_TAI,0,0.0011294376,0.7385018,0.7385018,1
1946,11548,2012-08-24 21:12:00,2012.08.24_21:12:00_TAI,0,0.0010215475,0.5341241,0.5341241,1
1952,11551,2012-08-25 08:36:00,2012.08.25_08:36:00_TAI,0,1.1312228e-06,0.032406706,0.032406706,0
1951,11552,2012-08-25 11:36:00,2012.08.25_11:36:00_TAI,0,1.8131444e-05,0.27828902,0.27828902,0
1959,11553,2012-08-25 12:00:00,2012.08.25_12:00:00_TAI,0,0.00044583104,0.9941719,0.9941719,1
1951,11552,2012-08-25 12:12:00,2012.08.25_12:12:00_TAI,0,1.8717246e-05,0.3368241,0.3368241,0
1970,11555,2012-08-25 13:00:00,2012.08.25_13:00:00_TAI,0,0.002084724,0.9954146,0.9954146,1
1962,11554,2012-08-25 14:12:00,2012.08.25_14:12:00_TAI,0,0.000262921,0.60856074,0.60856074,1
1978,11556,2012-08-25 15:36:00,2012.08.25_15:36:00_TAI,0,0.0010276247,0.012361794,0.012361794,0
1962,11554,2012-08-25 16:00:00,2012.08.25_16:00:00_TAI,0,0.00028118107,0.3592796,0.3592796,0
1951,11552,2012-08-25 20:00:00,2012.08.25_20:00:00_TAI,0,0.00032802214,0.15168737,0.15168737,0
1959,11553,2012-08-25 21:36:00,2012.08.25_21:36:00_TAI,0,0.0014323422,0.9600998,0.9600998,1
1951,11552,2012-08-25 23:00:00,2012.08.25_23:00:00_TAI,0,0.00023332042,0.3457286,0.3457286,0
1970,11555,2012-08-25 23:12:00,2012.08.25_23:12:00_TAI,0,0.0030875923,0.99334127,0.99334127,1
1951,11552,2012-08-26 03:24:00,2012.08.26_03:24:00_TAI,0,0.0004539276,0.2463378,0.2463378,0
1978,11556,2012-08-26 04:12:00,2012.08.26_04:12:00_TAI,0,0.0012370334,0.014090681,0.014090681,0
1979,11558,2012-08-26 04:24:00,2012.08.26_04:24:00_TAI,0,0.00096747617,0.8627108,0.8627108,1
1962,11554,2012-08-26 04:36:00,2012.08.26_04:36:00_TAI,0,0.0007754232,0.9383426,0.9383426,1
1979,11558,2012-08-26 09:48:00,2012.08.26_09:48:00_TAI,0,0.0010149054,0.8627108,0.8627108,1
1970,11555,2012-08-26 10:48:00,2012.08.26_10:48:00_TAI,0,0.00011020878,0.3981176,0.3981176,0
1951,11552,2012-08-26 11:00:00,2012.08.26_11:00:00_TAI,0,5.57586e-05,0.28957704,0.28957704,0
1962,11554,2012-08-26 11:36:00,2012.08.26_11:36:00_TAI,0,0.00028471876,0.8859724,0.8859724,1
1978,11556,2012-08-26 15:48:00,2012.08.26_15:48:00_TAI,0,0.00012070396,0.09356942,0.09356942,0
1970,11555,2012-08-26 17:24:00,2012.08.26_17:24:00_TAI,0,0.0021078875,0.84429187,0.84429187,1
1946,11548,2012-08-26 19:12:00,2012.08.26_19:12:00_TAI,0,0.0030687603,0.4864107,0.4864107,1
1946,11548,2012-08-26 23:24:00,2012.08.26_23:24:00_TAI,0,0.00031694747,0.3241213,0.3241213,0
1978,11556,2012-08-27 04:48:00,2012.08.27_04:48:00_TAI,0,1.6177812e-05,0.03520921,0.03520921,0
1979,11558,2012-08-27 05:12:00,2012.08.27_05:12:00_TAI,0,1.8101278e-05,0.9804293,0.9804293,1
1962,11554,2012-08-27 06:36:00,2012.08.27_06:36:00_TAI,0,0.0013784701,0.95229363,0.95229363,1
1959,11553,2012-08-27 07:24:00,2012.08.27_07:24:00_TAI,0,0.00026086456,0.9906809,0.9906809,1
1979,11558,2012-08-27 09:12:00,2012.08.27_09:12:00_TAI,0,7.052828e-05,0.97078776,0.97078776,1
1951,11552,2012-08-27 10:36:00,2012.08.27_10:36:00_TAI,0,1.1032103e-05,0.35930017,0.35930017,0
1946,11548,2012-08-27 12:00:00,2012.08.27_12:00:00_TAI,0,0.0003278383,0.2715826,0.2715826,0
1962,11554,2012-08-27 13:48:00,2012.08.27_13:48:00_TAI,0,0.0008156217,0.8453697,0.8453697,1
1946,11548,2012-08-27 15:00:00,2012.08.27_15:00:00_TAI,0,4.82909e-05,0.22417454,0.22417454,0
1946,11548,2012-08-27 19:24:00,2012.08.27_19:24:00_TAI,0,0.00027153594,0.1354706,0.1354706,0
1978,11556,2012-08-27 19:24:00,2012.08.27_19:24:00_TAI,0,2.3370962e-05,0.18053825,0.18053825,0
1959,11553,2012-08-27 20:36:00,2012.08.27_20:36:00_TAI,0,0.0020160577,0.9701825,0.9701825,1
1979,11558,2012-08-28 04:48:00,2012.08.28_04:48:00_TAI,0,2.7518156e-05,0.3327325,0.3327325,0
1970,11555,2012-08-28 06:00:00,2012.08.28_06:00:00_TAI,0,0.00010935091,0.91022,0.91022,1
1978,11556,2012-08-28 07:36:00,2012.08.28_07:36:00_TAI,0,7.223516e-06,0.9498594,0.9498594,1
1951,11552,2012-08-28 10:12:00,2012.08.28_10:12:00_TAI,0,0.0004403906,0.23544575,0.23544575,0
1970,11555,2012-08-28 10:24:00,2012.08.28_10:24:00_TAI,0,0.00012380934,0.6072325,0.6072325,1
1990,11562,2012-08-28 19:12:00,2012.08.28_19:12:00_TAI,0,8.162153e-05,0.059866615,0.059866615,0
1979,11558,2012-08-28 19:48:00,2012.08.28_19:48:00_TAI,0,3.489976e-05,0.5617095,0.5617095,1
1990,11562,2012-08-28 20:36:00,2012.08.28_20:36:00_TAI,0,7.06979e-05,0.058553953,0.058553953,0
1951,11552,2012-08-28 23:48:00,2012.08.28_23:48:00_TAI,0,0.0010841313,0.09299394,0.09299394,0
1946,11548,2012-08-29 03:12:00,2012.08.29_03:12:00_TAI,0,3.2586613e-05,0.091971055,0.091971055,0
1990,11562,2012-08-29 09:12:00,2012.08.29_09:12:00_TAI,0,0.0004899979,0.026298191,0.026298191,0
1962,11554,2012-08-29 09:36:00,2012.08.29_09:36:00_TAI,1,5.093163e-05,0.7869362,0.7869362,1
1962,11554,2012-08-29 10:00:00,2012.08.29_10:00:00_TAI,1,0.00017222865,0.64878434,0.64878434,1
1962,11554,2012-08-29 11:12:00,2012.08.29_11:12:00_TAI,1,0.0010229801,0.63254154,0.63254154,1
1962,11554,2012-08-29 11:24:00,2012.08.29_11:24:00_TAI,1,0.0012176249,0.52788705,0.52788705,1
1962,11554,2012-08-29 11:48:00,2012.08.29_11:48:00_TAI,1,0.00082095823,0.7503808,0.7503808,1
1990,11562,2012-08-29 11:48:00,2012.08.29_11:48:00_TAI,0,0.0001140831,0.07050073,0.07050073,0
1997,11561,2012-08-29 12:00:00,2012.08.29_12:00:00_TAI,1,0.0010149054,0.008455104,0.008455104,0
1962,11554,2012-08-29 12:12:00,2012.08.29_12:12:00_TAI,1,0.00077780505,0.782125,0.782125,1
1997,11561,2012-08-29 12:36:00,2012.08.29_12:36:00_TAI,1,0.0011294376,0.014943884,0.014943884,0
1998,11557,2012-08-29 12:48:00,2012.08.29_12:48:00_TAI,0,0.0010149054,0.4824885,0.4824885,1
1946,11548,2012-08-29 13:00:00,2012.08.29_13:00:00_TAI,0,2.9506597e-05,0.046314072,0.046314072,0
1962,11554,2012-08-29 13:12:00,2012.08.29_13:12:00_TAI,1,0.001005163,0.7225353,0.7225353,1
1970,11555,2012-08-29 13:24:00,2012.08.29_13:24:00_TAI,0,0.0001776345,0.50435,0.50435,1
1997,11561,2012-08-29 13:24:00,2012.08.29_13:24:00_TAI,1,0.0011294376,0.019189836,0.019189836,0
1946,11548,2012-08-29 13:36:00,2012.08.29_13:36:00_TAI,0,2.0953803e-05,0.16112876,0.16112876,0
1962,11554,2012-08-29 14:00:00,2012.08.29_14:00:00_TAI,1,0.00032612565,0.65661836,0.65661836,1
1997,11561,2012-08-29 14:24:00,2012.08.29_14:24:00_TAI,1,0.0011294376,0.011843708,0.011843708,0
1962,11554,2012-08-29 14:24:00,2012.08.29_14:24:00_TAI,1,0.00064041495,0.91904086,0.91904086,1
1962,11554,2012-08-29 14:36:00,2012.08.29_14:36:00_TAI,1,0.00085110194,0.84790385,0.84790385,1
1997,11561,2012-08-29 14:48:00,2012.08.29_14:48:00_TAI,1,0.0011294376,0.012142981,0.012142981,0
1997,11561,2012-08-29 15:24:00,2012.08.29_15:24:00_TAI,1,0.0011435907,0.012129765,0.012129765,0
1962,11554,2012-08-29 15:36:00,2012.08.29_15:36:00_TAI,1,0.0009228526,0.8603166,0.8603166,1
1962,11554,2012-08-29 16:00:00,2012.08.29_16:00:00_TAI,1,0.00053428835,0.8796404,0.8796404,1
1997,11561,2012-08-29 17:00:00,2012.08.29_17:00:00_TAI,1,0.0011808937,0.019499104,0.019499104,0
1993,11560,2012-08-29 17:12:00,2012.08.29_17:12:00_TAI,0,0.001089674,0.040196706,0.040196706,0
1997,11561,2012-08-29 17:24:00,2012.08.29_17:24:00_TAI,1,0.0011808937,0.0183032,0.0183032,0
1997,11561,2012-08-29 18:00:00,2012.08.29_18:00:00_TAI,1,0.0014186328,0.046020176,0.046020176,0
1997,11561,2012-08-29 18:12:00,2012.08.29_18:12:00_TAI,1,0.0014186328,0.036708817,0.036708817,0
1962,11554,2012-08-29 18:24:00,2012.08.29_18:24:00_TAI,1,0.049720656,0.6950797,0.6950797,1
1997,11561,2012-08-29 19:00:00,2012.08.29_19:00:00_TAI,1,0.0021765449,0.028857054,0.028857054,0
1997,11561,2012-08-29 19:12:00,2012.08.29_19:12:00_TAI,1,0.0021765449,0.02643101,0.02643101,0
1962,11554,2012-08-29 19:24:00,2012.08.29_19:24:00_TAI,1,0.021845866,0.8396116,0.8396116,1
1962,11554,2012-08-29 20:00:00,2012.08.29_20:00:00_TAI,1,0.0103651425,0.91733706,0.91733706,1
1962,11554,2012-08-29 20:24:00,2012.08.29_20:24:00_TAI,1,0.009994671,0.90011394,0.90011394,1
1962,11554,2012-08-29 20:36:00,2012.08.29_20:36:00_TAI,1,0.009709756,0.95948064,0.95948064,1
1946,11548,2012-08-29 20:48:00,2012.08.29_20:48:00_TAI,0,4.5827885e-05,0.057361543,0.057361543,0
1997,11561,2012-08-29 21:00:00,2012.08.29_21:00:00_TAI,1,0.0029660126,0.03919121,0.03919121,0
1997,11561,2012-08-29 21:12:00,2012.08.29_21:12:00_TAI,1,0.0029660126,0.028142558,0.028142558,0
1979,11558,2012-08-29 22:12:00,2012.08.29_22:12:00_TAI,0,0.00024254345,0.04722302,0.04722302,0
1962,11554,2012-08-29 22:12:00,2012.08.29_22:12:00_TAI,1,0.009318135,0.96317333,0.96317333,1
1990,11562,2012-08-29 22:48:00,2012.08.29_22:48:00_TAI,0,4.10757e-05,0.044726618,0.044726618,0
1959,11553,2012-08-29 23:24:00,2012.08.29_23:24:00_TAI,0,0.0009930213,0.9762381,0.9762381,1
1962,11554,2012-08-29 23:24:00,2012.08.29_23:24:00_TAI,1,0.014035851,0.9932429,0.9932429,1
1962,11554,2012-08-30 00:24:00,2012.08.30_00:24:00_TAI,1,0.02762947,0.9866671,0.9866671,1
1962,11554,2012-08-30 00:36:00,2012.08.30_00:36:00_TAI,1,0.019396521,0.98843724,0.98843724,1
1997,11561,2012-08-30 00:36:00,2012.08.30_00:36:00_TAI,1,0.0013763877,0.022081038,0.022081038,0
1962,11554,2012-08-30 01:36:00,2012.08.30_01:36:00_TAI,1,0.016687075,0.9963186,0.9963186,1
1962,11554,2012-08-30 01:48:00,2012.08.30_01:48:00_TAI,1,0.029352246,0.9976412,0.9976412,1
1962,11554,2012-08-30 02:00:00,2012.08.30_02:00:00_TAI,1,0.030279387,0.9980903,0.9980903,1
1997,11561,2012-08-30 02:00:00,2012.08.30_02:00:00_TAI,1,0.0035525917,0.038348615,0.038348615,0
1997,11561,2012-08-30 02:12:00,2012.08.30_02:12:00_TAI,1,0.012708995,0.03200942,0.03200942,0
1997,11561,2012-08-30 03:00:00,2012.08.30_03:00:00_TAI,1,0.004989092,0.0342801,0.0342801,0
1997,11561,2012-08-30 03:24:00,2012.08.30_03:24:00_TAI,1,0.00087790564,0.0369417,0.0369417,0
1962,11554,2012-08-30 03:24:00,2012.08.30_03:24:00_TAI,1,0.013423612,0.9780739,0.9780739,1
1997,11561,2012-08-30 03:48:00,2012.08.30_03:48:00_TAI,1,0.00087027746,0.03414131,0.03414131,0
1962,11554,2012-08-30 04:00:00,2012.08.30_04:00:00_TAI,1,0.015856177,0.9973917,0.9973917,1
1997,11561,2012-08-30 05:00:00,2012.08.30_05:00:00_TAI,1,0.0017869133,0.06013146,0.06013146,0
1962,11554,2012-08-30 05:36:00,2012.08.30_05:36:00_TAI,1,0.003739765,0.9980939,0.9980939,1
1962,11554,2012-08-30 07:12:00,2012.08.30_07:12:00_TAI,1,0.0012154111,0.99884975,0.99884975,1
1962,11554,2012-08-30 07:48:00,2012.08.30_07:48:00_TAI,1,0.00038894685,0.99898535,0.99898535,1
1962,11554,2012-08-30 08:36:00,2012.08.30_08:36:00_TAI,1,0.00033911358,0.9983165,0.9983165,1
1997,11561,2012-08-30 08:48:00,2012.08.30_08:48:00_TAI,1,0.0011408699,0.20674208,0.20674208,0
1996,11563,2012-08-30 08:48:00,2012.08.30_08:48:00_TAI,0,0.007638605,0.6656258,0.6656258,1
1962,11554,2012-08-30 09:00:00,2012.08.30_09:00:00_TAI,1,0.00044762768,0.99935204,0.99935204,1
1997,11561,2012-08-30 09:12:00,2012.08.30_09:12:00_TAI,1,0.00066355726,0.201394,0.201394,0
1997,11561,2012-08-30 10:48:00,2012.08.30_10:48:00_TAI,1,0.00095556804,0.10873634,0.10873634,0
1997,11561,2012-08-30 11:24:00,2012.08.30_11:24:00_TAI,1,0.00080567476,0.10343297,0.10343297,0
1996,11563,2012-08-30 11:24:00,2012.08.30_11:24:00_TAI,0,0.056165285,0.8077778,0.8077778,1
1997,11561,2012-08-30 11:48:00,2012.08.30_11:48:00_TAI,1,0.00087771413,0.088938646,0.088938646,0
1999,11564,2012-08-30 12:12:00,2012.08.30_12:12:00_TAI,0,0.0011294376,0.8627108,0.8627108,1
1959,11553,2012-08-30 13:12:00,2012.08.30_13:12:00_TAI,0,0.000102285514,0.99712247,0.99712247,1
1990,11562,2012-08-30 14:24:00,2012.08.30_14:24:00_TAI,0,0.00011146745,0.007051872,0.007051872,0
1993,11560,2012-08-30 17:12:00,2012.08.30_17:12:00_TAI,0,0.0014218864,0.40779018,0.40779018,0
1990,11562,2012-08-30 19:36:00,2012.08.30_19:36:00_TAI,1,0.00047012838,0.012259213,0.012259213,0
1990,11562,2012-08-30 19:48:00,2012.08.30_19:48:00_TAI,1,0.00066844845,0.0045605814,0.0045605814,0
1990,11562,2012-08-30 20:48:00,2012.08.30_20:48:00_TAI,1,0.0008878163,0.009361916,0.009361916,0
1990,11562,2012-08-30 21:00:00,2012.08.30_21:00:00_TAI,1,0.0006239524,0.012345342,0.012345342,0
1999,11564,2012-08-30 21:24:00,2012.08.30_21:24:00_TAI,0,1.7321778e-05,0.42879924,0.42879924,0
1990,11562,2012-08-30 22:00:00,2012.08.30_22:00:00_TAI,1,3.8346574e-05,0.007468825,0.007468825,0
1990,11562,2012-08-30 22:12:00,2012.08.30_22:12:00_TAI,1,3.1279073e-05,0.011113463,0.011113463,0
1990,11562,2012-08-30 22:36:00,2012.08.30_22:36:00_TAI,1,2.5848e-05,0.015881957,0.015881957,0
1993,11560,2012-08-31 00:00:00,2012.08.31_00:00:00_TAI,0,0.00014550431,0.73207414,0.73207414,1
1990,11562,2012-08-31 00:48:00,2012.08.31_00:48:00_TAI,1,3.1683645e-05,0.009963334,0.009963334,0
1990,11562,2012-08-31 02:00:00,2012.08.31_02:00:00_TAI,1,7.352204e-05,0.014485053,0.014485053,0
1979,11558,2012-08-31 02:12:00,2012.08.31_02:12:00_TAI,0,0.0005716199,0.07900147,0.07900147,0
1990,11562,2012-08-31 02:36:00,2012.08.31_02:36:00_TAI,1,0.00024892925,0.01484126,0.01484126,0
1990,11562,2012-08-31 03:48:00,2012.08.31_03:48:00_TAI,1,0.00029039913,0.011476655,0.011476655,0
1990,11562,2012-08-31 04:00:00,2012.08.31_04:00:00_TAI,1,0.00038788616,0.018538611,0.018538611,0
1990,11562,2012-08-31 05:24:00,2012.08.31_05:24:00_TAI,1,7.3096366e-05,0.01082681,0.01082681,0
1990,11562,2012-08-31 06:12:00,2012.08.31_06:12:00_TAI,1,4.636568e-05,0.011305714,0.011305714,0
1990,11562,2012-08-31 06:24:00,2012.08.31_06:24:00_TAI,1,3.3935154e-05,0.019502232,0.019502232,0
1996,11563,2012-08-31 06:36:00,2012.08.31_06:36:00_TAI,0,0.0009140156,0.44736806,0.44736806,0
1990,11562,2012-08-31 06:48:00,2012.08.31_06:48:00_TAI,1,2.857977e-05,0.0074967747,0.0074967747,0
1990,11562,2012-08-31 07:12:00,2012.08.31_07:12:00_TAI,1,2.4039002e-05,0.014041561,0.014041561,0
1993,11560,2012-08-31 07:36:00,2012.08.31_07:36:00_TAI,0,0.00013557507,0.90740335,0.90740335,1
1959,11553,2012-08-31 08:48:00,2012.08.31_08:48:00_TAI,0,0.0012062248,0.9891452,0.9891452,1
1990,11562,2012-08-31 10:36:00,2012.08.31_10:36:00_TAI,1,9.1176276e-05,0.0065626604,0.0065626604,0
1998,11557,2012-08-31 11:00:00,2012.08.31_11:00:00_TAI,0,1.1812493e-05,0.05549179,0.05549179,0
1990,11562,2012-08-31 11:24:00,2012.08.31_11:24:00_TAI,1,8.7107874e-05,0.009214262,0.009214262,0
1962,11554,2012-08-31 12:00:00,2012.08.31_12:00:00_TAI,0,0.000105791114,0.9990138,0.9990138,1
1990,11562,2012-08-31 12:00:00,2012.08.31_12:00:00_TAI,1,0.00020039316,0.011190106,0.011190106,0
1999,11564,2012-08-31 12:00:00,2012.08.31_12:00:00_TAI,0,7.5136595e-06,0.9939452,0.9939452,1
1993,11560,2012-08-31 12:36:00,2012.08.31_12:36:00_TAI,0,0.0006501888,0.92748713,0.92748713,1
1990,11562,2012-08-31 12:48:00,2012.08.31_12:48:00_TAI,1,0.0001376759,0.0071385703,0.0071385703,0
1951,11552,2012-08-31 13:12:00,2012.08.31_13:12:00_TAI,0,8.926117e-06,0.45236403,0.45236403,0
1990,11562,2012-08-31 13:12:00,2012.08.31_13:12:00_TAI,1,0.0003853402,0.009909406,0.009909406,0
1990,11562,2012-08-31 13:24:00,2012.08.31_13:24:00_TAI,1,0.001158807,0.012553358,0.012553358,0
1990,11562,2012-08-31 14:00:00,2012.08.31_14:00:00_TAI,1,0.0002686439,0.0071580186,0.0071580186,0
1951,11552,2012-08-31 14:12:00,2012.08.31_14:12:00_TAI,0,3.1118375e-06,0.4181,0.4181,0
1990,11562,2012-08-31 14:48:00,2012.08.31_14:48:00_TAI,1,0.00016578773,0.010788007,0.010788007,0
1998,11557,2012-08-31 16:00:00,2012.08.31_16:00:00_TAI,0,3.7271368e-06,0.032848928,0.032848928,0
1999,11564,2012-08-31 16:24:00,2012.08.31_16:24:00_TAI,0,5.5971756e-05,0.99985445,0.99985445,1
1990,11562,2012-08-31 16:48:00,2012.08.31_16:48:00_TAI,1,4.3905617e-05,0.010025897,0.010025897,0
1990,11562,2012-08-31 17:12:00,2012.08.31_17:12:00_TAI,1,3.767196e-05,0.02084658,0.02084658,0
1990,11562,2012-08-31 18:00:00,2012.08.31_18:00:00_TAI,1,4.165442e-05,0.023396721,0.023396721,0
1990,11562,2012-08-31 18:24:00,2012.08.31_18:24:00_TAI,1,3.8836926e-05,0.03234923,0.03234923,0
1993,11560,2012-08-31 21:00:00,2012.08.31_21:00:00_TAI,0,0.0076493407,0.99209505,0.99209505,1
1959,11553,2012-09-01 03:24:00,2012.09.01_03:24:00_TAI,0,0.00090494537,0.99856853,0.99856853,1
1999,11564,2012-09-01 09:48:00,2012.09.01_09:48:00_TAI,0,3.998419e-05,0.99888235,0.99888235,1
1999,11564,2012-09-01 12:00:00,2012.09.01_12:00:00_TAI,0,0.00044387506,0.99989843,0.99989843,1
1996,11563,2012-09-01 18:00:00,2012.09.01_18:00:00_TAI,0,0.00071906345,0.76121473,0.76121473,1
1996,11563,2012-09-01 19:00:00,2012.09.01_19:00:00_TAI,0,0.00035976493,0.8785483,0.8785483,1
1996,11563,2012-09-01 19:12:00,2012.09.01_19:12:00_TAI,0,0.0001551635,0.84734166,0.84734166,1
1998,11557,2012-09-01 22:24:00,2012.09.01_22:24:00_TAI,0,0.0029660126,0.06805065,0.06805065,0
1993,11560,2012-09-01 23:00:00,2012.09.01_23:00:00_TAI,0,0.00012955422,0.9565355,0.9565355,1
1979,11558,2012-09-02 01:00:00,2012.09.02_01:00:00_TAI,0,0.0004053991,0.13193882,0.13193882,0
1999,11564,2012-09-02 02:00:00,2012.09.02_02:00:00_TAI,0,0.00048024938,0.96074075,0.96074075,1
1996,11563,2012-09-02 03:00:00,2012.09.02_03:00:00_TAI,0,0.0002945505,0.9077351,0.9077351,1
2007,11565,2012-09-02 06:48:00,2012.09.02_06:48:00_TAI,0,0.0011838508,0.012926568,0.012926568,0
1998,11557,2012-09-02 07:24:00,2012.09.02_07:24:00_TAI,0,0.0011838508,0.035240214,0.035240214,0
1979,11558,2012-09-02 08:12:00,2012.09.02_08:12:00_TAI,0,2.7649288e-05,0.13144992,0.13144992,0
1990,11562,2012-09-02 08:12:00,2012.09.02_08:12:00_TAI,0,4.1106225e-05,0.12132539,0.12132539,0
1997,11561,2012-09-02 11:00:00,2012.09.02_11:00:00_TAI,0,0.0002527765,0.2684153,0.2684153,0
2007,11565,2012-09-02 12:00:00,2012.09.02_12:00:00_TAI,0,0.0011294376,0.057938945,0.057938945,0
1979,11558,2012-09-02 14:12:00,2012.09.02_14:12:00_TAI,0,4.1854146e-05,0.13358513,0.13358513,0
1993,11560,2012-09-02 17:12:00,2012.09.02_17:12:00_TAI,0,0.0001033017,0.45806307,0.45806307,0
2011,11566,2012-09-02 17:36:00,2012.09.02_17:36:00_TAI,0,0.0010611493,0.8627108,0.8627108,1
2011,11566,2012-09-02 18:36:00,2012.09.02_18:36:00_TAI,0,0.0012748119,0.8627108,0.8627108,1
1990,11562,2012-09-02 19:36:00,2012.09.02_19:36:00_TAI,0,4.5178644e-05,0.09699941,0.09699941,0
1990,11562,2012-09-02 19:48:00,2012.09.02_19:48:00_TAI,0,5.5825585e-05,0.07942422,0.07942422,0
1998,11557,2012-09-02 21:24:00,2012.09.02_21:24:00_TAI,0,2.6384701e-05,0.044374287,0.044374287,0
1996,11563,2012-09-02 23:48:00,2012.09.02_23:48:00_TAI,0,0.0006879066,0.77496403,0.77496403,1
2007,11565,2012-09-03 01:24:00,2012.09.03_01:24:00_TAI,0,0.0005761165,0.0206612,0.0206612,0
1998,11557,2012-09-03 02:00:00,2012.09.03_02:00:00_TAI,0,8.3381856e-05,0.17709698,0.17709698,0
1996,11563,2012-09-03 02:12:00,2012.09.03_02:12:00_TAI,0,0.0003109803,0.39541787,0.39541787,0
1999,11564,2012-09-03 04:24:00,2012.09.03_04:24:00_TAI,0,0.00058248546,0.99844176,0.99844176,1
1979,11558,2012-09-03 13:00:00,2012.09.03_13:00:00_TAI,0,0.0021187852,0.07878237,0.07878237,0
1959,11553,2012-09-03 17:00:00,2012.09.03_17:00:00_TAI,0,0.00015189812,0.8446038,0.8446038,1
1959,11553,2012-09-03 17:48:00,2012.09.03_17:48:00_TAI,0,0.0005834495,0.9776367,0.9776367,1
2007,11565,2012-09-03 22:24:00,2012.09.03_22:24:00_TAI,0,0.00020639984,0.13091311,0.13091311,0
1970,11555,2012-09-04 05:36:00,2012.09.04_05:36:00_TAI,0,4.890878e-05,0.8419581,0.8419581,1
1999,11564,2012-09-04 06:48:00,2012.09.04_06:48:00_TAI,0,0.00030353022,0.9996487,0.9996487,1
1999,11564,2012-09-04 07:36:00,2012.09.04_07:36:00_TAI,1,0.00022716483,0.99836415,0.99836415,1
1999,11564,2012-09-04 07:48:00,2012.09.04_07:48:00_TAI,1,0.00022693949,0.9985619,0.9985619,1
1999,11564,2012-09-04 08:00:00,2012.09.04_08:00:00_TAI,1,0.00013673079,0.9962794,0.9962794,1
1999,11564,2012-09-04 09:36:00,2012.09.04_09:36:00_TAI,1,0.00017656221,0.9975637,0.9975637,1
1999,11564,2012-09-04 10:36:00,2012.09.04_10:36:00_TAI,1,5.6037014e-05,0.9927285,0.9927285,1
1970,11555,2012-09-04 11:24:00,2012.09.04_11:24:00_TAI,0,3.80771e-05,0.7767007,0.7767007,1
1999,11564,2012-09-04 11:48:00,2012.09.04_11:48:00_TAI,1,0.00026406583,0.996062,0.996062,1
1999,11564,2012-09-04 12:36:00,2012.09.04_12:36:00_TAI,1,0.00013976023,0.9958482,0.9958482,1
1999,11564,2012-09-04 13:12:00,2012.09.04_13:12:00_TAI,1,0.00019154725,0.9949326,0.9949326,1
1999,11564,2012-09-04 13:24:00,2012.09.04_13:24:00_TAI,1,0.00025662323,0.9969771,0.9969771,1
1999,11564,2012-09-04 14:00:00,2012.09.04_14:00:00_TAI,1,0.00016366948,0.9990392,0.9990392,1
1999,11564,2012-09-04 14:12:00,2012.09.04_14:12:00_TAI,1,0.00017481233,0.99958926,0.99958926,1
1999,11564,2012-09-04 14:24:00,2012.09.04_14:24:00_TAI,1,0.00017839782,0.9990312,0.9990312,1
1999,11564,2012-09-04 14:48:00,2012.09.04_14:48:00_TAI,1,0.00024155618,0.99838114,0.99838114,1
1999,11564,2012-09-04 15:00:00,2012.09.04_15:00:00_TAI,1,0.0001723379,0.99770516,0.99770516,1
1999,11564,2012-09-04 16:00:00,2012.09.04_16:00:00_TAI,1,0.00019965715,0.98570836,0.98570836,1
1999,11564,2012-09-04 16:36:00,2012.09.04_16:36:00_TAI,1,0.0004128542,0.99102074,0.99102074,1
1997,11561,2012-09-04 17:00:00,2012.09.04_17:00:00_TAI,0,2.063133e-05,0.5160731,0.5160731,1
1990,11562,2012-09-04 23:24:00,2012.09.04_23:24:00_TAI,0,0.0004947381,0.4394991,0.4394991,0
1999,11564,2012-09-04 23:24:00,2012.09.04_23:24:00_TAI,1,0.00012794389,0.9992298,0.9992298,1
1999,11564,2012-09-04 23:48:00,2012.09.04_23:48:00_TAI,1,0.00012628225,0.99821645,0.99821645,1
1999,11564,2012-09-05 01:00:00,2012.09.05_01:00:00_TAI,1,0.00021119071,0.99693066,0.99693066,1
1999,11564,2012-09-05 01:12:00,2012.09.05_01:12:00_TAI,1,0.00027737117,0.99905115,0.99905115,1
1999,11564,2012-09-05 01:24:00,2012.09.05_01:24:00_TAI,1,0.0002610454,0.99906045,0.99906045,1
1999,11564,2012-09-05 01:48:00,2012.09.05_01:48:00_TAI,1,0.00018448124,0.999046,0.999046,1
1999,11564,2012-09-05 02:00:00,2012.09.05_02:00:00_TAI,1,0.00025652588,0.9983279,0.9983279,1
1999,11564,2012-09-05 02:12:00,2012.09.05_02:12:00_TAI,1,0.0002217227,0.9963889,0.9963889,1
1999,11564,2012-09-05 02:24:00,2012.09.05_02:24:00_TAI,1,0.00022384366,0.99747133,0.99747133,1
1999,11564,2012-09-05 03:00:00,2012.09.05_03:00:00_TAI,1,0.00027344414,0.994408,0.994408,1
1999,11564,2012-09-05 03:36:00,2012.09.05_03:36:00_TAI,1,0.00019620098,0.9894797,0.9894797,1
1993,11560,2012-09-05 04:12:00,2012.09.05_04:12:00_TAI,1,0.0003159645,0.9971974,0.9971974,1
1996,11563,2012-09-05 04:12:00,2012.09.05_04:12:00_TAI,0,0.00012501644,0.9515308,0.9515308,1
1999,11564,2012-09-05 04:24:00,2012.09.05_04:24:00_TAI,1,9.960163e-05,0.9950329,0.9950329,1
1990,11562,2012-09-05 04:36:00,2012.09.05_04:36:00_TAI,0,9.355684e-05,0.38257456,0.38257456,0
1999,11564,2012-09-05 05:00:00,2012.09.05_05:00:00_TAI,1,8.2257415e-05,0.9942783,0.9942783,1
1999,11564,2012-09-05 05:12:00,2012.09.05_05:12:00_TAI,1,8.33697e-05,0.993186,0.993186,1
1993,11560,2012-09-05 05:12:00,2012.09.05_05:12:00_TAI,1,0.00065844104,0.9903268,0.9903268,1
1993,11560,2012-09-05 05:24:00,2012.09.05_05:24:00_TAI,1,0.0008627865,0.9966918,0.9966918,1
1999,11564,2012-09-05 05:36:00,2012.09.05_05:36:00_TAI,1,3.558468e-05,0.9980877,0.9980877,1
1993,11560,2012-09-05 06:00:00,2012.09.05_06:00:00_TAI,1,0.005278151,0.9942221,0.9942221,1
1999,11564,2012-09-05 06:00:00,2012.09.05_06:00:00_TAI,1,0.00028580526,0.9969651,0.9969651,1
1999,11564,2012-09-05 06:36:00,2012.09.05_06:36:00_TAI,1,0.00035667978,0.99658763,0.99658763,1
1993,11560,2012-09-05 06:48:00,2012.09.05_06:48:00_TAI,1,0.006753579,0.99195683,0.99195683,1
1993,11560,2012-09-05 07:00:00,2012.09.05_07:00:00_TAI,1,0.0046119224,0.9975803,0.9975803,1
1979,11558,2012-09-05 08:12:00,2012.09.05_08:12:00_TAI,0,0.0011704453,0.35721374,0.35721374,0
1990,11562,2012-09-05 08:24:00,2012.09.05_08:24:00_TAI,0,0.00085740455,0.188841,0.188841,0
1993,11560,2012-09-05 08:36:00,2012.09.05_08:36:00_TAI,1,0.0022991027,0.9915753,0.9915753,1
1993,11560,2012-09-05 09:36:00,2012.09.05_09:36:00_TAI,1,0.0042928425,0.9927059,0.9927059,1
1993,11560,2012-09-05 10:24:00,2012.09.05_10:24:00_TAI,1,0.0042728516,0.99495405,0.99495405,1
1993,11560,2012-09-05 10:36:00,2012.09.05_10:36:00_TAI,1,0.0035791001,0.99568284,0.99568284,1
2017,11568,2012-09-05 10:48:00,2012.09.05_10:48:00_TAI,0,0.0010149054,0.01641296,0.01641296,0
2011,11566,2012-09-05 10:48:00,2012.09.05_10:48:00_TAI,0,0.0032752776,0.9302615,0.9302615,1
1993,11560,2012-09-05 10:48:00,2012.09.05_10:48:00_TAI,1,0.0033481775,0.99579704,0.99579704,1
1993,11560,2012-09-05 11:00:00,2012.09.05_11:00:00_TAI,1,0.0034027225,0.98607033,0.98607033,1
1993,11560,2012-09-05 11:12:00,2012.09.05_11:12:00_TAI,1,0.0029352377,0.98643875,0.98643875,1
1996,11563,2012-09-05 11:36:00,2012.09.05_11:36:00_TAI,0,2.8535842e-05,0.9335676,0.9335676,1
1993,11560,2012-09-05 11:36:00,2012.09.05_11:36:00_TAI,1,0.00047087917,0.9876923,0.9876923,1
1993,11560,2012-09-05 12:00:00,2012.09.05_12:00:00_TAI,1,0.0006994851,0.97989666,0.97989666,1
1993,11560,2012-09-05 13:36:00,2012.09.05_13:36:00_TAI,1,0.00060192717,0.9835504,0.9835504,1
1993,11560,2012-09-05 13:48:00,2012.09.05_13:48:00_TAI,1,0.0005597395,0.9598408,0.9598408,1
2011,11566,2012-09-05 13:48:00,2012.09.05_13:48:00_TAI,0,0.0044482043,0.6376416,0.6376416,1
2017,11568,2012-09-05 14:36:00,2012.09.05_14:36:00_TAI,0,3.3206943e-05,0.084829345,0.084829345,0
1993,11560,2012-09-05 14:48:00,2012.09.05_14:48:00_TAI,1,0.00050531735,0.9910149,0.9910149,1
1993,11560,2012-09-05 15:00:00,2012.09.05_15:00:00_TAI,1,0.0009436893,0.98116577,0.98116577,1
1993,11560,2012-09-05 15:12:00,2012.09.05_15:12:00_TAI,1,0.0009964505,0.9774214,0.9774214,1
1993,11560,2012-09-05 16:12:00,2012.09.05_16:12:00_TAI,1,0.0035933978,0.948645,0.948645,1
1993,11560,2012-09-05 16:24:00,2012.09.05_16:24:00_TAI,1,0.0020556287,0.963078,0.963078,1
1997,11561,2012-09-05 16:36:00,2012.09.05_16:36:00_TAI,0,1.2171218e-06,0.2806014,0.2806014,0
1993,11560,2012-09-05 17:12:00,2012.09.05_17:12:00_TAI,1,0.004101236,0.9856426,0.9856426,1
1990,11562,2012-09-05 18:12:00,2012.09.05_18:12:00_TAI,0,0.0011485805,0.03675481,0.03675481,0
1993,11560,2012-09-05 18:12:00,2012.09.05_18:12:00_TAI,1,0.0024006984,0.964464,0.964464,1
1993,11560,2012-09-05 18:36:00,2012.09.05_18:36:00_TAI,1,0.00096192706,0.9824119,0.9824119,1
1996,11563,2012-09-05 18:48:00,2012.09.05_18:48:00_TAI,0,0.00017521817,0.82300544,0.82300544,1
1999,11564,2012-09-05 19:24:00,2012.09.05_19:24:00_TAI,0,0.0022695789,0.9991472,0.9991472,1
2011,11566,2012-09-05 19:36:00,2012.09.05_19:36:00_TAI,0,0.00065572944,0.4114166,0.4114166,0
1993,11560,2012-09-05 19:36:00,2012.09.05_19:36:00_TAI,1,0.00309617,0.9722226,0.9722226,1
1979,11558,2012-09-05 19:48:00,2012.09.05_19:48:00_TAI,0,0.0001149417,0.12172584,0.12172584,0
1993,11560,2012-09-05 19:48:00,2012.09.05_19:48:00_TAI,1,0.002649839,0.9545316,0.9545316,1
1993,11560,2012-09-05 20:24:00,2012.09.05_20:24:00_TAI,1,0.0016369756,0.9686868,0.9686868,1
1993,11560,2012-09-05 20:36:00,2012.09.05_20:36:00_TAI,1,0.0014514136,0.96624494,0.96624494,1
2017,11568,2012-09-05 21:00:00,2012.09.05_21:00:00_TAI,0,4.5872002e-05,0.16590343,0.16590343,0
1993,11560,2012-09-05 21:24:00,2012.09.05_21:24:00_TAI,1,0.0032709672,0.9689463,0.9689463,1
1993,11560,2012-09-05 23:00:00,2012.09.05_23:00:00_TAI,1,0.0016080468,0.8643199,0.8643199,1
1993,11560,2012-09-05 23:24:00,2012.09.05_23:24:00_TAI,1,0.0009110569,0.94573927,0.94573927,1
1993,11560,2012-09-05 23:36:00,2012.09.05_23:36:00_TAI,1,0.0014519935,0.9582544,0.9582544,1
1999,11564,2012-09-05 23:36:00,2012.09.05_23:36:00_TAI,0,0.00039236294,0.99962044,0.99962044,1
1993,11560,2012-09-06 00:12:00,2012.09.06_00:12:00_TAI,1,0.0015213311,0.94821334,0.94821334,1
1993,11560,2012-09-06 01:48:00,2012.09.06_01:48:00_TAI,1,0.00012554001,0.9642548,0.9642548,1
1993,11560,2012-09-06 02:24:00,2012.09.06_02:24:00_TAI,1,0.000110366214,0.9087348,0.9087348,1
1999,11564,2012-09-06 03:24:00,2012.09.06_03:24:00_TAI,0,0.00014473894,0.9990181,0.9990181,1
1993,11560,2012-09-06 03:36:00,2012.09.06_03:36:00_TAI,1,9.602739e-05,0.71481234,0.71481234,1
1993,11560,2012-09-06 04:12:00,2012.09.06_04:12:00_TAI,1,0.00015728561,0.42593166,0.42593166,0
1993,11560,2012-09-06 04:36:00,2012.09.06_04:36:00_TAI,1,0.00022595472,0.61240757,0.61240757,1
1993,11560,2012-09-06 04:48:00,2012.09.06_04:48:00_TAI,1,0.000191227,0.29899687,0.29899687,0
1993,11560,2012-09-06 06:00:00,2012.09.06_06:00:00_TAI,1,0.00016380641,0.4532028,0.4532028,0
1993,11560,2012-09-06 07:24:00,2012.09.06_07:24:00_TAI,1,0.00018264903,0.59733015,0.59733015,1
1993,11560,2012-09-06 08:12:00,2012.09.06_08:12:00_TAI,1,0.00021070438,0.7745998,0.7745998,1
1993,11560,2012-09-06 08:24:00,2012.09.06_08:24:00_TAI,1,0.00013244765,0.64182836,0.64182836,1
1993,11560,2012-09-06 08:36:00,2012.09.06_08:36:00_TAI,1,5.3274918e-05,0.85819733,0.85819733,1
1993,11560,2012-09-06 09:24:00,2012.09.06_09:24:00_TAI,1,4.423886e-05,0.91872776,0.91872776,1
1993,11560,2012-09-06 09:48:00,2012.09.06_09:48:00_TAI,1,2.2189482e-05,0.8855716,0.8855716,1
1993,11560,2012-09-06 10:36:00,2012.09.06_10:36:00_TAI,1,3.7318292e-05,0.881768,0.881768,1
1993,11560,2012-09-06 10:48:00,2012.09.06_10:48:00_TAI,1,4.816374e-05,0.785916,0.785916,1
1993,11560,2012-09-06 12:48:00,2012.09.06_12:48:00_TAI,1,2.3502113e-05,0.86728877,0.86728877,1
1993,11560,2012-09-06 13:00:00,2012.09.06_13:00:00_TAI,1,3.174192e-05,0.65845156,0.65845156,1
2021,11567,2012-09-06 13:12:00,2012.09.06_13:12:00_TAI,0,8.621291e-05,0.023638876,0.023638876,0
1993,11560,2012-09-06 13:12:00,2012.09.06_13:12:00_TAI,1,2.5969737e-05,0.72924393,0.72924393,1
1996,11563,2012-09-06 13:36:00,2012.09.06_13:36:00_TAI,0,0.00048885634,0.8236832,0.8236832,1
1993,11560,2012-09-06 14:00:00,2012.09.06_14:00:00_TAI,1,1.7765959e-05,0.5596178,0.5596178,1
1979,11558,2012-09-06 17:12:00,2012.09.06_17:12:00_TAI,0,3.3495573e-05,0.062527955,0.062527955,0
1990,11562,2012-09-06 17:48:00,2012.09.06_17:48:00_TAI,0,0.00012185951,0.8812837,0.8812837,1
1993,11560,2012-09-06 20:12:00,2012.09.06_20:12:00_TAI,0,2.1312631e-05,0.60486966,0.60486966,1
1999,11564,2012-09-06 21:12:00,2012.09.06_21:12:00_TAI,0,0.009138237,0.98874414,0.98874414,1
1993,11560,2012-09-07 00:24:00,2012.09.07_00:24:00_TAI,0,8.939108e-06,0.61095464,0.61095464,1
2011,11566,2012-09-07 00:36:00,2012.09.07_00:36:00_TAI,0,0.00096688926,0.5187598,0.5187598,1
1990,11562,2012-09-07 02:36:00,2012.09.07_02:36:00_TAI,0,4.503871e-05,0.70471317,0.70471317,1
1993,11560,2012-09-07 06:12:00,2012.09.07_06:12:00_TAI,0,3.605757e-06,0.31639406,0.31639406,0
2007,11565,2012-09-07 09:12:00,2012.09.07_09:12:00_TAI,0,2.609197e-05,0.37001944,0.37001944,0
2017,11568,2012-09-07 12:00:00,2012.09.07_12:00:00_TAI,0,8.938938e-06,0.20548102,0.20548102,0
1990,11562,2012-09-07 14:36:00,2012.09.07_14:36:00_TAI,0,0.0003945794,0.996615,0.996615,1
2021,11567,2012-09-07 16:24:00,2012.09.07_16:24:00_TAI,0,2.3940034e-05,0.39746362,0.39746362,0
2017,11568,2012-09-07 18:36:00,2012.09.07_18:36:00_TAI,0,1.6968302e-06,0.28395852,0.28395852,0
1999,11564,2012-09-07 19:48:00,2012.09.07_19:48:00_TAI,1,9.115823e-06,0.99993813,0.99993813,1
1999,11564,2012-09-07 20:00:00,2012.09.07_20:00:00_TAI,1,2.8915658e-05,0.99998105,0.99998105,1
1999,11564,2012-09-07 20:12:00,2012.09.07_20:12:00_TAI,1,9.718222e-06,0.99996686,0.99996686,1
1999,11564,2012-09-07 20:36:00,2012.09.07_20:36:00_TAI,1,0.00011880553,0.9999958,0.9999958,1
1999,11564,2012-09-07 21:12:00,2012.09.07_21:12:00_TAI,1,0.00013890701,0.9999951,0.9999951,1
1999,11564,2012-09-07 21:24:00,2012.09.07_21:24:00_TAI,1,0.00012436426,0.99999654,0.99999654,1
1999,11564,2012-09-07 22:00:00,2012.09.07_22:00:00_TAI,1,0.00030252285,0.99999857,0.99999857,1
1999,11564,2012-09-07 22:24:00,2012.09.07_22:24:00_TAI,1,0.00014495288,0.999998,0.999998,1
2021,11567,2012-09-07 22:24:00,2012.09.07_22:24:00_TAI,0,0.0001760092,0.348411,0.348411,0
1999,11564,2012-09-07 22:36:00,2012.09.07_22:36:00_TAI,1,0.00015237583,0.99999726,0.99999726,1
2017,11568,2012-09-07 22:36:00,2012.09.07_22:36:00_TAI,0,1.8678608e-06,0.45904478,0.45904478,0
1999,11564,2012-09-07 22:48:00,2012.09.07_22:48:00_TAI,1,0.00013208379,0.9999943,0.9999943,1
1990,11562,2012-09-07 22:48:00,2012.09.07_22:48:00_TAI,0,0.0014442331,0.98925996,0.98925996,1
1999,11564,2012-09-07 23:00:00,2012.09.07_23:00:00_TAI,1,0.00021782088,0.9999925,0.9999925,1
1999,11564,2012-09-07 23:12:00,2012.09.07_23:12:00_TAI,1,0.00019558497,0.99999404,0.99999404,1
1999,11564,2012-09-07 23:36:00,2012.09.07_23:36:00_TAI,1,0.00032419563,0.99999297,0.99999297,1
1999,11564,2012-09-08 00:12:00,2012.09.08_00:12:00_TAI,1,0.00023730018,0.999998,0.999998,1
1993,11560,2012-09-08 01:00:00,2012.09.08_01:00:00_TAI,0,7.8499215e-06,0.48616952,0.48616952,1
1999,11564,2012-09-08 01:36:00,2012.09.08_01:36:00_TAI,1,0.00017625355,0.9999814,0.9999814,1
1999,11564,2012-09-08 02:24:00,2012.09.08_02:24:00_TAI,1,0.00020572337,0.9999492,0.9999492,1
1999,11564,2012-09-08 02:48:00,2012.09.08_02:48:00_TAI,1,0.00012758351,0.9999715,0.9999715,1
1999,11564,2012-09-08 03:00:00,2012.09.08_03:00:00_TAI,1,0.00017768514,0.9999697,0.9999697,1
2017,11568,2012-09-08 03:24:00,2012.09.08_03:24:00_TAI,0,8.31163e-06,0.4847564,0.4847564,1
1999,11564,2012-09-08 03:24:00,2012.09.08_03:24:00_TAI,1,0.00017703524,0.99991775,0.99991775,1
2007,11565,2012-09-08 04:24:00,2012.09.08_04:24:00_TAI,0,6.889414e-05,0.024514893,0.024514893,0
1999,11564,2012-09-08 05:12:00,2012.09.08_05:12:00_TAI,1,0.0006276991,0.9996841,0.9996841,1
1999,11564,2012-09-08 06:00:00,2012.09.08_06:00:00_TAI,1,4.6749505e-05,0.9998394,0.9998394,1
1999,11564,2012-09-08 06:12:00,2012.09.08_06:12:00_TAI,1,0.00042408786,0.9999027,0.9999027,1
1999,11564,2012-09-08 06:24:00,2012.09.08_06:24:00_TAI,1,0.0003941367,0.9998698,0.9998698,1
1999,11564,2012-09-08 08:00:00,2012.09.08_08:00:00_TAI,1,0.00019376,0.9967501,0.9967501,1
1999,11564,2012-09-08 08:24:00,2012.09.08_08:24:00_TAI,1,0.0003551184,0.99991417,0.99991417,1
1999,11564,2012-09-08 11:24:00,2012.09.08_11:24:00_TAI,1,0.0002734092,0.99980587,0.99980587,1
1999,11564,2012-09-08 11:36:00,2012.09.08_11:36:00_TAI,1,0.00032566208,0.9997904,0.9997904,1
1999,11564,2012-09-08 12:00:00,2012.09.08_12:00:00_TAI,1,0.00033098378,0.9996959,0.9996959,1
1999,11564,2012-09-08 13:48:00,2012.09.08_13:48:00_TAI,1,0.00046769282,0.99973136,0.99973136,1
2017,11568,2012-09-08 14:12:00,2012.09.08_14:12:00_TAI,0,0.00040684605,0.28877273,0.28877273,0
1999,11564,2012-09-08 14:48:00,2012.09.08_14:48:00_TAI,1,0.0005663146,0.9978624,0.9978624,1
2021,11567,2012-09-08 17:36:00,2012.09.08_17:36:00_TAI,0,0.000283288,0.612207,0.612207,1
2007,11565,2012-09-08 18:48:00,2012.09.08_18:48:00_TAI,0,3.984947e-05,0.02053673,0.02053673,0
1999,11564,2012-09-08 23:00:00,2012.09.08_23:00:00_TAI,1,0.0012373751,0.9985251,0.9985251,1
2011,11566,2012-09-08 23:36:00,2012.09.08_23:36:00_TAI,0,0.0039993245,0.58001024,0.58001024,1
1990,11562,2012-09-08 23:48:00,2012.09.08_23:48:00_TAI,0,0.00015393081,0.5109735,0.5109735,1
1999,11564,2012-09-09 00:12:00,2012.09.09_00:12:00_TAI,1,0.0011796115,0.9921674,0.9921674,1
1999,11564,2012-09-09 00:24:00,2012.09.09_00:24:00_TAI,1,0.0009808172,0.99202746,0.99202746,1
1999,11564,2012-09-09 02:12:00,2012.09.09_02:12:00_TAI,1,0.00046295646,0.9983835,0.9983835,1
1999,11564,2012-09-09 04:12:00,2012.09.09_04:12:00_TAI,1,0.0008470987,0.99795437,0.99795437,1
1999,11564,2012-09-09 05:48:00,2012.09.09_05:48:00_TAI,1,0.0021070233,0.9991836,0.9991836,1
1999,11564,2012-09-09 06:24:00,2012.09.09_06:24:00_TAI,1,0.0013095583,0.9989869,0.9989869,1
1999,11564,2012-09-09 08:00:00,2012.09.09_08:00:00_TAI,1,0.00094253017,0.796891,0.796891,1
1999,11564,2012-09-09 08:36:00,2012.09.09_08:36:00_TAI,1,0.00034784767,0.9992143,0.9992143,1
1999,11564,2012-09-09 08:48:00,2012.09.09_08:48:00_TAI,1,7.063247e-05,0.9994567,0.9994567,1
1999,11564,2012-09-09 09:12:00,2012.09.09_09:12:00_TAI,1,4.928545e-05,0.9995109,0.9995109,1
1999,11564,2012-09-09 09:24:00,2012.09.09_09:24:00_TAI,1,4.4973473e-05,0.99944705,0.99944705,1
1999,11564,2012-09-09 10:00:00,2012.09.09_10:00:00_TAI,1,3.097892e-05,0.9973617,0.9973617,1
1999,11564,2012-09-09 10:24:00,2012.09.09_10:24:00_TAI,1,3.040604e-05,0.99459684,0.99459684,1
1999,11564,2012-09-09 11:36:00,2012.09.09_11:36:00_TAI,1,4.4569577e-05,0.9903542,0.9903542,1
1999,11564,2012-09-09 12:00:00,2012.09.09_12:00:00_TAI,1,3.0435169e-05,0.9946898,0.9946898,1
2021,11567,2012-09-09 12:48:00,2012.09.09_12:48:00_TAI,0,0.00017648091,0.05731623,0.05731623,0
1999,11564,2012-09-09 12:48:00,2012.09.09_12:48:00_TAI,1,3.487341e-05,0.98489004,0.98489004,1
1999,11564,2012-09-09 13:12:00,2012.09.09_13:12:00_TAI,1,4.2538773e-05,0.9496826,0.9496826,1
1999,11564,2012-09-09 13:36:00,2012.09.09_13:36:00_TAI,1,6.37077e-05,0.9095081,0.9095081,1
1999,11564,2012-09-09 14:12:00,2012.09.09_14:12:00_TAI,1,2.8512666e-05,0.9661648,0.9661648,1
1999,11564,2012-09-09 15:36:00,2012.09.09_15:36:00_TAI,1,9.8972865e-05,0.9181305,0.9181305,1
2017,11568,2012-09-09 16:00:00,2012.09.09_16:00:00_TAI,0,0.00020176648,0.6776795,0.6776795,1
1999,11564,2012-09-09 16:24:00,2012.09.09_16:24:00_TAI,1,9.008484e-05,0.9616972,0.9616972,1
1999,11564,2012-09-09 16:36:00,2012.09.09_16:36:00_TAI,1,0.00016382859,0.9758162,0.9758162,1
1999,11564,2012-09-09 17:12:00,2012.09.09_17:12:00_TAI,1,0.00013875899,0.92035055,0.92035055,1
1999,11564,2012-09-09 18:00:00,2012.09.09_18:00:00_TAI,1,0.00014900022,0.9705539,0.9705539,1
1999,11564,2012-09-09 18:36:00,2012.09.09_18:36:00_TAI,1,8.9354704e-05,0.9280985,0.9280985,1
1999,11564,2012-09-09 19:24:00,2012.09.09_19:24:00_TAI,1,0.00026952053,0.9148663,0.9148663,1
1999,11564,2012-09-09 19:48:00,2012.09.09_19:48:00_TAI,1,0.00022561158,0.885428,0.885428,1
1999,11564,2012-09-09 20:24:00,2012.09.09_20:24:00_TAI,1,0.00016102385,0.98033214,0.98033214,1
2026,11569,2012-09-09 21:24:00,2012.09.09_21:24:00_TAI,0,0.01612007,0.62621367,0.62621367,1
1999,11564,2012-09-09 21:36:00,2012.09.09_21:36:00_TAI,1,0.00032444234,0.9846534,0.9846534,1
1990,11562,2012-09-09 23:00:00,2012.09.09_23:00:00_TAI,0,5.6082735e-07,0.8627108,0.8627108,1
2007,11565,2012-09-09 23:00:00,2012.09.09_23:00:00_TAI,0,0.0008607727,0.013525161,0.013525161,0
1999,11564,2012-09-10 01:48:00,2012.09.10_01:48:00_TAI,0,0.00048148012,0.90307015,0.90307015,1
1999,11564,2012-09-10 06:12:00,2012.09.10_06:12:00_TAI,0,0.000101821126,0.86488974,0.86488974,1
2028,11571,2012-09-10 08:24:00,2012.09.10_08:24:00_TAI,0,0.00043764344,0.8627108,0.8627108,1
1999,11564,2012-09-10 09:00:00,2012.09.10_09:00:00_TAI,0,0.00023751523,0.8542905,0.8542905,1
1999,11564,2012-09-10 12:48:00,2012.09.10_12:48:00_TAI,0,6.6881357e-06,0.8428443,0.8428443,1
1999,11564,2012-09-10 14:48:00,2012.09.10_14:48:00_TAI,0,6.771323e-06,0.62076306,0.62076306,1
2021,11567,2012-09-10 23:12:00,2012.09.10_23:12:00_TAI,0,2.3743702e-05,0.03627716,0.03627716,0
2011,11566,2012-09-11 00:12:00,2012.09.11_00:12:00_TAI,0,0.0010374681,0.5881375,0.5881375,1
2021,11567,2012-09-11 05:00:00,2012.09.11_05:00:00_TAI,0,5.0840743e-05,0.03380851,0.03380851,0
2017,11568,2012-09-11 10:48:00,2012.09.11_10:48:00_TAI,0,0.0004648283,0.13194554,0.13194554,0
1999,11564,2012-09-11 12:24:00,2012.09.11_12:24:00_TAI,0,2.7287308e-06,0.7757566,0.7757566,1
2011,11566,2012-09-11 16:12:00,2012.09.11_16:12:00_TAI,0,0.0030906335,0.4223517,0.4223517,0
2011,11566,2012-09-11 17:36:00,2012.09.11_17:36:00_TAI,0,0.0007566766,0.53859335,0.53859335,1
2026,11569,2012-09-11 17:48:00,2012.09.11_17:48:00_TAI,0,0.0020130284,0.007350894,0.007350894,0
2029,11570,2012-09-11 21:36:00,2012.09.11_21:36:00_TAI,0,0.0020554475,0.14784741,0.14784741,0
2011,11566,2012-09-11 21:48:00,2012.09.11_21:48:00_TAI,0,0.0004508351,0.45003247,0.45003247,0
2028,11571,2012-09-12 00:48:00,2012.09.12_00:48:00_TAI,0,0.0032711786,0.3030325,0.3030325,0
2011,11566,2012-09-12 02:36:00,2012.09.12_02:36:00_TAI,0,0.00067338714,0.36406976,0.36406976,0
2011,11566,2012-09-12 04:12:00,2012.09.12_04:12:00_TAI,0,0.0007319671,0.5015037,0.5015037,1
2026,11569,2012-09-12 08:12:00,2012.09.12_08:12:00_TAI,0,0.017593646,0.010437037,0.010437037,0
2011,11566,2012-09-12 19:24:00,2012.09.12_19:24:00_TAI,0,0.0065395497,0.44669783,0.44669783,0
2026,11569,2012-09-13 13:24:00,2012.09.13_13:24:00_TAI,0,0.0046325116,0.7564515,0.7564515,1
2011,11566,2012-09-13 14:24:00,2012.09.13_14:24:00_TAI,0,0.00083658035,0.07336833,0.07336833,0
2028,11571,2012-09-13 15:48:00,2012.09.13_15:48:00_TAI,0,0.00039315838,0.5185404,0.5185404,1
2028,11571,2012-09-13 22:48:00,2012.09.13_22:48:00_TAI,0,0.0024965792,0.12187234,0.12187234,0
2021,11567,2012-09-13 23:12:00,2012.09.13_23:12:00_TAI,0,0.0018478289,0.05582496,0.05582496,0
2028,11571,2012-09-14 00:00:00,2012.09.14_00:00:00_TAI,0,0.0007214067,0.112589926,0.112589926,0
2028,11571,2012-09-14 00:36:00,2012.09.14_00:36:00_TAI,0,0.0008278645,0.1213036,0.1213036,0
2021,11567,2012-09-14 14:24:00,2012.09.14_14:24:00_TAI,0,0.00029388737,0.05355491,0.05355491,0
2036,11572,2012-09-14 15:36:00,2012.09.14_15:36:00_TAI,0,0.0011435907,0.035214003,0.035214003,0
2028,11571,2012-09-14 16:12:00,2012.09.14_16:12:00_TAI,0,0.001432126,0.12701036,0.12701036,0
2037,11573,2012-09-14 17:00:00,2012.09.14_17:00:00_TAI,0,0.0010611493,0.8627108,0.8627108,1
2021,11567,2012-09-14 22:12:00,2012.09.14_22:12:00_TAI,0,0.095759176,0.028903272,0.028903272,0
2037,11573,2012-09-14 23:24:00,2012.09.14_23:24:00_TAI,0,0.0029660126,0.8627108,0.8627108,1
2028,11571,2012-09-14 23:36:00,2012.09.14_23:36:00_TAI,0,0.0038933428,0.07028643,0.07028643,0
2011,11566,2012-09-15 00:36:00,2012.09.15_00:36:00_TAI,0,0.00014379718,0.067792326,0.067792326,0
2037,11573,2012-09-15 02:48:00,2012.09.15_02:48:00_TAI,0,0.0013763877,0.78580475,0.78580475,1
2039,11574,2012-09-15 19:48:00,2012.09.15_19:48:00_TAI,0,0.0022031676,0.036993664,0.036993664,0
2036,11572,2012-09-15 20:12:00,2012.09.15_20:12:00_TAI,0,1.9948946e-05,0.020349756,0.020349756,0
2021,11567,2012-09-15 22:12:00,2012.09.15_22:12:00_TAI,0,0.008256927,0.01711924,0.01711924,0
2021,11567,2012-09-15 22:48:00,2012.09.15_22:48:00_TAI,0,0.0045430656,0.021289894,0.021289894,0
2028,11571,2012-09-16 03:00:00,2012.09.16_03:00:00_TAI,0,0.0013946414,0.12606458,0.12606458,0
2011,11566,2012-09-16 17:00:00,2012.09.16_17:00:00_TAI,0,5.5690693e-06,0.43151128,0.43151128,0
2026,11569,2012-09-16 22:12:00,2012.09.16_22:12:00_TAI,0,0.0006391134,0.13399445,0.13399445,0
2026,11569,2012-09-16 23:00:00,2012.09.16_23:00:00_TAI,0,0.0011820439,0.21367165,0.21367165,0
2037,11573,2012-09-17 03:00:00,2012.09.17_03:00:00_TAI,0,3.6589188e-06,0.0055084904,0.0055084904,0
2040,11575,2012-09-17 08:48:00,2012.09.17_08:48:00_TAI,0,0.0010638072,0.8627108,0.8627108,1
2028,11571,2012-09-17 13:36:00,2012.09.17_13:36:00_TAI,0,0.0009830011,0.06589941,0.06589941,0
2040,11575,2012-09-17 15:24:00,2012.09.17_15:24:00_TAI,0,0.0011435907,0.8627108,0.8627108,1
2037,11573,2012-09-17 20:00:00,2012.09.17_20:00:00_TAI,0,0.0029660126,0.002771979,0.002771979,0
2026,11569,2012-09-17 20:12:00,2012.09.17_20:12:00_TAI,0,0.0029660126,0.1893992,0.1893992,0
2026,11569,2012-09-17 20:24:00,2012.09.17_20:24:00_TAI,0,0.0029660126,0.13240698,0.13240698,0
2040,11575,2012-09-17 23:00:00,2012.09.17_23:00:00_TAI,0,0.0029660126,0.8627108,0.8627108,1
2037,11573,2012-09-18 17:24:00,2012.09.18_17:24:00_TAI,0,0.00044240628,0.0043660807,0.0043660807,0
2047,11578,2012-09-18 22:36:00,2012.09.18_22:36:00_TAI,0,0.0029543948,0.8627108,0.8627108,1
2037,11573,2012-09-19 02:36:00,2012.09.19_02:36:00_TAI,0,0.00020235719,0.016071092,0.016071092,0
2040,11575,2012-09-19 05:48:00,2012.09.19_05:48:00_TAI,0,0.00024698526,0.8627108,0.8627108,1
2028,11571,2012-09-19 08:36:00,2012.09.19_08:36:00_TAI,0,0.000901683,0.085837476,0.085837476,0
2028,11571,2012-09-19 19:12:00,2012.09.19_19:12:00_TAI,0,0.0019722925,0.22619314,0.22619314,0
2039,11574,2012-09-19 19:24:00,2012.09.19_19:24:00_TAI,0,0.00075941364,0.19362307,0.19362307,0
2039,11574,2012-09-20 13:36:00,2012.09.20_13:36:00_TAI,0,0.0054668216,0.9960432,0.9960432,1
2028,11571,2012-09-20 17:00:00,2012.09.20_17:00:00_TAI,0,0.00025292693,0.048066568,0.048066568,0
2037,11573,2012-09-20 17:00:00,2012.09.20_17:00:00_TAI,0,5.8149075e-05,0.072352394,0.072352394,0
2037,11573,2012-09-20 21:24:00,2012.09.20_21:24:00_TAI,0,0.00036508657,0.06563211,0.06563211,0
2026,11569,2012-09-20 23:00:00,2012.09.20_23:00:00_TAI,0,0.021224765,0.29473042,0.29473042,0
2037,11573,2012-09-21 04:12:00,2012.09.21_04:12:00_TAI,0,0.00010371823,0.058380917,0.058380917,0
2044,11576,2012-09-21 10:24:00,2012.09.21_10:24:00_TAI,0,1.6755088e-05,0.5792653,0.5792653,1
2044,11576,2012-09-21 16:48:00,2012.09.21_16:48:00_TAI,0,0.0001321803,0.7909139,0.7909139,1
2044,11576,2012-09-21 17:12:00,2012.09.21_17:12:00_TAI,0,0.0002539062,0.81500876,0.81500876,1
2044,11576,2012-09-21 17:36:00,2012.09.21_17:36:00_TAI,0,9.7949094e-05,0.884146,0.884146,1
2037,11573,2012-09-21 19:48:00,2012.09.21_19:48:00_TAI,0,5.305605e-05,0.08881665,0.08881665,0
2026,11569,2012-09-21 21:36:00,2012.09.21_21:36:00_TAI,0,2.4217421e-05,0.95841426,0.95841426,1
2039,11574,2012-09-21 23:24:00,2012.09.21_23:24:00_TAI,0,1.2234526e-05,0.8736076,0.8736076,1
2040,11575,2012-09-22 00:12:00,2012.09.22_00:12:00_TAI,0,0.00023560373,0.015447394,0.015447394,0
2039,11574,2012-09-22 01:36:00,2012.09.22_01:36:00_TAI,0,4.429764e-06,0.9562836,0.9562836,1
2037,11573,2012-09-22 02:12:00,2012.09.22_02:12:00_TAI,0,1.9507217e-05,0.082400694,0.082400694,0
2040,11575,2012-09-22 03:00:00,2012.09.22_03:00:00_TAI,0,0.0003890227,0.0061606574,0.0061606574,0
2047,11578,2012-09-22 15:00:00,2012.09.22_15:00:00_TAI,0,6.670119e-05,0.6909551,0.6909551,1
2044,11576,2012-09-22 17:12:00,2012.09.22_17:12:00_TAI,0,0.0003706342,0.7547123,0.7547123,1
2047,11578,2012-09-22 19:12:00,2012.09.22_19:12:00_TAI,0,0.00021388938,0.6207464,0.6207464,1
2047,11578,2012-09-22 20:12:00,2012.09.22_20:12:00_TAI,0,6.848612e-05,0.7683065,0.7683065,1
2047,11578,2012-09-22 23:36:00,2012.09.22_23:36:00_TAI,0,4.084477e-05,0.4152903,0.4152903,0
2040,11575,2012-09-23 03:12:00,2012.09.23_03:12:00_TAI,0,0.003282841,0.04363673,0.04363673,0
2040,11575,2012-09-23 08:00:00,2012.09.23_08:00:00_TAI,0,0.003234813,0.03960189,0.03960189,0
2040,11575,2012-09-23 10:36:00,2012.09.23_10:36:00_TAI,0,0.00029739115,0.0839455,0.0839455,0
2059,11579,2012-09-23 12:00:00,2012.09.23_12:00:00_TAI,0,0.0011294376,0.8627108,0.8627108,1
2061,11580,2012-09-23 19:12:00,2012.09.23_19:12:00_TAI,0,0.001917783,0.8627108,0.8627108,1
2059,11579,2012-09-24 02:12:00,2012.09.24_02:12:00_TAI,0,0.0013763877,0.84188527,0.84188527,1
2037,11573,2012-09-24 02:36:00,2012.09.24_02:36:00_TAI,0,0.00047703966,0.05484942,0.05484942,0
2040,11575,2012-09-24 05:00:00,2012.09.24_05:00:00_TAI,0,0.00031613748,0.10172176,0.10172176,0
2040,11575,2012-09-24 05:24:00,2012.09.24_05:24:00_TAI,0,9.59592e-05,0.06234777,0.06234777,0
2061,11580,2012-09-24 08:00:00,2012.09.24_08:00:00_TAI,0,0.0011838508,0.8627108,0.8627108,1
2061,11580,2012-09-24 10:24:00,2012.09.24_10:24:00_TAI,0,0.0011294376,0.85457176,0.85457176,1
2037,11573,2012-09-24 15:48:00,2012.09.24_15:48:00_TAI,0,0.0006009865,0.065863386,0.065863386,0
2037,11573,2012-09-24 18:00:00,2012.09.24_18:00:00_TAI,0,0.0018841614,0.009823865,0.009823865,0
2040,11575,2012-09-24 20:36:00,2012.09.24_20:36:00_TAI,0,0.00010210854,0.11779164,0.11779164,0
2040,11575,2012-09-24 21:36:00,2012.09.24_21:36:00_TAI,0,0.00011169621,0.034773905,0.034773905,0
2069,11582,2012-09-25 02:24:00,2012.09.25_02:24:00_TAI,0,0.0010764971,0.8627108,0.8627108,1
2044,11576,2012-09-25 02:24:00,2012.09.25_02:24:00_TAI,0,4.3333745e-05,0.88340807,0.88340807,1
2069,11582,2012-09-25 05:12:00,2012.09.25_05:12:00_TAI,0,0.0010638072,0.8627108,0.8627108,1
2040,11575,2012-09-25 07:48:00,2012.09.25_07:48:00_TAI,0,0.0002054899,0.013479748,0.013479748,0
2069,11582,2012-09-25 08:24:00,2012.09.25_08:24:00_TAI,0,0.0010638072,0.8627108,0.8627108,1
2047,11578,2012-09-25 11:36:00,2012.09.25_11:36:00_TAI,0,0.0042978185,0.46591467,0.46591467,0
2047,11578,2012-09-25 12:48:00,2012.09.25_12:48:00_TAI,0,0.0043318393,0.31558222,0.31558222,0
2040,11575,2012-09-25 18:36:00,2012.09.25_18:36:00_TAI,0,0.00013928898,0.0039507775,0.0039507775,0
2037,11573,2012-09-25 19:12:00,2012.09.25_19:12:00_TAI,0,0.0009065368,0.39340556,0.39340556,0
2044,11576,2012-09-25 23:36:00,2012.09.25_23:36:00_TAI,0,0.000102356935,0.8831986,0.8831986,1
2047,11578,2012-09-26 01:00:00,2012.09.26_01:00:00_TAI,0,9.114375e-05,0.19822025,0.19822025,0
2061,11580,2012-09-26 20:00:00,2012.09.26_20:00:00_TAI,0,2.3112174e-05,0.5100709,0.5100709,1
2047,11578,2012-09-27 00:48:00,2012.09.27_00:48:00_TAI,0,5.2335898e-05,0.095455326,0.095455326,0
2047,11578,2012-09-27 03:24:00,2012.09.27_03:24:00_TAI,0,5.8756657e-05,0.14523374,0.14523374,0
2061,11580,2012-09-27 10:48:00,2012.09.27_10:48:00_TAI,0,6.18874e-05,0.6592474,0.6592474,1
2037,11573,2012-09-27 13:48:00,2012.09.27_13:48:00_TAI,0,1.0952611e-05,0.42241016,0.42241016,0
2061,11580,2012-09-27 14:24:00,2012.09.27_14:24:00_TAI,0,1.7143684e-05,0.28882208,0.28882208,0
2059,11579,2012-09-27 15:36:00,2012.09.27_15:36:00_TAI,0,0.00012031647,0.5100733,0.5100733,1
2047,11578,2012-09-27 15:48:00,2012.09.27_15:48:00_TAI,0,6.9512434e-06,0.09391878,0.09391878,0
2061,11580,2012-09-27 16:24:00,2012.09.27_16:24:00_TAI,0,3.9965587e-05,0.3577253,0.3577253,0
2037,11573,2012-09-27 16:36:00,2012.09.27_16:36:00_TAI,0,3.874049e-05,0.8068765,0.8068765,1
2044,11576,2012-09-28 03:12:00,2012.09.28_03:12:00_TAI,0,7.727756e-06,0.3099742,0.3099742,0
2047,11578,2012-09-28 05:36:00,2012.09.28_05:36:00_TAI,0,2.621298e-05,0.14814562,0.14814562,0
2061,11580,2012-09-28 07:12:00,2012.09.28_07:12:00_TAI,0,0.00035093623,0.48971865,0.48971865,1
2061,11580,2012-09-28 07:48:00,2012.09.28_07:48:00_TAI,0,0.00021577983,0.7910768,0.7910768,1
2061,11580,2012-09-28 08:24:00,2012.09.28_08:24:00_TAI,0,0.00035560335,0.8088025,0.8088025,1
2061,11580,2012-09-28 08:48:00,2012.09.28_08:48:00_TAI,0,8.744786e-05,0.8032753,0.8032753,1
2047,11578,2012-09-28 15:48:00,2012.09.28_15:48:00_TAI,0,7.543592e-06,0.12537102,0.12537102,0
2044,11576,2012-09-28 18:36:00,2012.09.28_18:36:00_TAI,0,0.00018013273,0.19770543,0.19770543,0
2040,11575,2012-09-29 06:00:00,2012.09.29_06:00:00_TAI,0,0.0021047927,0.3213124,0.3213124,0
2047,11578,2012-09-29 06:12:00,2012.09.29_06:12:00_TAI,0,2.2284486e-05,0.14246866,0.14246866,0
2040,11575,2012-09-29 08:48:00,2012.09.29_08:48:00_TAI,0,0.00011204195,0.5228672,0.5228672,1
2059,11579,2012-09-29 13:00:00,2012.09.29_13:00:00_TAI,0,0.00010361977,0.17919071,0.17919071,0
2047,11578,2012-09-29 15:48:00,2012.09.29_15:48:00_TAI,0,0.0003909837,0.09003645,0.09003645,0
2044,11576,2012-09-29 16:48:00,2012.09.29_16:48:00_TAI,0,2.869372e-06,0.23490965,0.23490965,0
2069,11582,2012-09-29 18:00:00,2012.09.29_18:00:00_TAI,0,0.0013565316,0.011733282,0.011733282,0
2044,11576,2012-09-29 19:00:00,2012.09.29_19:00:00_TAI,0,4.4668236e-06,0.20134267,0.20134267,0
2040,11575,2012-09-29 20:24:00,2012.09.29_20:24:00_TAI,0,0.00045856918,0.22650394,0.22650394,0
2040,11575,2012-09-30 00:48:00,2012.09.30_00:48:00_TAI,1,0.0005898575,0.32691717,0.32691717,0
2040,11575,2012-09-30 01:00:00,2012.09.30_01:00:00_TAI,1,0.0007188308,0.33060014,0.33060014,0
2040,11575,2012-09-30 01:36:00,2012.09.30_01:36:00_TAI,1,0.00078208535,0.33403513,0.33403513,0
2040,11575,2012-09-30 02:12:00,2012.09.30_02:12:00_TAI,1,0.0017258559,0.25350735,0.25350735,0
2040,11575,2012-09-30 02:48:00,2012.09.30_02:48:00_TAI,1,0.0035685757,0.134431,0.134431,0
2040,11575,2012-09-30 03:00:00,2012.09.30_03:00:00_TAI,1,0.0032415404,0.16242312,0.16242312,0
2040,11575,2012-09-30 03:24:00,2012.09.30_03:24:00_TAI,1,0.0032723136,0.22808124,0.22808124,0
2040,11575,2012-09-30 03:48:00,2012.09.30_03:48:00_TAI,1,0.0036530194,0.5379938,0.5379938,1
2040,11575,2012-09-30 04:00:00,2012.09.30_04:00:00_TAI,1,0.0023444905,0.62622714,0.62622714,1
2040,11575,2012-09-30 04:24:00,2012.09.30_04:24:00_TAI,1,0.002436312,0.34636384,0.34636384,0
2040,11575,2012-09-30 04:36:00,2012.09.30_04:36:00_TAI,1,0.0026661684,0.21211238,0.21211238,0
2040,11575,2012-09-30 05:00:00,2012.09.30_05:00:00_TAI,1,0.003337102,0.11546838,0.11546838,0
2040,11575,2012-09-30 05:36:00,2012.09.30_05:36:00_TAI,1,0.001077557,0.15456711,0.15456711,0
2040,11575,2012-09-30 07:00:00,2012.09.30_07:00:00_TAI,1,0.00023496842,0.1919773,0.1919773,0
2059,11579,2012-09-30 07:12:00,2012.09.30_07:12:00_TAI,0,0.0006297352,0.08832593,0.08832593,0
2040,11575,2012-09-30 08:00:00,2012.09.30_08:00:00_TAI,1,0.00010437325,0.2079582,0.2079582,0
2040,11575,2012-09-30 08:24:00,2012.09.30_08:24:00_TAI,1,6.395477e-05,0.038907178,0.038907178,0
2040,11575,2012-09-30 09:24:00,2012.09.30_09:24:00_TAI,1,9.992755e-05,0.06347676,0.06347676,0
2040,11575,2012-09-30 10:12:00,2012.09.30_10:12:00_TAI,1,0.00031023377,0.08764794,0.08764794,0
2040,11575,2012-09-30 11:00:00,2012.09.30_11:00:00_TAI,1,0.00046598486,0.11459043,0.11459043,0
2040,11575,2012-09-30 12:24:00,2012.09.30_12:24:00_TAI,1,0.00014481487,0.10073588,0.10073588,0
2040,11575,2012-09-30 12:48:00,2012.09.30_12:48:00_TAI,1,8.626776e-05,0.073757276,0.073757276,0
2040,11575,2012-09-30 13:00:00,2012.09.30_13:00:00_TAI,1,0.00013156001,0.07176531,0.07176531,0
2040,11575,2012-09-30 13:36:00,2012.09.30_13:36:00_TAI,1,8.102348e-05,0.033723958,0.033723958,0
2040,11575,2012-09-30 14:00:00,2012.09.30_14:00:00_TAI,1,0.00017336883,0.045646362,0.045646362,0
2040,11575,2012-09-30 14:24:00,2012.09.30_14:24:00_TAI,1,0.00015779561,0.07523303,0.07523303,0
2040,11575,2012-09-30 14:48:00,2012.09.30_14:48:00_TAI,1,8.723456e-05,0.026198857,0.026198857,0
2040,11575,2012-09-30 15:00:00,2012.09.30_15:00:00_TAI,1,7.3547846e-05,0.04745246,0.04745246,0
2040,11575,2012-09-30 15:24:00,2012.09.30_15:24:00_TAI,1,4.8181882e-05,0.012707126,0.012707126,0
2040,11575,2012-09-30 16:24:00,2012.09.30_16:24:00_TAI,1,1.03955435e-05,0.025928939,0.025928939,0
2040,11575,2012-09-30 17:12:00,2012.09.30_17:12:00_TAI,1,1.8584544e-05,0.06435595,0.06435595,0
2040,11575,2012-09-30 17:48:00,2012.09.30_17:48:00_TAI,1,4.3096985e-05,0.020117585,0.020117585,0
2040,11575,2012-09-30 18:00:00,2012.09.30_18:00:00_TAI,1,2.4995772e-05,0.03490344,0.03490344,0
2040,11575,2012-09-30 18:24:00,2012.09.30_18:24:00_TAI,1,2.893138e-05,0.036998235,0.036998235,0
2040,11575,2012-09-30 18:48:00,2012.09.30_18:48:00_TAI,1,5.357796e-05,0.01969658,0.01969658,0
2040,11575,2012-09-30 19:00:00,2012.09.30_19:00:00_TAI,1,5.947843e-05,0.02585264,0.02585264,0
2040,11575,2012-09-30 19:24:00,2012.09.30_19:24:00_TAI,1,7.633572e-05,0.03011835,0.03011835,0
2040,11575,2012-09-30 19:48:00,2012.09.30_19:48:00_TAI,1,9.153266e-05,0.024246944,0.024246944,0
2059,11579,2012-09-30 20:36:00,2012.09.30_20:36:00_TAI,0,0.00027068838,0.08593279,0.08593279,0
2059,11579,2012-09-30 21:12:00,2012.09.30_21:12:00_TAI,0,0.00014326273,0.12424805,0.12424805,0
2040,11575,2012-09-30 21:24:00,2012.09.30_21:24:00_TAI,1,5.8431848e-05,0.060677506,0.060677506,0
2040,11575,2012-09-30 21:36:00,2012.09.30_21:36:00_TAI,1,6.0416685e-05,0.06396214,0.06396214,0
2040,11575,2012-09-30 22:24:00,2012.09.30_22:24:00_TAI,1,9.59753e-05,0.07785896,0.07785896,0
2040,11575,2012-09-30 23:00:00,2012.09.30_23:00:00_TAI,1,6.132658e-05,0.06533502,0.06533502,0
2040,11575,2012-09-30 23:12:00,2012.09.30_23:12:00_TAI,1,9.960941e-05,0.058089692,0.058089692,0
2040,11575,2012-09-30 23:24:00,2012.09.30_23:24:00_TAI,1,7.7653465e-05,0.072442636,0.072442636,0
2061,11580,2012-10-01 01:48:00,2012.10.01_01:48:00_TAI,0,2.9519692e-06,0.8606908,0.8606908,1
2040,11575,2012-10-01 02:36:00,2012.10.01_02:36:00_TAI,0,0.000105841355,0.18016982,0.18016982,0
2069,11582,2012-10-01 17:48:00,2012.10.01_17:48:00_TAI,0,0.00055551116,0.08844832,0.08844832,0
2059,11579,2012-10-01 20:48:00,2012.10.01_20:48:00_TAI,0,0.00025352667,0.03917423,0.03917423,0
2098,11585,2012-10-02 00:00:00,2012.10.02_00:00:00_TAI,0,0.0058226585,0.8832714,0.8832714,1
2061,11580,2012-10-02 10:00:00,2012.10.02_10:00:00_TAI,0,0.0010613028,0.6078685,0.6078685,1
2061,11580,2012-10-02 11:24:00,2012.10.02_11:24:00_TAI,0,0.00030717734,0.5491087,0.5491087,1
2059,11579,2012-10-02 11:48:00,2012.10.02_11:48:00_TAI,0,0.0019006667,0.026918486,0.026918486,0
2098,11585,2012-10-03 01:24:00,2012.10.03_01:24:00_TAI,0,0.001574865,0.9223779,0.9223779,1
2069,11582,2012-10-03 02:48:00,2012.10.03_02:48:00_TAI,0,0.00034795198,0.15954319,0.15954319,0
2098,11585,2012-10-03 03:12:00,2012.10.03_03:12:00_TAI,0,0.0036467735,0.44877058,0.44877058,0
2040,11575,2012-10-03 07:12:00,2012.10.03_07:12:00_TAI,0,1.9588664e-05,0.8627108,0.8627108,1
2098,11585,2012-10-03 11:00:00,2012.10.03_11:00:00_TAI,0,0.00010402826,0.58405435,0.58405435,1
2098,11585,2012-10-03 11:48:00,2012.10.03_11:48:00_TAI,0,7.733062e-05,0.28881726,0.28881726,0
2098,11585,2012-10-03 12:00:00,2012.10.03_12:00:00_TAI,0,8.576512e-05,0.5556618,0.5556618,1
2061,11580,2012-10-03 13:24:00,2012.10.03_13:24:00_TAI,0,0.003182895,0.9169049,0.9169049,1
2040,11575,2012-10-03 18:00:00,2012.10.03_18:00:00_TAI,0,1.9850627e-06,0.8627108,0.8627108,1
2059,11579,2012-10-04 02:24:00,2012.10.04_02:24:00_TAI,0,0.002440873,0.005742556,0.005742556,0
2098,11585,2012-10-04 04:36:00,2012.10.04_04:36:00_TAI,0,0.00013199841,0.9574489,0.9574489,1
2061,11580,2012-10-04 05:12:00,2012.10.04_05:12:00_TAI,0,0.00012040013,0.32518983,0.32518983,0
2069,11582,2012-10-04 06:48:00,2012.10.04_06:48:00_TAI,0,0.0014329705,0.050409835,0.050409835,0
2098,11585,2012-10-04 17:36:00,2012.10.04_17:36:00_TAI,0,0.0005783778,0.97924316,0.97924316,1
2069,11582,2012-10-04 17:48:00,2012.10.04_17:48:00_TAI,0,0.0003010744,0.063101076,0.063101076,0
2098,11585,2012-10-04 18:36:00,2012.10.04_18:36:00_TAI,0,0.00013427014,0.99468577,0.99468577,1
2069,11582,2012-10-04 18:36:00,2012.10.04_18:36:00_TAI,0,0.0013417765,0.047980912,0.047980912,0
2061,11580,2012-10-05 02:24:00,2012.10.05_02:24:00_TAI,0,0.0002532602,0.3256657,0.3256657,0
2059,11579,2012-10-05 02:24:00,2012.10.05_02:24:00_TAI,0,0.00069680315,0.0037907788,0.0037907788,0
2059,11579,2012-10-05 09:00:00,2012.10.05_09:00:00_TAI,0,4.2455125e-05,0.018659096,0.018659096,0
2059,11579,2012-10-06 00:24:00,2012.10.06_00:24:00_TAI,0,0.0010039714,0.07262962,0.07262962,0
2059,11579,2012-10-06 09:12:00,2012.10.06_09:12:00_TAI,0,2.0796491e-05,0.12935622,0.12935622,0
2059,11579,2012-10-06 12:36:00,2012.10.06_12:36:00_TAI,0,2.4491455e-05,0.3893038,0.3893038,0
2069,11582,2012-10-06 17:48:00,2012.10.06_17:48:00_TAI,0,0.00013785258,0.028747683,0.028747683,0
2106,11588,2012-10-06 21:24:00,2012.10.06_21:24:00_TAI,0,8.605181e-06,0.07632143,0.07632143,0
2106,11588,2012-10-06 22:48:00,2012.10.06_22:48:00_TAI,0,2.915842e-06,0.08594598,0.08594598,0
2106,11588,2012-10-06 23:48:00,2012.10.06_23:48:00_TAI,0,5.418988e-06,0.084164046,0.084164046,0
2107,11586,2012-10-07 00:48:00,2012.10.07_00:48:00_TAI,0,0.00018971108,0.99866104,0.99866104,1
2107,11586,2012-10-07 04:00:00,2012.10.07_04:00:00_TAI,0,0.00028024544,0.99392384,0.99392384,1
2098,11585,2012-10-07 12:00:00,2012.10.07_12:00:00_TAI,0,0.00045361294,0.8594812,0.8594812,1
2098,11585,2012-10-07 14:48:00,2012.10.07_14:48:00_TAI,0,0.00021896114,0.91395897,0.91395897,1
2069,11582,2012-10-07 15:24:00,2012.10.07_15:24:00_TAI,0,3.1394127e-05,0.08857222,0.08857222,0
2106,11588,2012-10-07 16:00:00,2012.10.07_16:00:00_TAI,0,5.2487492e-05,0.091883585,0.091883585,0
2107,11586,2012-10-07 21:36:00,2012.10.07_21:36:00_TAI,0,0.0014297644,0.9852647,0.9852647,1
2098,11585,2012-10-07 21:48:00,2012.10.07_21:48:00_TAI,0,5.338207e-05,0.91910934,0.91910934,1
2069,11582,2012-10-07 22:00:00,2012.10.07_22:00:00_TAI,0,3.0288022e-05,0.02958263,0.02958263,0
2069,11582,2012-10-08 06:00:00,2012.10.08_06:00:00_TAI,0,0.000575498,0.12953378,0.12953378,0
2107,11586,2012-10-08 14:24:00,2012.10.08_14:24:00_TAI,0,0.0015182948,0.86720866,0.86720866,1
2107,11586,2012-10-08 16:36:00,2012.10.08_16:36:00_TAI,0,0.0010298456,0.9352505,0.9352505,1
2107,11586,2012-10-08 22:36:00,2012.10.08_22:36:00_TAI,0,0.0009082574,0.97805506,0.97805506,1
2109,11589,2012-10-09 10:12:00,2012.10.09_10:12:00_TAI,0,0.00037647993,0.99948525,0.99948525,1
2107,11586,2012-10-09 15:12:00,2012.10.09_15:12:00_TAI,0,0.0012018976,0.8222086,0.8222086,1
2106,11588,2012-10-09 15:36:00,2012.10.09_15:36:00_TAI,0,0.00037190446,0.44231534,0.44231534,0
2113,11595,2012-10-09 19:36:00,2012.10.09_19:36:00_TAI,0,0.0022031676,0.022145247,0.022145247,0
2106,11588,2012-10-09 19:36:00,2012.10.09_19:36:00_TAI,0,0.000100398625,0.64211005,0.64211005,1
2098,11585,2012-10-09 22:24:00,2012.10.09_22:24:00_TAI,0,0.00029496892,0.9997956,0.9997956,1
2107,11586,2012-10-10 01:00:00,2012.10.10_01:00:00_TAI,0,0.0003047202,0.7993488,0.7993488,1
2113,11595,2012-10-10 06:00:00,2012.10.10_06:00:00_TAI,0,0.0011838508,0.016740315,0.016740315,0
2109,11589,2012-10-10 07:48:00,2012.10.10_07:48:00_TAI,0,0.00018210232,0.9963834,0.9963834,1
2109,11589,2012-10-10 10:36:00,2012.10.10_10:36:00_TAI,0,0.00026264242,0.87551916,0.87551916,1
2113,11595,2012-10-10 12:00:00,2012.10.10_12:00:00_TAI,0,0.0011294376,0.017143125,0.017143125,0
2112,11590,2012-10-10 13:00:00,2012.10.10_13:00:00_TAI,0,0.0037985854,0.9121225,0.9121225,1
2113,11595,2012-10-11 08:00:00,2012.10.11_08:00:00_TAI,0,0.0009644121,0.0075059547,0.0075059547,0
2106,11588,2012-10-11 08:12:00,2012.10.11_08:12:00_TAI,0,0.0002700599,0.4231661,0.4231661,0
2109,11589,2012-10-11 08:24:00,2012.10.11_08:24:00_TAI,1,5.958527e-05,0.9324455,0.9324455,1
2109,11589,2012-10-11 09:48:00,2012.10.11_09:48:00_TAI,1,5.4008404e-05,0.8859708,0.8859708,1
2109,11589,2012-10-11 10:24:00,2012.10.11_10:24:00_TAI,1,5.4008404e-05,0.91362184,0.91362184,1
2109,11589,2012-10-11 10:36:00,2012.10.11_10:36:00_TAI,1,5.4008404e-05,0.8940517,0.8940517,1
2109,11589,2012-10-11 10:48:00,2012.10.11_10:48:00_TAI,1,5.4008404e-05,0.91738844,0.91738844,1
2109,11589,2012-10-11 11:12:00,2012.10.11_11:12:00_TAI,1,1.0054821e-05,0.9172269,0.9172269,1
2109,11589,2012-10-11 12:12:00,2012.10.11_12:12:00_TAI,1,0.0011294376,0.7059453,0.7059453,1
2109,11589,2012-10-11 13:12:00,2012.10.11_13:12:00_TAI,1,0.0011294376,0.8647043,0.8647043,1
2109,11589,2012-10-11 13:48:00,2012.10.11_13:48:00_TAI,1,0.0011294376,0.6104164,0.6104164,1
2109,11589,2012-10-11 14:00:00,2012.10.11_14:00:00_TAI,1,0.0011294376,0.75271165,0.75271165,1
2109,11589,2012-10-11 14:12:00,2012.10.11_14:12:00_TAI,1,0.0011294376,0.6785992,0.6785992,1
2109,11589,2012-10-11 14:36:00,2012.10.11_14:36:00_TAI,1,0.0011294376,0.58987826,0.58987826,1
2113,11595,2012-10-11 15:00:00,2012.10.11_15:00:00_TAI,0,0.0011435907,0.005697957,0.005697957,0
2109,11589,2012-10-11 15:24:00,2012.10.11_15:24:00_TAI,1,0.0011435907,0.729487,0.729487,1
2109,11589,2012-10-11 17:00:00,2012.10.11_17:00:00_TAI,1,0.0011808937,0.7721338,0.7721338,1
2109,11589,2012-10-11 17:48:00,2012.10.11_17:48:00_TAI,1,0.0011808937,0.5430913,0.5430913,1
2109,11589,2012-10-11 19:24:00,2012.10.11_19:24:00_TAI,1,0.0021765449,0.7317666,0.7317666,1
2109,11589,2012-10-11 19:48:00,2012.10.11_19:48:00_TAI,1,0.0021765449,0.61889666,0.61889666,1
2109,11589,2012-10-11 20:48:00,2012.10.11_20:48:00_TAI,1,0.0029660126,0.9207345,0.9207345,1
2107,11586,2012-10-11 21:12:00,2012.10.11_21:12:00_TAI,0,0.0029660126,0.9234548,0.9234548,1
2109,11589,2012-10-11 21:24:00,2012.10.11_21:24:00_TAI,1,0.0029660126,0.88310295,0.88310295,1
2109,11589,2012-10-11 21:36:00,2012.10.11_21:36:00_TAI,1,0.0029660126,0.81147665,0.81147665,1
2109,11589,2012-10-11 22:24:00,2012.10.11_22:24:00_TAI,1,0.0029660126,0.9355714,0.9355714,1
2109,11589,2012-10-11 22:48:00,2012.10.11_22:48:00_TAI,1,0.0029660126,0.95426816,0.95426816,1
2109,11589,2012-10-11 23:12:00,2012.10.11_23:12:00_TAI,1,0.0029660126,0.7723823,0.7723823,1
2109,11589,2012-10-11 23:36:00,2012.10.11_23:36:00_TAI,1,0.0029660126,0.9476872,0.9476872,1
2106,11588,2012-10-11 23:48:00,2012.10.11_23:48:00_TAI,0,0.0016694799,0.9686101,0.9686101,1
2109,11589,2012-10-12 00:00:00,2012.10.12_00:00:00_TAI,1,0.0013763877,0.94781464,0.94781464,1
2113,11595,2012-10-12 00:00:00,2012.10.12_00:00:00_TAI,0,0.0013763877,0.05281406,0.05281406,0
2106,11588,2012-10-12 01:00:00,2012.10.12_01:00:00_TAI,0,0.0034985559,0.96682215,0.96682215,1
2109,11589,2012-10-12 02:12:00,2012.10.12_02:12:00_TAI,1,0.0013763877,0.9806517,0.9806517,1
2109,11589,2012-10-12 02:48:00,2012.10.12_02:48:00_TAI,1,0.0013763877,0.98712164,0.98712164,1
2109,11589,2012-10-12 03:00:00,2012.10.12_03:00:00_TAI,1,0.0013420978,0.98444104,0.98444104,1
2109,11589,2012-10-12 03:12:00,2012.10.12_03:12:00_TAI,1,0.0013420978,0.9314141,0.9314141,1
2112,11590,2012-10-12 03:36:00,2012.10.12_03:36:00_TAI,0,0.0013420978,0.006293253,0.006293253,0
2113,11595,2012-10-12 03:48:00,2012.10.12_03:48:00_TAI,0,0.0013420978,0.016268698,0.016268698,0
2109,11589,2012-10-12 03:48:00,2012.10.12_03:48:00_TAI,1,0.0013420978,0.9027109,0.9027109,1
2109,11589,2012-10-12 05:12:00,2012.10.12_05:12:00_TAI,1,0.0011838508,0.8484079,0.8484079,1
2109,11589,2012-10-12 07:24:00,2012.10.12_07:24:00_TAI,1,0.0011838508,0.9828083,0.9828083,1
2109,11589,2012-10-12 10:00:00,2012.10.12_10:00:00_TAI,0,0.0011294376,0.91357803,0.91357803,1
2112,11590,2012-10-12 14:12:00,2012.10.12_14:12:00_TAI,0,0.0011294376,0.016359115,0.016359115,0
2098,11585,2012-10-12 15:00:00,2012.10.12_15:00:00_TAI,0,3.436123e-05,0.8624345,0.8624345,1
2113,11595,2012-10-12 19:24:00,2012.10.12_19:24:00_TAI,0,0.0021765449,0.020398494,0.020398494,0
2112,11590,2012-10-12 23:48:00,2012.10.12_23:48:00_TAI,0,0.0029660126,0.02296169,0.02296169,0
2098,11585,2012-10-13 06:36:00,2012.10.13_06:36:00_TAI,0,3.0157604e-05,0.579416,0.579416,1
2112,11590,2012-10-13 08:00:00,2012.10.13_08:00:00_TAI,0,0.0011838508,0.018022861,0.018022861,0
2113,11595,2012-10-13 16:00:00,2012.10.13_16:00:00_TAI,0,0.0011435907,0.0140344985,0.0140344985,0
2098,11585,2012-10-13 17:36:00,2012.10.13_17:36:00_TAI,0,5.3021477e-06,0.9264945,0.9264945,1
2109,11589,2012-10-13 23:00:00,2012.10.13_23:00:00_TAI,0,0.0029660126,0.9813799,0.9813799,1
2107,11586,2012-10-15 05:00:00,2012.10.15_05:00:00_TAI,0,0.0011838508,0.28860337,0.28860337,0
2109,11589,2012-10-15 09:36:00,2012.10.15_09:36:00_TAI,0,0.0011294376,0.9961737,0.9961737,1
2107,11586,2012-10-15 09:36:00,2012.10.15_09:36:00_TAI,0,0.0011294376,0.09427207,0.09427207,0
2109,11589,2012-10-15 13:00:00,2012.10.15_13:00:00_TAI,0,0.0011294376,0.9923516,0.9923516,1
2107,11586,2012-10-15 13:12:00,2012.10.15_13:12:00_TAI,0,0.0011294376,0.09315567,0.09315567,0
2123,11594,2012-10-15 18:12:00,2012.10.15_18:12:00_TAI,0,0.0011095474,0.9679989,0.9679989,1
2121,11591,2012-10-15 23:48:00,2012.10.15_23:48:00_TAI,0,0.0029543948,0.9120469,0.9120469,1
2121,11591,2012-10-16 02:12:00,2012.10.16_02:12:00_TAI,0,0.0012368448,0.89158857,0.89158857,1
2114,11592,2012-10-16 03:00:00,2012.10.16_03:00:00_TAI,0,0.0012060272,0.15447666,0.15447666,0
2113,11595,2012-10-16 07:12:00,2012.10.16_07:12:00_TAI,0,0.0011838508,0.0067509976,0.0067509976,0
2107,11586,2012-10-16 07:12:00,2012.10.16_07:12:00_TAI,0,0.0011838508,0.08104251,0.08104251,0
2109,11589,2012-10-16 08:48:00,2012.10.16_08:48:00_TAI,0,0.0011838508,0.8666038,0.8666038,1
2130,11596,2012-10-16 17:36:00,2012.10.16_17:36:00_TAI,1,0.0009235581,0.8627108,0.8627108,1
2130,11596,2012-10-16 18:00:00,2012.10.16_18:00:00_TAI,1,0.0011095474,0.8627108,0.8627108,1
2130,11596,2012-10-16 19:24:00,2012.10.16_19:24:00_TAI,1,0.001917783,0.8627108,0.8627108,1
2130,11596,2012-10-16 19:48:00,2012.10.16_19:48:00_TAI,1,0.001917783,0.8627108,0.8627108,1
2130,11596,2012-10-16 20:00:00,2012.10.16_20:00:00_TAI,1,0.002571958,0.8627108,0.8627108,1
2130,11596,2012-10-16 20:48:00,2012.10.16_20:48:00_TAI,1,0.002571958,0.8627108,0.8627108,1
2131,11597,2012-10-16 22:48:00,2012.10.16_22:48:00_TAI,0,0.0029543948,0.0461034,0.0461034,0
2130,11596,2012-10-16 23:24:00,2012.10.16_23:24:00_TAI,1,0.0029543948,0.8627108,0.8627108,1
2107,11586,2012-10-17 00:12:00,2012.10.17_00:12:00_TAI,0,0.0003582535,0.90546125,0.90546125,1
2130,11596,2012-10-17 01:00:00,2012.10.17_01:00:00_TAI,1,0.0012368448,0.8627108,0.8627108,1
2112,11590,2012-10-17 01:24:00,2012.10.17_01:24:00_TAI,0,0.00022527948,0.08929556,0.08929556,0
2130,11596,2012-10-17 01:24:00,2012.10.17_01:24:00_TAI,1,0.0012368448,0.8627108,0.8627108,1
2130,11596,2012-10-17 01:48:00,2012.10.17_01:48:00_TAI,1,0.0012368448,0.8627108,0.8627108,1
2113,11595,2012-10-17 01:48:00,2012.10.17_01:48:00_TAI,0,3.1850203e-05,0.011225279,0.011225279,0
2130,11596,2012-10-17 02:24:00,2012.10.17_02:24:00_TAI,1,0.0012368448,0.8627108,0.8627108,1
2130,11596,2012-10-17 03:12:00,2012.10.17_03:12:00_TAI,1,0.0012060272,0.8627108,0.8627108,1
2130,11596,2012-10-17 04:24:00,2012.10.17_04:24:00_TAI,1,0.0012370334,0.8627108,0.8627108,1
2130,11596,2012-10-17 04:36:00,2012.10.17_04:36:00_TAI,1,0.0012370334,0.8627108,0.8627108,1
2130,11596,2012-10-17 04:48:00,2012.10.17_04:48:00_TAI,1,0.0012370334,0.8627108,0.8627108,1
2131,11597,2012-10-17 05:24:00,2012.10.17_05:24:00_TAI,0,0.0011838508,0.030125327,0.030125327,0
2130,11596,2012-10-17 05:36:00,2012.10.17_05:36:00_TAI,1,0.0011838508,0.8627108,0.8627108,1
2130,11596,2012-10-17 06:00:00,2012.10.17_06:00:00_TAI,1,0.0011838508,0.8627108,0.8627108,1
2130,11596,2012-10-17 06:12:00,2012.10.17_06:12:00_TAI,1,0.0011838508,0.8627108,0.8627108,1
2113,11595,2012-10-17 06:24:00,2012.10.17_06:24:00_TAI,0,4.741268e-05,0.008263939,0.008263939,0
2130,11596,2012-10-17 06:36:00,2012.10.17_06:36:00_TAI,1,0.0011838508,0.8627108,0.8627108,1
2130,11596,2012-10-17 07:24:00,2012.10.17_07:24:00_TAI,1,0.0011838508,0.8627108,0.8627108,1
2130,11596,2012-10-17 07:36:00,2012.10.17_07:36:00_TAI,1,0.0011838508,0.8627108,0.8627108,1
2112,11590,2012-10-17 10:00:00,2012.10.17_10:00:00_TAI,0,3.784285e-05,0.039940726,0.039940726,0
2121,11591,2012-10-17 11:36:00,2012.10.17_11:36:00_TAI,0,0.00015655991,0.117946036,0.117946036,0
2123,11594,2012-10-17 19:48:00,2012.10.17_19:48:00_TAI,0,8.5488966e-05,0.9959986,0.9959986,1
2130,11596,2012-10-17 21:36:00,2012.10.17_21:36:00_TAI,0,0.0039207633,0.99769694,0.99769694,1
2112,11590,2012-10-17 23:48:00,2012.10.17_23:48:00_TAI,0,0.00048103143,0.13278955,0.13278955,0
2114,11592,2012-10-18 02:24:00,2012.10.18_02:24:00_TAI,0,3.7029975e-05,0.16043594,0.16043594,0
2123,11594,2012-10-18 05:36:00,2012.10.18_05:36:00_TAI,0,7.574403e-05,0.9979013,0.9979013,1
2114,11592,2012-10-18 11:00:00,2012.10.18_11:00:00_TAI,0,5.620683e-05,0.045852076,0.045852076,0
2112,11590,2012-10-18 12:00:00,2012.10.18_12:00:00_TAI,0,0.0009333325,0.09843225,0.09843225,0
2121,11591,2012-10-18 13:36:00,2012.10.18_13:36:00_TAI,0,0.000253635,0.04724056,0.04724056,0
2114,11592,2012-10-18 15:36:00,2012.10.18_15:36:00_TAI,0,3.0749867e-05,0.025679909,0.025679909,0
2112,11590,2012-10-18 17:24:00,2012.10.18_17:24:00_TAI,0,0.0006481425,0.09669401,0.09669401,0
2130,11596,2012-10-18 17:24:00,2012.10.18_17:24:00_TAI,0,0.00049687043,0.23464914,0.23464914,0
2130,11596,2012-10-19 08:00:00,2012.10.19_08:00:00_TAI,0,6.631457e-05,0.29243118,0.29243118,0
2117,11593,2012-10-19 08:48:00,2012.10.19_08:48:00_TAI,0,0.0010943016,0.9603453,0.9603453,1
2121,11591,2012-10-19 09:24:00,2012.10.19_09:24:00_TAI,0,0.0006663653,0.059392553,0.059392553,0
2121,11591,2012-10-19 10:00:00,2012.10.19_10:00:00_TAI,0,0.0019846587,0.04359379,0.04359379,0
2123,11594,2012-10-19 11:48:00,2012.10.19_11:48:00_TAI,0,7.176167e-06,0.99834824,0.99834824,1
2130,11596,2012-10-19 13:00:00,2012.10.19_13:00:00_TAI,0,0.00025659095,0.64101195,0.64101195,1
2131,11597,2012-10-19 19:12:00,2012.10.19_19:12:00_TAI,0,0.00014846738,0.9554062,0.9554062,1
2117,11593,2012-10-19 22:12:00,2012.10.19_22:12:00_TAI,0,0.0017024745,0.9874306,0.9874306,1
2117,11593,2012-10-19 22:48:00,2012.10.19_22:48:00_TAI,0,0.0015146798,0.9696194,0.9696194,1
2114,11592,2012-10-19 23:00:00,2012.10.19_23:00:00_TAI,0,0.0001412852,0.029930199,0.029930199,0
2117,11593,2012-10-20 00:00:00,2012.10.20_00:00:00_TAI,0,0.016216809,0.99247736,0.99247736,1
2137,11598,2012-10-20 00:24:00,2012.10.20_00:24:00_TAI,1,0.0010764971,0.8627108,0.8627108,1
2137,11598,2012-10-20 01:36:00,2012.10.20_01:36:00_TAI,1,0.0010764971,0.8627108,0.8627108,1
2117,11593,2012-10-20 02:00:00,2012.10.20_02:00:00_TAI,0,0.015718125,0.9805504,0.9805504,1
2137,11598,2012-10-20 02:36:00,2012.10.20_02:36:00_TAI,1,0.0010764971,0.8627108,0.8627108,1
2117,11593,2012-10-20 03:00:00,2012.10.20_03:00:00_TAI,0,0.0011531542,0.987832,0.987832,1
2137,11598,2012-10-20 03:24:00,2012.10.20_03:24:00_TAI,1,0.0010496705,0.8627108,0.8627108,1
2137,11598,2012-10-20 03:36:00,2012.10.20_03:36:00_TAI,1,0.0010496705,0.8627108,0.8627108,1
2137,11598,2012-10-20 04:12:00,2012.10.20_04:12:00_TAI,1,0.00096747617,0.8627108,0.8627108,1
2137,11598,2012-10-20 05:00:00,2012.10.20_05:00:00_TAI,1,0.0009258717,0.8627108,0.8627108,1
2137,11598,2012-10-20 05:24:00,2012.10.20_05:24:00_TAI,1,0.0010638072,0.8627108,0.8627108,1
2121,11591,2012-10-20 05:48:00,2012.10.20_05:48:00_TAI,0,0.0024430056,0.050092053,0.050092053,0
2137,11598,2012-10-20 07:12:00,2012.10.20_07:12:00_TAI,1,0.0010638072,0.8627108,0.8627108,1
2137,11598,2012-10-20 08:36:00,2012.10.20_08:36:00_TAI,1,0.0010638072,0.8627108,0.8627108,1
2130,11596,2012-10-20 08:36:00,2012.10.20_08:36:00_TAI,0,0.00013553708,0.94346654,0.94346654,1
2117,11593,2012-10-20 08:48:00,2012.10.20_08:48:00_TAI,0,0.000101840844,0.9921951,0.9921951,1
2137,11598,2012-10-20 09:36:00,2012.10.20_09:36:00_TAI,1,0.0010149054,0.8627108,0.8627108,1
2137,11598,2012-10-20 09:48:00,2012.10.20_09:48:00_TAI,1,0.0010149054,0.8627108,0.8627108,1
2137,11598,2012-10-20 10:24:00,2012.10.20_10:24:00_TAI,1,0.0010149054,0.8627108,0.8627108,1
2137,11598,2012-10-20 10:48:00,2012.10.20_10:48:00_TAI,1,0.0010149054,0.8627108,0.8627108,1
2137,11598,2012-10-20 11:00:00,2012.10.20_11:00:00_TAI,1,0.0010149054,0.8627108,0.8627108,1
2137,11598,2012-10-20 11:24:00,2012.10.20_11:24:00_TAI,1,0.0011294376,0.8627108,0.8627108,1
2137,11598,2012-10-20 12:12:00,2012.10.20_12:12:00_TAI,1,0.0011294376,0.8627108,0.8627108,1
2123,11594,2012-10-20 12:12:00,2012.10.20_12:12:00_TAI,0,0.00062461314,0.9934689,0.9934689,1
2137,11598,2012-10-20 12:24:00,2012.10.20_12:24:00_TAI,1,0.0011294376,0.8627108,0.8627108,1
2121,11591,2012-10-20 13:00:00,2012.10.20_13:00:00_TAI,0,0.002459171,0.09501633,0.09501633,0
2137,11598,2012-10-20 13:12:00,2012.10.20_13:12:00_TAI,1,0.0011294376,0.8627108,0.8627108,1
2137,11598,2012-10-20 13:24:00,2012.10.20_13:24:00_TAI,1,0.0011294376,0.8627108,0.8627108,1
2137,11598,2012-10-20 14:00:00,2012.10.20_14:00:00_TAI,1,0.0011294376,0.8627108,0.8627108,1
2137,11598,2012-10-20 15:00:00,2012.10.20_15:00:00_TAI,1,0.0011435907,0.8627108,0.8627108,1
2137,11598,2012-10-20 15:12:00,2012.10.20_15:12:00_TAI,1,0.0011435907,0.8627108,0.8627108,1
2137,11598,2012-10-20 16:00:00,2012.10.20_16:00:00_TAI,1,0.0011435907,0.8627108,0.8627108,1
2137,11598,2012-10-20 16:12:00,2012.10.20_16:12:00_TAI,1,5.0092392e-05,0.8627108,0.8627108,1
2109,11589,2012-10-20 16:24:00,2012.10.20_16:24:00_TAI,0,1.5883606e-05,0.56526583,0.56526583,1
2137,11598,2012-10-20 16:48:00,2012.10.20_16:48:00_TAI,1,0.00049408444,0.8627108,0.8627108,1
2137,11598,2012-10-20 17:00:00,2012.10.20_17:00:00_TAI,1,2.5639372e-05,0.8627108,0.8627108,1
2137,11598,2012-10-20 17:36:00,2012.10.20_17:36:00_TAI,1,2.1872469e-05,0.8627108,0.8627108,1
2137,11598,2012-10-20 18:48:00,2012.10.20_18:48:00_TAI,1,0.00034975188,0.8627108,0.8627108,1
2137,11598,2012-10-20 20:00:00,2012.10.20_20:00:00_TAI,1,0.0008325581,0.8627108,0.8627108,1
2137,11598,2012-10-20 20:12:00,2012.10.20_20:12:00_TAI,1,0.0011371739,0.8626554,0.8626554,1
2137,11598,2012-10-20 20:48:00,2012.10.20_20:48:00_TAI,1,0.00054919487,0.8554333,0.8554333,1
2112,11590,2012-10-20 21:24:00,2012.10.20_21:24:00_TAI,0,0.00042898653,0.2631377,0.2631377,0
2137,11598,2012-10-20 21:48:00,2012.10.20_21:48:00_TAI,1,0.00026163022,0.7540735,0.7540735,1
2123,11594,2012-10-20 22:12:00,2012.10.20_22:12:00_TAI,0,0.00029113237,0.9969158,0.9969158,1
2137,11598,2012-10-20 22:24:00,2012.10.20_22:24:00_TAI,1,2.6874e-05,0.5767316,0.5767316,1
2137,11598,2012-10-20 23:00:00,2012.10.20_23:00:00_TAI,1,0.00011396502,0.4181572,0.4181572,0
2137,11598,2012-10-20 23:36:00,2012.10.20_23:36:00_TAI,1,8.794586e-05,0.17585503,0.17585503,0
2137,11598,2012-10-21 00:00:00,2012.10.21_00:00:00_TAI,1,8.5433385e-05,0.12707908,0.12707908,0
2117,11593,2012-10-21 01:48:00,2012.10.21_01:48:00_TAI,0,0.0010027011,0.99528295,0.99528295,1
2123,11594,2012-10-21 01:48:00,2012.10.21_01:48:00_TAI,0,1.8090614e-05,0.9746386,0.9746386,1
2137,11598,2012-10-21 01:48:00,2012.10.21_01:48:00_TAI,1,6.873042e-05,0.05719409,0.05719409,0
2137,11598,2012-10-21 02:12:00,2012.10.21_02:12:00_TAI,1,2.6874257e-05,0.053346265,0.053346265,0
2137,11598,2012-10-21 04:12:00,2012.10.21_04:12:00_TAI,1,6.3222324e-05,0.76305234,0.76305234,1
2112,11590,2012-10-21 05:00:00,2012.10.21_05:00:00_TAI,0,2.035435e-05,0.28605777,0.28605777,0
2137,11598,2012-10-21 05:00:00,2012.10.21_05:00:00_TAI,1,9.320689e-05,0.7703878,0.7703878,1
2137,11598,2012-10-21 06:24:00,2012.10.21_06:24:00_TAI,1,5.0555638e-05,0.77248955,0.77248955,1
2137,11598,2012-10-21 06:36:00,2012.10.21_06:36:00_TAI,1,4.6461944e-05,0.9788407,0.9788407,1
2109,11589,2012-10-21 07:24:00,2012.10.21_07:24:00_TAI,0,1.6402479e-06,0.5648623,0.5648623,1
2137,11598,2012-10-21 07:24:00,2012.10.21_07:24:00_TAI,1,6.4628555e-05,0.99989593,0.99989593,1
2137,11598,2012-10-21 09:24:00,2012.10.21_09:24:00_TAI,1,0.00014134502,0.999972,0.999972,1
2117,11593,2012-10-21 09:24:00,2012.10.21_09:24:00_TAI,0,0.00052278634,0.9335455,0.9335455,1
2137,11598,2012-10-21 11:48:00,2012.10.21_11:48:00_TAI,1,0.0003163039,0.9814249,0.9814249,1
2137,11598,2012-10-21 12:00:00,2012.10.21_12:00:00_TAI,1,0.00037975295,0.47115725,0.47115725,0
2137,11598,2012-10-21 12:12:00,2012.10.21_12:12:00_TAI,1,0.0023232696,0.99997556,0.99997556,1
2121,11591,2012-10-21 12:48:00,2012.10.21_12:48:00_TAI,0,0.0008755307,0.3781578,0.3781578,0
2137,11598,2012-10-21 13:24:00,2012.10.21_13:24:00_TAI,1,0.002831295,0.99992514,0.99992514,1
2137,11598,2012-10-21 14:00:00,2012.10.21_14:00:00_TAI,1,0.003444401,0.9965857,0.9965857,1
2137,11598,2012-10-21 14:12:00,2012.10.21_14:12:00_TAI,1,0.0027101482,0.99991906,0.99991906,1
2121,11591,2012-10-21 15:24:00,2012.10.21_15:24:00_TAI,0,0.0012535547,0.2913619,0.2913619,0
2137,11598,2012-10-21 15:48:00,2012.10.21_15:48:00_TAI,1,0.0025426198,0.75824237,0.75824237,1
2137,11598,2012-10-21 16:00:00,2012.10.21_16:00:00_TAI,1,0.0015402063,0.97407204,0.97407204,1
2137,11598,2012-10-21 16:24:00,2012.10.21_16:24:00_TAI,1,0.0020093953,0.99636626,0.99636626,1
2130,11596,2012-10-21 17:00:00,2012.10.21_17:00:00_TAI,0,0.00031025446,0.99445266,0.99445266,1
2137,11598,2012-10-21 17:12:00,2012.10.21_17:12:00_TAI,1,0.0015228848,0.9999852,0.9999852,1
2117,11593,2012-10-21 18:12:00,2012.10.21_18:12:00_TAI,0,0.0003461587,0.9870558,0.9870558,1
2130,11596,2012-10-21 20:12:00,2012.10.21_20:12:00_TAI,0,2.5658352e-05,0.9990927,0.9990927,1
2137,11598,2012-10-21 20:24:00,2012.10.21_20:24:00_TAI,1,0.0022721046,0.8195149,0.8195149,1
2137,11598,2012-10-21 20:36:00,2012.10.21_20:36:00_TAI,1,0.0014939934,0.9827476,0.9827476,1
2137,11598,2012-10-21 21:12:00,2012.10.21_21:12:00_TAI,1,0.0012621232,0.99955744,0.99955744,1
2137,11598,2012-10-21 23:00:00,2012.10.21_23:00:00_TAI,1,0.00080813636,0.9989612,0.9989612,1
2137,11598,2012-10-22 00:00:00,2012.10.22_00:00:00_TAI,1,0.0010820739,0.9962373,0.9962373,1
2137,11598,2012-10-22 23:48:00,2012.10.22_23:48:00_TAI,1,0.00096733565,0.013953203,0.013953203,0
2137,11598,2012-10-23 00:00:00,2012.10.23_00:00:00_TAI,1,0.0038876294,0.012935532,0.012935532,0
2137,11598,2012-10-23 01:24:00,2012.10.23_01:24:00_TAI,1,0.001190812,0.193295,0.193295,0
2137,11598,2012-10-23 02:24:00,2012.10.23_02:24:00_TAI,1,0.0005718956,0.10778102,0.10778102,0
2123,11594,2012-10-23 05:24:00,2012.10.23_05:24:00_TAI,0,3.3847566e-05,0.950594,0.950594,1
2144,11600,2012-10-23 11:48:00,2012.10.23_11:48:00_TAI,0,0.00011573004,0.02659146,0.02659146,0
2143,11599,2012-10-23 11:48:00,2012.10.23_11:48:00_TAI,0,0.00027368253,0.97289985,0.97289985,1
2123,11594,2012-10-23 15:48:00,2012.10.23_15:48:00_TAI,0,0.0001004331,0.9881072,0.9881072,1
2137,11598,2012-10-23 17:00:00,2012.10.23_17:00:00_TAI,0,0.00033656432,0.02348261,0.02348261,0
2143,11599,2012-10-23 17:36:00,2012.10.23_17:36:00_TAI,0,0.002008665,0.8557422,0.8557422,1
2137,11598,2012-10-23 19:48:00,2012.10.23_19:48:00_TAI,0,0.00014074412,0.35524386,0.35524386,0
2123,11594,2012-10-23 22:12:00,2012.10.23_22:12:00_TAI,0,0.0001441698,0.9294213,0.9294213,1
2121,11591,2012-10-24 00:36:00,2012.10.24_00:36:00_TAI,0,7.811051e-05,0.9120473,0.9120473,1
2130,11596,2012-10-24 00:48:00,2012.10.24_00:48:00_TAI,0,0.00059194583,0.7553511,0.7553511,1
2130,11596,2012-10-24 02:36:00,2012.10.24_02:36:00_TAI,0,0.00054379116,0.8354971,0.8354971,1
2130,11596,2012-10-24 03:36:00,2012.10.24_03:36:00_TAI,0,0.00038572095,0.68828785,0.68828785,1
2143,11599,2012-10-24 04:36:00,2012.10.24_04:36:00_TAI,0,0.0003110826,0.6273149,0.6273149,1
2117,11593,2012-10-24 05:00:00,2012.10.24_05:00:00_TAI,0,6.611957e-05,0.7431947,0.7431947,1
2117,11593,2012-10-24 05:12:00,2012.10.24_05:12:00_TAI,0,6.12565e-05,0.7454012,0.7454012,1
2121,11591,2012-10-24 08:48:00,2012.10.24_08:48:00_TAI,0,0.00018129064,0.7479487,0.7479487,1
2121,11591,2012-10-24 10:24:00,2012.10.24_10:24:00_TAI,0,0.0006827042,0.7971648,0.7971648,1
2137,11598,2012-10-24 10:36:00,2012.10.24_10:36:00_TAI,0,0.0004893913,0.32587254,0.32587254,0
2137,11598,2012-10-24 13:24:00,2012.10.24_13:24:00_TAI,0,0.00017508138,0.12235723,0.12235723,0
2143,11599,2012-10-24 15:00:00,2012.10.24_15:00:00_TAI,0,0.0035869055,0.94525874,0.94525874,1
2143,11599,2012-10-24 22:48:00,2012.10.24_22:48:00_TAI,0,0.0004510958,0.9577613,0.9577613,1
2144,11600,2012-10-24 23:48:00,2012.10.24_23:48:00_TAI,0,2.828199e-05,0.063136406,0.063136406,0
2143,11599,2012-10-25 05:48:00,2012.10.25_05:48:00_TAI,0,0.0008308684,0.98007315,0.98007315,1
2143,11599,2012-10-25 07:00:00,2012.10.25_07:00:00_TAI,0,0.0031390737,0.9565438,0.9565438,1
2144,11600,2012-10-25 13:24:00,2012.10.25_13:24:00_TAI,0,3.097384e-05,0.122433476,0.122433476,0
2130,11596,2012-10-25 18:48:00,2012.10.25_18:48:00_TAI,0,0.0009121939,0.70735145,0.70735145,1
2123,11594,2012-10-25 21:36:00,2012.10.25_21:36:00_TAI,0,1.1872438e-05,0.82631224,0.82631224,1
2117,11593,2012-10-26 01:12:00,2012.10.26_01:12:00_TAI,0,8.228966e-05,0.56789047,0.56789047,1
2143,11599,2012-10-26 02:36:00,2012.10.26_02:36:00_TAI,0,0.00022458204,0.9971107,0.9971107,1
2117,11593,2012-10-26 02:48:00,2012.10.26_02:48:00_TAI,0,0.00013201906,0.8718851,0.8718851,1
2158,11601,2012-10-26 04:12:00,2012.10.26_04:12:00_TAI,0,0.0012370334,0.18984619,0.18984619,0
2144,11600,2012-10-26 04:12:00,2012.10.26_04:12:00_TAI,0,0.00023678874,0.15484016,0.15484016,0
2143,11599,2012-10-26 04:24:00,2012.10.26_04:24:00_TAI,0,3.5891542e-05,0.9989023,0.9989023,1
2117,11593,2012-10-26 05:00:00,2012.10.26_05:00:00_TAI,0,6.119899e-05,0.74956375,0.74956375,1
2130,11596,2012-10-26 05:24:00,2012.10.26_05:24:00_TAI,0,0.0011734796,0.9419854,0.9419854,1
2144,11600,2012-10-26 10:12:00,2012.10.26_10:12:00_TAI,0,0.00025204514,0.07237496,0.07237496,0
2158,11601,2012-10-26 12:00:00,2012.10.26_12:00:00_TAI,0,5.3924417e-05,0.13168062,0.13168062,0
2143,11599,2012-10-26 13:48:00,2012.10.26_13:48:00_TAI,0,0.00041522493,0.9997398,0.9997398,1
2117,11593,2012-10-26 16:24:00,2012.10.26_16:24:00_TAI,0,5.594059e-05,0.78091305,0.78091305,1
2143,11599,2012-10-27 00:00:00,2012.10.27_00:00:00_TAI,0,0.00031654132,0.9989786,0.9989786,1
2117,11593,2012-10-27 03:00:00,2012.10.27_03:00:00_TAI,0,1.093195e-05,0.32898876,0.32898876,0
2144,11600,2012-10-27 03:48:00,2012.10.27_03:48:00_TAI,0,3.357908e-05,0.22390285,0.22390285,0
2130,11596,2012-10-27 04:24:00,2012.10.27_04:24:00_TAI,0,0.0032952386,0.68285227,0.68285227,1
2130,11596,2012-10-27 08:36:00,2012.10.27_08:36:00_TAI,0,0.0007002752,0.53407687,0.53407687,1
2137,11598,2012-10-27 19:48:00,2012.10.27_19:48:00_TAI,0,0.00022155429,0.8656914,0.8656914,1
2158,11601,2012-10-27 20:12:00,2012.10.27_20:12:00_TAI,0,0.00018601121,0.10293921,0.10293921,0
2143,11599,2012-10-27 20:24:00,2012.10.27_20:24:00_TAI,0,0.00014972486,0.98917484,0.98917484,1
2144,11600,2012-10-27 22:48:00,2012.10.27_22:48:00_TAI,0,9.07978e-05,0.07558041,0.07558041,0
2130,11596,2012-10-27 23:24:00,2012.10.27_23:24:00_TAI,0,0.0030590466,0.33530998,0.33530998,0
2144,11600,2012-10-28 03:00:00,2012.10.28_03:00:00_TAI,0,3.9828465e-05,0.042336848,0.042336848,0
2143,11599,2012-10-28 08:48:00,2012.10.28_08:48:00_TAI,0,0.00037591474,0.9968105,0.9968105,1
2144,11600,2012-10-28 12:12:00,2012.10.28_12:12:00_TAI,0,0.00010844417,0.038084265,0.038084265,0
2158,11601,2012-10-28 12:36:00,2012.10.28_12:36:00_TAI,0,3.3354652e-05,0.09052839,0.09052839,0
2144,11600,2012-10-28 15:12:00,2012.10.28_15:12:00_TAI,0,9.72241e-05,0.036983047,0.036983047,0
2158,11601,2012-10-28 18:36:00,2012.10.28_18:36:00_TAI,0,1.2243782e-05,0.13092725,0.13092725,0
2166,11602,2012-10-29 02:00:00,2012.10.29_02:00:00_TAI,0,0.0006137064,0.17720068,0.17720068,0
2130,11596,2012-10-29 04:36:00,2012.10.29_04:36:00_TAI,0,0.002637839,0.7375082,0.7375082,1
2144,11600,2012-10-29 05:12:00,2012.10.29_05:12:00_TAI,0,0.00019622006,0.08541702,0.08541702,0
2143,11599,2012-10-29 13:00:00,2012.10.29_13:00:00_TAI,0,0.00038110823,0.9953452,0.9953452,1
2166,11602,2012-10-29 15:48:00,2012.10.29_15:48:00_TAI,0,0.00016504356,0.10192528,0.10192528,0
2130,11596,2012-10-29 19:12:00,2012.10.29_19:12:00_TAI,0,0.00027948286,0.98142874,0.98142874,1
2130,11596,2012-10-29 19:36:00,2012.10.29_19:36:00_TAI,0,0.00088618946,0.958327,0.958327,1
2130,11596,2012-10-29 22:24:00,2012.10.29_22:24:00_TAI,0,0.00071680767,0.92438173,0.92438173,1
2166,11602,2012-10-30 08:24:00,2012.10.30_08:24:00_TAI,0,0.00021430274,0.021841925,0.021841925,0
2144,11600,2012-10-30 08:48:00,2012.10.30_08:48:00_TAI,0,6.1640003e-06,0.016766164,0.016766164,0
2144,11600,2012-10-30 11:36:00,2012.10.30_11:36:00_TAI,0,3.26498e-06,0.01201379,0.01201379,0
2166,11602,2012-10-30 13:24:00,2012.10.30_13:24:00_TAI,0,2.1566424e-05,0.055738278,0.055738278,0
2158,11601,2012-10-30 13:48:00,2012.10.30_13:48:00_TAI,0,4.395832e-06,0.13960138,0.13960138,0
2137,11598,2012-10-30 19:00:00,2012.10.30_19:00:00_TAI,0,0.00084971223,0.9869652,0.9869652,1
2169,11603,2012-10-30 20:12:00,2012.10.30_20:12:00_TAI,0,0.0029660126,0.229626,0.229626,0
2169,11603,2012-10-31 02:48:00,2012.10.31_02:48:00_TAI,0,2.2064856e-05,0.20781931,0.20781931,0
2137,11598,2012-10-31 03:12:00,2012.10.31_03:12:00_TAI,0,0.00035166414,0.9824791,0.9824791,1
2137,11598,2012-10-31 07:36:00,2012.10.31_07:36:00_TAI,0,6.776282e-05,0.9899138,0.9899138,1
2144,11600,2012-10-31 08:36:00,2012.10.31_08:36:00_TAI,0,1.3253615e-05,0.011699474,0.011699474,0
2144,11600,2012-10-31 09:00:00,2012.10.31_09:00:00_TAI,0,6.135132e-05,0.0110226385,0.0110226385,0
2158,11601,2012-10-31 09:00:00,2012.10.31_09:00:00_TAI,0,5.130592e-05,0.14199784,0.14199784,0
2158,11601,2012-10-31 10:24:00,2012.10.31_10:24:00_TAI,0,2.0886926e-05,0.18533745,0.18533745,0
2143,11599,2012-10-31 12:12:00,2012.10.31_12:12:00_TAI,0,0.0009914814,0.917525,0.917525,1
2166,11602,2012-10-31 13:24:00,2012.10.31_13:24:00_TAI,0,0.000119288095,0.32936716,0.32936716,0
2137,11598,2012-10-31 14:12:00,2012.10.31_14:12:00_TAI,0,0.00021116735,0.9984164,0.9984164,1
2166,11602,2012-10-31 15:36:00,2012.10.31_15:36:00_TAI,0,0.00032583912,0.093140885,0.093140885,0
2166,11602,2012-10-31 16:00:00,2012.10.31_16:00:00_TAI,0,0.00027790535,0.10431154,0.10431154,0
2143,11599,2012-11-01 04:36:00,2012.11.01_04:36:00_TAI,0,0.0007478234,0.98588157,0.98588157,1
2169,11603,2012-11-01 05:24:00,2012.11.01_05:24:00_TAI,0,0.00029713011,0.17015412,0.17015412,0
2166,11602,2012-11-01 09:48:00,2012.11.01_09:48:00_TAI,0,7.76822e-05,0.43643424,0.43643424,0
2173,11604,2012-11-01 10:00:00,2012.11.01_10:00:00_TAI,0,0.0010149054,0.4497048,0.4497048,0
2173,11604,2012-11-01 12:12:00,2012.11.01_12:12:00_TAI,0,0.0011294376,0.26117775,0.26117775,0
2173,11604,2012-11-01 16:12:00,2012.11.01_16:12:00_TAI,0,0.0011435907,0.046343304,0.046343304,0
2158,11601,2012-11-01 21:24:00,2012.11.01_21:24:00_TAI,0,0.00014513226,0.20540816,0.20540816,0
2137,11598,2012-11-01 22:48:00,2012.11.01_22:48:00_TAI,0,0.0024472682,0.976249,0.976249,1
2171,11605,2012-11-02 03:00:00,2012.11.02_03:00:00_TAI,0,9.937605e-06,0.00954802,0.00954802,0
2173,11604,2012-11-02 04:00:00,2012.11.02_04:00:00_TAI,0,1.5989492e-05,0.045547612,0.045547612,0
2166,11602,2012-11-02 08:24:00,2012.11.02_08:24:00_TAI,0,0.00012804543,0.10148867,0.10148867,0
2171,11605,2012-11-02 10:12:00,2012.11.02_10:12:00_TAI,0,0.00017905356,0.13058439,0.13058439,0
2137,11598,2012-11-02 13:48:00,2012.11.02_13:48:00_TAI,0,8.418528e-06,0.96393627,0.96393627,1
2169,11603,2012-11-02 15:12:00,2012.11.02_15:12:00_TAI,0,1.0428947e-05,0.13723914,0.13723914,0
2166,11602,2012-11-02 18:12:00,2012.11.02_18:12:00_TAI,0,6.564098e-05,0.47006917,0.47006917,0
2137,11598,2012-11-02 19:12:00,2012.11.02_19:12:00_TAI,0,4.797285e-06,0.9348848,0.9348848,1
2158,11601,2012-11-02 19:24:00,2012.11.02_19:24:00_TAI,0,0.00022609458,0.030848049,0.030848049,0
2158,11601,2012-11-03 03:12:00,2012.11.03_03:12:00_TAI,0,7.679877e-05,0.059617158,0.059617158,0
2171,11605,2012-11-03 06:00:00,2012.11.03_06:00:00_TAI,0,0.00029438233,0.021958452,0.021958452,0
2169,11603,2012-11-03 11:12:00,2012.11.03_11:12:00_TAI,0,0.00010028945,0.059033636,0.059033636,0
2158,11601,2012-11-03 12:24:00,2012.11.03_12:24:00_TAI,0,3.3182498e-06,0.08399909,0.08399909,0
2176,11606,2012-11-03 13:12:00,2012.11.03_13:12:00_TAI,0,0.0010149054,0.014903564,0.014903564,0
2173,11604,2012-11-03 14:24:00,2012.11.03_14:24:00_TAI,0,8.627467e-05,0.053168878,0.053168878,0
2166,11602,2012-11-03 14:24:00,2012.11.03_14:24:00_TAI,0,4.702345e-05,0.07538798,0.07538798,0
2169,11603,2012-11-03 18:48:00,2012.11.03_18:48:00_TAI,0,0.00020461595,0.03356052,0.03356052,0
2173,11604,2012-11-03 19:00:00,2012.11.03_19:00:00_TAI,0,1.7843538e-05,0.17502493,0.17502493,0
2166,11602,2012-11-03 21:00:00,2012.11.03_21:00:00_TAI,0,0.00013976062,0.10141482,0.10141482,0
2173,11604,2012-11-03 22:12:00,2012.11.03_22:12:00_TAI,0,0.0001544554,0.3065049,0.3065049,0
2171,11605,2012-11-04 01:24:00,2012.11.04_01:24:00_TAI,0,0.0036737723,0.37586507,0.37586507,0
2158,11601,2012-11-04 01:48:00,2012.11.04_01:48:00_TAI,0,4.0071714e-05,0.079534285,0.079534285,0
2176,11606,2012-11-04 02:00:00,2012.11.04_02:00:00_TAI,0,0.0013763877,0.005960057,0.005960057,0
2158,11601,2012-11-04 04:48:00,2012.11.04_04:48:00_TAI,0,8.405275e-06,0.061235994,0.061235994,0
2169,11603,2012-11-04 06:36:00,2012.11.04_06:36:00_TAI,0,0.0011838508,0.026698617,0.026698617,0
2173,11604,2012-11-04 08:36:00,2012.11.04_08:36:00_TAI,0,0.00053926423,0.31965193,0.31965193,0
2173,11604,2012-11-04 08:48:00,2012.11.04_08:48:00_TAI,0,0.00041753938,0.2818547,0.2818547,0
2173,11604,2012-11-04 11:48:00,2012.11.04_11:48:00_TAI,0,0.00027531246,0.25792292,0.25792292,0
2178,11607,2012-11-04 12:24:00,2012.11.04_12:24:00_TAI,0,0.0011294376,0.045230076,0.045230076,0
2143,11599,2012-11-04 15:48:00,2012.11.04_15:48:00_TAI,0,1.7018702e-06,0.97316736,0.97316736,1
2177,11608,2012-11-04 20:24:00,2012.11.04_20:24:00_TAI,0,0.0014201555,0.9858714,0.9858714,1
2181,11610,2012-11-05 05:48:00,2012.11.05_05:48:00_TAI,0,0.0010638072,0.8627108,0.8627108,1
2178,11607,2012-11-05 10:00:00,2012.11.05_10:00:00_TAI,0,0.00022100804,0.38797367,0.38797367,0
2178,11607,2012-11-05 10:48:00,2012.11.05_10:48:00_TAI,0,0.00029989355,0.32873097,0.32873097,0
2178,11607,2012-11-05 12:24:00,2012.11.05_12:24:00_TAI,0,0.00019589237,0.27450216,0.27450216,0
2173,11604,2012-11-05 15:48:00,2012.11.05_15:48:00_TAI,0,0.005280307,0.2844707,0.2844707,0
2173,11604,2012-11-05 18:24:00,2012.11.05_18:24:00_TAI,0,0.00035310365,0.2253945,0.2253945,0
2176,11606,2012-11-05 19:24:00,2012.11.05_19:24:00_TAI,0,9.907741e-06,0.0683607,0.0683607,0
2173,11604,2012-11-05 22:48:00,2012.11.05_22:48:00_TAI,0,0.0017869939,0.14955509,0.14955509,0
2173,11604,2012-11-06 02:24:00,2012.11.06_02:24:00_TAI,0,0.0014709675,0.2171754,0.2171754,0
2171,11605,2012-11-06 03:00:00,2012.11.06_03:00:00_TAI,0,6.5116587e-06,0.37043652,0.37043652,0
2177,11608,2012-11-06 06:48:00,2012.11.06_06:48:00_TAI,0,0.0026406343,0.22108074,0.22108074,0
2178,11607,2012-11-06 07:12:00,2012.11.06_07:12:00_TAI,0,0.00022937414,0.167864,0.167864,0
2171,11605,2012-11-06 08:00:00,2012.11.06_08:00:00_TAI,0,3.6376712e-06,0.10787551,0.10787551,0
2171,11605,2012-11-06 10:48:00,2012.11.06_10:48:00_TAI,0,3.560637e-06,0.14666125,0.14666125,0
2173,11604,2012-11-06 12:36:00,2012.11.06_12:36:00_TAI,0,2.2376091e-06,0.32928792,0.32928792,0
2178,11607,2012-11-06 14:48:00,2012.11.06_14:48:00_TAI,0,0.0011312977,0.05246911,0.05246911,0
2186,11611,2012-11-06 16:00:00,2012.11.06_16:00:00_TAI,0,0.00089437654,0.8627108,0.8627108,1
2166,11602,2012-11-06 17:00:00,2012.11.06_17:00:00_TAI,0,0.0007443261,0.08409747,0.08409747,0
2177,11608,2012-11-06 17:36:00,2012.11.06_17:36:00_TAI,0,0.003370996,0.11143323,0.11143323,0
2186,11611,2012-11-06 20:00:00,2012.11.06_20:00:00_TAI,0,0.0029543948,0.8627108,0.8627108,1
2181,11610,2012-11-06 20:00:00,2012.11.06_20:00:00_TAI,0,0.00015281307,0.18722163,0.18722163,0
2166,11602,2012-11-06 22:00:00,2012.11.06_22:00:00_TAI,0,0.00015731921,0.15612337,0.15612337,0
2178,11607,2012-11-07 02:24:00,2012.11.07_02:24:00_TAI,0,0.0007596239,0.9143434,0.9143434,1
2186,11611,2012-11-07 03:00:00,2012.11.07_03:00:00_TAI,1,0.0013420978,0.8627108,0.8627108,1
2166,11602,2012-11-07 03:12:00,2012.11.07_03:12:00_TAI,0,0.00032811312,0.30340487,0.30340487,0
2186,11611,2012-11-07 04:12:00,2012.11.07_04:12:00_TAI,1,0.0012370334,0.8627108,0.8627108,1
2186,11611,2012-11-07 04:36:00,2012.11.07_04:36:00_TAI,1,0.0012370334,0.8627108,0.8627108,1
2186,11611,2012-11-07 05:24:00,2012.11.07_05:24:00_TAI,1,0.0011838508,0.8627108,0.8627108,1
2186,11611,2012-11-07 06:00:00,2012.11.07_06:00:00_TAI,1,0.0011838508,0.8627108,0.8627108,1
2186,11611,2012-11-07 06:48:00,2012.11.07_06:48:00_TAI,1,0.0011838508,0.8627108,0.8627108,1
2186,11611,2012-11-07 07:12:00,2012.11.07_07:12:00_TAI,1,0.0016565408,0.8627108,0.8627108,1
2186,11611,2012-11-07 07:24:00,2012.11.07_07:24:00_TAI,1,0.0011838508,0.8627108,0.8627108,1
2186,11611,2012-11-07 08:24:00,2012.11.07_08:24:00_TAI,1,0.00053698174,0.8627108,0.8627108,1
2186,11611,2012-11-07 09:00:00,2012.11.07_09:00:00_TAI,1,0.00057197275,0.8627108,0.8627108,1
2186,11611,2012-11-07 09:48:00,2012.11.07_09:48:00_TAI,1,0.004292027,0.8627108,0.8627108,1
2186,11611,2012-11-07 10:12:00,2012.11.07_10:12:00_TAI,1,0.013289041,0.8627108,0.8627108,1
2186,11611,2012-11-07 11:24:00,2012.11.07_11:24:00_TAI,1,0.031124568,0.8627108,0.8627108,1
2171,11605,2012-11-07 11:36:00,2012.11.07_11:36:00_TAI,0,5.981327e-06,0.043389414,0.043389414,0
2186,11611,2012-11-07 11:48:00,2012.11.07_11:48:00_TAI,1,0.032152135,0.8627108,0.8627108,1
2186,11611,2012-11-07 12:12:00,2012.11.07_12:12:00_TAI,1,0.018459734,0.8627108,0.8627108,1
2186,11611,2012-11-07 12:48:00,2012.11.07_12:48:00_TAI,1,0.023669189,0.860533,0.860533,1
2186,11611,2012-11-07 13:00:00,2012.11.07_13:00:00_TAI,1,0.036503762,0.8538317,0.8538317,1
2186,11611,2012-11-07 15:24:00,2012.11.07_15:24:00_TAI,1,0.005470068,0.9472161,0.9472161,1
2186,11611,2012-11-07 16:12:00,2012.11.07_16:12:00_TAI,1,0.0027841388,0.9326541,0.9326541,1
2186,11611,2012-11-07 17:00:00,2012.11.07_17:00:00_TAI,1,0.0022525222,0.9887472,0.9887472,1
2186,11611,2012-11-07 19:00:00,2012.11.07_19:00:00_TAI,1,0.0019380574,0.99128073,0.99128073,1
2186,11611,2012-11-07 20:12:00,2012.11.07_20:12:00_TAI,1,0.0012533476,0.9967168,0.9967168,1
2173,11604,2012-11-07 20:36:00,2012.11.07_20:36:00_TAI,0,3.1876425e-05,0.09035863,0.09035863,0
2186,11611,2012-11-07 21:00:00,2012.11.07_21:00:00_TAI,1,0.00043514557,0.99540484,0.99540484,1
2186,11611,2012-11-07 21:48:00,2012.11.07_21:48:00_TAI,1,0.006252031,0.9987777,0.9987777,1
2171,11605,2012-11-07 22:00:00,2012.11.07_22:00:00_TAI,0,3.0498215e-05,0.03257791,0.03257791,0
2186,11611,2012-11-07 22:24:00,2012.11.07_22:24:00_TAI,1,0.008910794,0.999086,0.999086,1
2186,11611,2012-11-07 23:00:00,2012.11.07_23:00:00_TAI,1,0.0013221734,0.99981815,0.99981815,1
2186,11611,2012-11-07 23:36:00,2012.11.07_23:36:00_TAI,1,0.00031145563,0.9995338,0.9995338,1
2186,11611,2012-11-08 00:12:00,2012.11.08_00:12:00_TAI,1,0.0006106197,0.9999087,0.9999087,1
2186,11611,2012-11-08 00:48:00,2012.11.08_00:48:00_TAI,1,0.00023253581,0.9998939,0.9998939,1
2178,11607,2012-11-08 00:48:00,2012.11.08_00:48:00_TAI,0,0.00022433935,0.7050397,0.7050397,1
2186,11611,2012-11-08 01:12:00,2012.11.08_01:12:00_TAI,1,0.000952577,0.99962425,0.99962425,1
2186,11611,2012-11-08 01:24:00,2012.11.08_01:24:00_TAI,1,0.0012980618,0.999689,0.999689,1
2181,11610,2012-11-08 01:36:00,2012.11.08_01:36:00_TAI,0,2.7065715e-05,0.024835786,0.024835786,0
2171,11605,2012-11-08 03:12:00,2012.11.08_03:12:00_TAI,0,8.175845e-06,0.029368093,0.029368093,0
2166,11602,2012-11-08 04:12:00,2012.11.08_04:12:00_TAI,0,1.5842807e-05,0.17003879,0.17003879,0
2166,11602,2012-11-08 05:12:00,2012.11.08_05:12:00_TAI,0,1.917701e-05,0.060411114,0.060411114,0
2186,11611,2012-11-08 06:12:00,2012.11.08_06:12:00_TAI,0,0.00062741555,0.99920017,0.99920017,1
2176,11606,2012-11-08 06:36:00,2012.11.08_06:36:00_TAI,0,3.992921e-06,0.17206131,0.17206131,0
2173,11604,2012-11-08 08:36:00,2012.11.08_08:36:00_TAI,0,4.3267228e-05,0.09863364,0.09863364,0
2166,11602,2012-11-08 09:12:00,2012.11.08_09:12:00_TAI,0,8.500842e-06,0.07071763,0.07071763,0
2173,11604,2012-11-08 11:00:00,2012.11.08_11:00:00_TAI,0,5.638467e-06,0.043892115,0.043892115,0
2186,11611,2012-11-08 11:24:00,2012.11.08_11:24:00_TAI,0,0.0013482986,0.9960271,0.9960271,1
2186,11611,2012-11-08 13:12:00,2012.11.08_13:12:00_TAI,0,0.0011823367,0.99830997,0.99830997,1
2177,11608,2012-11-08 15:12:00,2012.11.08_15:12:00_TAI,0,0.002115628,0.12614766,0.12614766,0
2177,11608,2012-11-08 19:36:00,2012.11.08_19:36:00_TAI,0,0.0007147074,0.23050949,0.23050949,0
2181,11610,2012-11-08 22:36:00,2012.11.08_22:36:00_TAI,0,4.1163417e-05,0.02073368,0.02073368,0
2181,11610,2012-11-08 22:48:00,2012.11.08_22:48:00_TAI,0,5.4060914e-05,0.020887878,0.020887878,0
2186,11611,2012-11-09 00:00:00,2012.11.09_00:00:00_TAI,0,2.1042953e-05,0.99869066,0.99869066,1
2186,11611,2012-11-09 01:12:00,2012.11.09_01:12:00_TAI,0,3.7520804e-05,0.99847955,0.99847955,1
2186,11611,2012-11-09 08:12:00,2012.11.09_08:12:00_TAI,0,0.00012707175,0.9945722,0.9945722,1
2177,11608,2012-11-09 10:24:00,2012.11.09_10:24:00_TAI,0,0.0009912802,0.31996366,0.31996366,0
2171,11605,2012-11-09 10:36:00,2012.11.09_10:36:00_TAI,0,4.5813074e-05,0.032415755,0.032415755,0
2171,11605,2012-11-09 17:12:00,2012.11.09_17:12:00_TAI,0,4.2012503e-05,0.07921344,0.07921344,0
2186,11611,2012-11-09 17:48:00,2012.11.09_17:48:00_TAI,0,0.0008333911,0.9955504,0.9955504,1
2171,11605,2012-11-09 18:00:00,2012.11.09_18:00:00_TAI,0,3.19608e-05,0.070183314,0.070183314,0
2191,11613,2012-11-09 20:00:00,2012.11.09_20:00:00_TAI,0,0.0029660126,0.8627108,0.8627108,1
2177,11608,2012-11-09 22:00:00,2012.11.09_22:00:00_TAI,0,0.0015789737,0.26829457,0.26829457,0
2176,11606,2012-11-09 23:00:00,2012.11.09_23:00:00_TAI,0,8.914335e-06,0.18129426,0.18129426,0
2176,11606,2012-11-10 01:36:00,2012.11.10_01:36:00_TAI,0,1.7321448e-05,0.26865947,0.26865947,0
2193,11614,2012-11-10 03:00:00,2012.11.10_03:00:00_TAI,1,0.0012060272,0.8627108,0.8627108,1
2193,11614,2012-11-10 03:12:00,2012.11.10_03:12:00_TAI,1,0.0012060272,0.8627108,0.8627108,1
2173,11604,2012-11-10 03:12:00,2012.11.10_03:12:00_TAI,0,0.0002413025,0.038213283,0.038213283,0
2193,11614,2012-11-10 04:00:00,2012.11.10_04:00:00_TAI,1,0.0011116031,0.8627108,0.8627108,1
2193,11614,2012-11-10 04:48:00,2012.11.10_04:48:00_TAI,1,0.0011116031,0.8627108,0.8627108,1
2193,11614,2012-11-10 05:24:00,2012.11.10_05:24:00_TAI,1,0.0011838508,0.8627108,0.8627108,1
2193,11614,2012-11-10 05:36:00,2012.11.10_05:36:00_TAI,1,0.0011838508,0.8627108,0.8627108,1
2193,11614,2012-11-10 05:48:00,2012.11.10_05:48:00_TAI,1,0.0011838508,0.8627108,0.8627108,1
2193,11614,2012-11-10 06:24:00,2012.11.10_06:24:00_TAI,1,0.0011838508,0.8627108,0.8627108,1
2193,11614,2012-11-10 06:36:00,2012.11.10_06:36:00_TAI,1,0.0011838508,0.8627108,0.8627108,1
2193,11614,2012-11-10 07:00:00,2012.11.10_07:00:00_TAI,1,0.0011838508,0.8627108,0.8627108,1
2193,11614,2012-11-10 07:48:00,2012.11.10_07:48:00_TAI,1,0.0011838508,0.8627108,0.8627108,1
2193,11614,2012-11-10 08:24:00,2012.11.10_08:24:00_TAI,1,0.0011838508,0.8627108,0.8627108,1
2177,11608,2012-11-10 09:00:00,2012.11.10_09:00:00_TAI,0,3.977574e-05,0.40023822,0.40023822,0
2193,11614,2012-11-10 10:00:00,2012.11.10_10:00:00_TAI,1,0.0011294376,0.8627108,0.8627108,1
2186,11611,2012-11-10 10:12:00,2012.11.10_10:12:00_TAI,0,5.4124772e-05,0.97023916,0.97023916,1
2193,11614,2012-11-10 11:00:00,2012.11.10_11:00:00_TAI,1,0.0011294376,0.8627108,0.8627108,1
2193,11614,2012-11-10 11:24:00,2012.11.10_11:24:00_TAI,1,0.0011294376,0.8627108,0.8627108,1
2177,11608,2012-11-10 11:48:00,2012.11.10_11:48:00_TAI,0,3.060374e-05,0.29189095,0.29189095,0
2193,11614,2012-11-10 12:00:00,2012.11.10_12:00:00_TAI,1,0.0011294376,0.8627108,0.8627108,1
2193,11614,2012-11-10 12:12:00,2012.11.10_12:12:00_TAI,1,0.0011294376,0.8627108,0.8627108,1
2193,11614,2012-11-10 12:24:00,2012.11.10_12:24:00_TAI,1,0.0011294376,0.8627108,0.8627108,1
2173,11604,2012-11-10 12:48:00,2012.11.10_12:48:00_TAI,0,2.9720832e-05,0.029477451,0.029477451,0
2193,11614,2012-11-10 13:24:00,2012.11.10_13:24:00_TAI,1,0.0011294376,0.8627108,0.8627108,1
2193,11614,2012-11-10 14:00:00,2012.11.10_14:00:00_TAI,1,0.0011294376,0.8627108,0.8627108,1
2193,11614,2012-11-10 16:24:00,2012.11.10_16:24:00_TAI,1,0.0011435907,0.86228174,0.86228174,1
2193,11614,2012-11-10 16:36:00,2012.11.10_16:36:00_TAI,1,0.0011435907,0.85824794,0.85824794,1
2193,11614,2012-11-10 17:36:00,2012.11.10_17:36:00_TAI,1,0.0011808937,0.9268154,0.9268154,1
2193,11614,2012-11-10 17:48:00,2012.11.10_17:48:00_TAI,1,0.0011808937,0.93213755,0.93213755,1
2193,11614,2012-11-10 18:24:00,2012.11.10_18:24:00_TAI,1,0.0022746085,0.9909116,0.9909116,1
2193,11614,2012-11-10 18:36:00,2012.11.10_18:36:00_TAI,1,0.0011675279,0.98639214,0.98639214,1
2193,11614,2012-11-10 18:48:00,2012.11.10_18:48:00_TAI,1,0.0017819443,0.97741437,0.97741437,1
2193,11614,2012-11-10 19:00:00,2012.11.10_19:00:00_TAI,1,0.00024286279,0.9700494,0.9700494,1
2193,11614,2012-11-10 19:24:00,2012.11.10_19:24:00_TAI,1,0.00034990028,0.9859088,0.9859088,1
2193,11614,2012-11-10 20:00:00,2012.11.10_20:00:00_TAI,1,0.00029981608,0.9889093,0.9889093,1
2193,11614,2012-11-10 22:12:00,2012.11.10_22:12:00_TAI,1,0.0007846316,0.9912593,0.9912593,1
2177,11608,2012-11-10 22:12:00,2012.11.10_22:12:00_TAI,0,1.10602405e-05,0.38982257,0.38982257,0
2193,11614,2012-11-10 22:24:00,2012.11.10_22:24:00_TAI,1,0.0001968407,0.9916072,0.9916072,1
2193,11614,2012-11-10 22:36:00,2012.11.10_22:36:00_TAI,1,0.00020651617,0.9831966,0.9831966,1
2193,11614,2012-11-10 23:12:00,2012.11.10_23:12:00_TAI,1,0.00095764705,0.9970061,0.9970061,1
2186,11611,2012-11-10 23:24:00,2012.11.10_23:24:00_TAI,0,2.9354616e-05,0.9858191,0.9858191,1
2177,11608,2012-11-10 23:24:00,2012.11.10_23:24:00_TAI,0,3.1529569e-06,0.3347576,0.3347576,0
2193,11614,2012-11-11 00:00:00,2012.11.11_00:00:00_TAI,1,0.0026214658,0.99978644,0.99978644,1
2193,11614,2012-11-11 01:00:00,2012.11.11_01:00:00_TAI,1,0.0041817375,0.999311,0.999311,1
2186,11611,2012-11-11 01:12:00,2012.11.11_01:12:00_TAI,0,2.9319199e-05,0.97865766,0.97865766,1
2193,11614,2012-11-11 01:24:00,2012.11.11_01:24:00_TAI,1,0.01739761,0.9998994,0.9998994,1
2193,11614,2012-11-11 01:36:00,2012.11.11_01:36:00_TAI,1,0.014995394,0.9968297,0.9968297,1
2193,11614,2012-11-11 01:48:00,2012.11.11_01:48:00_TAI,1,0.010618442,0.99990165,0.99990165,1
2173,11604,2012-11-11 02:24:00,2012.11.11_02:24:00_TAI,0,2.4852137e-05,0.020787347,0.020787347,0
2173,11604,2012-11-11 04:12:00,2012.11.11_04:12:00_TAI,0,9.144923e-06,0.009912336,0.009912336,0
2173,11604,2012-11-11 06:36:00,2012.11.11_06:36:00_TAI,0,3.066541e-05,0.009469639,0.009469639,0
2176,11606,2012-11-11 08:12:00,2012.11.11_08:12:00_TAI,0,4.0291607e-06,0.08756497,0.08756497,0
2176,11606,2012-11-11 08:36:00,2012.11.11_08:36:00_TAI,0,4.812278e-06,0.06325397,0.06325397,0
2173,11604,2012-11-11 10:48:00,2012.11.11_10:48:00_TAI,0,1.2074589e-06,0.006557011,0.006557011,0
2177,11608,2012-11-11 14:48:00,2012.11.11_14:48:00_TAI,0,7.653709e-06,0.24584284,0.24584284,0
2191,11613,2012-11-11 23:12:00,2012.11.11_23:12:00_TAI,1,0.009787965,0.035015307,0.035015307,0
2191,11613,2012-11-11 23:36:00,2012.11.11_23:36:00_TAI,1,0.01009781,0.09614288,0.09614288,0
2191,11613,2012-11-11 23:48:00,2012.11.11_23:48:00_TAI,1,0.010867658,0.04459286,0.04459286,0
2193,11614,2012-11-12 00:12:00,2012.11.12_00:12:00_TAI,0,0.00018531106,0.9935894,0.9935894,1
2191,11613,2012-11-12 00:24:00,2012.11.12_00:24:00_TAI,1,0.019768529,0.027222928,0.027222928,0
2191,11613,2012-11-12 00:36:00,2012.11.12_00:36:00_TAI,1,0.008566831,0.07031624,0.07031624,0
2191,11613,2012-11-12 02:00:00,2012.11.12_02:00:00_TAI,1,0.0072046495,0.05004372,0.05004372,0
2191,11613,2012-11-12 02:36:00,2012.11.12_02:36:00_TAI,1,0.0065843924,0.012578895,0.012578895,0
2191,11613,2012-11-12 02:48:00,2012.11.12_02:48:00_TAI,1,0.009835144,0.031844534,0.031844534,0
2177,11608,2012-11-12 03:24:00,2012.11.12_03:24:00_TAI,0,0.00010271489,0.44173068,0.44173068,0
2191,11613,2012-11-12 04:36:00,2012.11.12_04:36:00_TAI,1,0.008855194,0.028362293,0.028362293,0
2191,11613,2012-11-12 05:00:00,2012.11.12_05:00:00_TAI,1,0.014929256,0.03802957,0.03802957,0
2191,11613,2012-11-12 06:00:00,2012.11.12_06:00:00_TAI,1,0.0022099349,0.015455315,0.015455315,0
2191,11613,2012-11-12 06:36:00,2012.11.12_06:36:00_TAI,1,0.0016404166,0.0403789,0.0403789,0
2191,11613,2012-11-12 06:48:00,2012.11.12_06:48:00_TAI,1,0.0015088043,0.04476486,0.04476486,0
2191,11613,2012-11-12 07:00:00,2012.11.12_07:00:00_TAI,1,0.004708453,0.02492804,0.02492804,0
2191,11613,2012-11-12 08:12:00,2012.11.12_08:12:00_TAI,1,0.004897689,0.025748504,0.025748504,0
2191,11613,2012-11-12 09:00:00,2012.11.12_09:00:00_TAI,1,0.027066045,0.012290768,0.012290768,0
2191,11613,2012-11-12 09:12:00,2012.11.12_09:12:00_TAI,1,0.024132414,0.0056228004,0.0056228004,0
2186,11611,2012-11-12 09:48:00,2012.11.12_09:48:00_TAI,0,0.000399503,0.9992465,0.9992465,1
2203,11616,2012-11-12 11:48:00,2012.11.12_11:48:00_TAI,0,0.0010149054,0.8627108,0.8627108,1
2177,11608,2012-11-12 11:48:00,2012.11.12_11:48:00_TAI,0,8.615883e-05,0.37997955,0.37997955,0
2191,11613,2012-11-12 12:00:00,2012.11.12_12:00:00_TAI,1,0.005300306,0.018736674,0.018736674,0
2191,11613,2012-11-12 12:24:00,2012.11.12_12:24:00_TAI,1,0.006271329,0.010980696,0.010980696,0
2191,11613,2012-11-12 12:48:00,2012.11.12_12:48:00_TAI,1,0.0056967116,0.021288889,0.021288889,0
2193,11614,2012-11-12 13:24:00,2012.11.12_13:24:00_TAI,0,0.00034881668,0.99122393,0.99122393,1
2191,11613,2012-11-12 13:48:00,2012.11.12_13:48:00_TAI,1,0.0026828642,0.010599213,0.010599213,0
2191,11613,2012-11-12 14:12:00,2012.11.12_14:12:00_TAI,1,0.0018532278,0.008254557,0.008254557,0
2191,11613,2012-11-12 14:36:00,2012.11.12_14:36:00_TAI,1,0.0010961321,0.011047169,0.011047169,0
2191,11613,2012-11-12 15:48:00,2012.11.12_15:48:00_TAI,1,0.0060298084,0.019590158,0.019590158,0
2191,11613,2012-11-12 16:12:00,2012.11.12_16:12:00_TAI,1,0.008604651,0.015496058,0.015496058,0
2191,11613,2012-11-12 16:24:00,2012.11.12_16:24:00_TAI,1,0.005395184,0.0054364433,0.0054364433,0
2191,11613,2012-11-12 18:00:00,2012.11.12_18:00:00_TAI,1,0.0012675195,0.023568615,0.023568615,0
2191,11613,2012-11-12 19:00:00,2012.11.12_19:00:00_TAI,1,0.000866503,0.036500875,0.036500875,0
2191,11613,2012-11-12 19:36:00,2012.11.12_19:36:00_TAI,1,0.0007622038,0.022211319,0.022211319,0
2191,11613,2012-11-12 20:48:00,2012.11.12_20:48:00_TAI,1,0.0058408272,0.014200134,0.014200134,0
2191,11613,2012-11-12 21:12:00,2012.11.12_21:12:00_TAI,1,0.0071229795,0.013889161,0.013889161,0
2186,11611,2012-11-12 21:36:00,2012.11.12_21:36:00_TAI,0,0.002573142,0.9857488,0.9857488,1
2191,11613,2012-11-12 21:48:00,2012.11.12_21:48:00_TAI,1,0.0074538635,0.009018805,0.009018805,0
2191,11613,2012-11-12 22:00:00,2012.11.12_22:00:00_TAI,1,0.008377379,0.012542156,0.012542156,0
2191,11613,2012-11-12 22:36:00,2012.11.12_22:36:00_TAI,1,0.0021238362,0.02678372,0.02678372,0
2191,11613,2012-11-12 23:24:00,2012.11.12_23:24:00_TAI,1,0.005644718,0.015861506,0.015861506,0
2191,11613,2012-11-12 23:48:00,2012.11.12_23:48:00_TAI,1,0.0026010554,0.020226916,0.020226916,0
2177,11608,2012-11-13 00:36:00,2012.11.13_00:36:00_TAI,0,8.475885e-06,0.26953432,0.26953432,0
2191,11613,2012-11-13 01:00:00,2012.11.13_01:00:00_TAI,1,0.001909159,0.026354264,0.026354264,0
2181,11610,2012-11-13 01:00:00,2012.11.13_01:00:00_TAI,0,0.0030581176,0.056999076,0.056999076,0
2191,11613,2012-11-13 01:24:00,2012.11.13_01:24:00_TAI,1,0.0015035392,0.013457383,0.013457383,0
2177,11608,2012-11-13 04:00:00,2012.11.13_04:00:00_TAI,0,1.7678816e-05,0.19811903,0.19811903,0
2186,11611,2012-11-13 04:48:00,2012.11.13_04:48:00_TAI,0,0.0044551105,0.9896563,0.9896563,1
2191,11613,2012-11-13 04:48:00,2012.11.13_04:48:00_TAI,1,0.00012149172,0.015176272,0.015176272,0
2191,11613,2012-11-13 05:24:00,2012.11.13_05:24:00_TAI,1,0.00026479116,0.0057576965,0.0057576965,0
2191,11613,2012-11-13 06:12:00,2012.11.13_06:12:00_TAI,1,0.00040853393,0.009707651,0.009707651,0
2191,11613,2012-11-13 06:36:00,2012.11.13_06:36:00_TAI,1,0.00028315326,0.007196492,0.007196492,0
2193,11614,2012-11-13 07:12:00,2012.11.13_07:12:00_TAI,0,0.0004672804,0.9785606,0.9785606,1
2191,11613,2012-11-13 09:00:00,2012.11.13_09:00:00_TAI,1,0.002179627,0.013749703,0.013749703,0
2191,11613,2012-11-13 09:12:00,2012.11.13_09:12:00_TAI,1,0.0011725125,0.020525703,0.020525703,0
2191,11613,2012-11-13 09:24:00,2012.11.13_09:24:00_TAI,1,0.0021245657,0.0038090749,0.0038090749,0
2203,11616,2012-11-13 09:48:00,2012.11.13_09:48:00_TAI,0,0.0003271932,0.053870674,0.053870674,0
2191,11613,2012-11-13 10:00:00,2012.11.13_10:00:00_TAI,1,0.0014260773,0.011198805,0.011198805,0
2191,11613,2012-11-13 10:12:00,2012.11.13_10:12:00_TAI,1,0.0011191788,0.009745732,0.009745732,0
2191,11613,2012-11-13 11:24:00,2012.11.13_11:24:00_TAI,1,0.00067423383,0.009356718,0.009356718,0
2191,11613,2012-11-13 12:00:00,2012.11.13_12:00:00_TAI,1,0.00037429432,0.0094946865,0.0094946865,0
2191,11613,2012-11-13 12:24:00,2012.11.13_12:24:00_TAI,1,0.0025260383,0.007368099,0.007368099,0
2191,11613,2012-11-13 12:36:00,2012.11.13_12:36:00_TAI,1,0.0017570138,0.012956987,0.012956987,0
2191,11613,2012-11-13 13:24:00,2012.11.13_13:24:00_TAI,1,0.0008609507,0.0040925685,0.0040925685,0
2191,11613,2012-11-13 13:36:00,2012.11.13_13:36:00_TAI,1,0.0014708715,0.005742779,0.005742779,0
2191,11613,2012-11-13 13:48:00,2012.11.13_13:48:00_TAI,1,0.0011580725,0.008061916,0.008061916,0
2191,11613,2012-11-13 14:12:00,2012.11.13_14:12:00_TAI,1,0.0010746344,0.0087150335,0.0087150335,0
2191,11613,2012-11-13 14:24:00,2012.11.13_14:24:00_TAI,1,0.0010093575,0.018694766,0.018694766,0
2191,11613,2012-11-13 17:12:00,2012.11.13_17:12:00_TAI,1,0.0030817022,0.005671551,0.005671551,0
2191,11613,2012-11-13 17:24:00,2012.11.13_17:24:00_TAI,1,0.0033643846,0.007118998,0.007118998,0
2193,11614,2012-11-13 20:48:00,2012.11.13_20:48:00_TAI,0,0.00015663383,0.97881925,0.97881925,1
2191,11613,2012-11-13 20:48:00,2012.11.13_20:48:00_TAI,1,0.0023027118,0.002927273,0.002927273,0
2191,11613,2012-11-13 21:00:00,2012.11.13_21:00:00_TAI,1,0.0024259712,0.0077391,0.0077391,0
2191,11613,2012-11-13 21:36:00,2012.11.13_21:36:00_TAI,1,0.0005835877,0.017359657,0.017359657,0
2191,11613,2012-11-13 22:00:00,2012.11.13_22:00:00_TAI,1,0.00044036188,0.004786194,0.004786194,0
2191,11613,2012-11-13 22:36:00,2012.11.13_22:36:00_TAI,1,0.0004180502,0.0080206245,0.0080206245,0
2191,11613,2012-11-13 23:24:00,2012.11.13_23:24:00_TAI,1,0.00060631346,0.0048869126,0.0048869126,0
2191,11613,2012-11-13 23:36:00,2012.11.13_23:36:00_TAI,1,0.0007397389,0.0072254296,0.0072254296,0
2191,11613,2012-11-14 00:12:00,2012.11.14_00:12:00_TAI,1,0.0004661377,0.005939546,0.005939546,0
2191,11613,2012-11-14 01:24:00,2012.11.14_01:24:00_TAI,1,0.00037540245,0.0069676056,0.0069676056,0
2191,11613,2012-11-14 01:36:00,2012.11.14_01:36:00_TAI,1,0.0003627709,0.005742539,0.005742539,0
2191,11613,2012-11-14 03:12:00,2012.11.14_03:12:00_TAI,1,0.0031064143,0.0044331127,0.0044331127,0
2186,11611,2012-11-14 12:00:00,2012.11.14_12:00:00_TAI,0,0.020947525,0.9475921,0.9475921,1
2186,11611,2012-11-14 14:48:00,2012.11.14_14:48:00_TAI,0,0.0006561724,0.9848754,0.9848754,1
2191,11613,2012-11-14 16:36:00,2012.11.14_16:36:00_TAI,0,0.0023041712,0.013657104,0.013657104,0
2193,11614,2012-11-14 17:36:00,2012.11.14_17:36:00_TAI,0,0.0011762561,0.44959605,0.44959605,0
2191,11613,2012-11-15 00:48:00,2012.11.15_00:48:00_TAI,0,0.0010782342,0.011044407,0.011044407,0
2193,11614,2012-11-15 04:36:00,2012.11.15_04:36:00_TAI,0,0.0002784833,0.091356464,0.091356464,0
2191,11613,2012-11-15 08:48:00,2012.11.15_08:48:00_TAI,0,0.0028769101,0.08619785,0.08619785,0
2186,11611,2012-11-15 14:00:00,2012.11.15_14:00:00_TAI,0,0.00015924941,0.9960885,0.9960885,1
2220,11618,2012-11-15 15:36:00,2012.11.15_15:36:00_TAI,1,0.0011435907,0.48535687,0.48535687,1
2220,11618,2012-11-15 15:48:00,2012.11.15_15:48:00_TAI,1,0.0011435907,0.63735116,0.63735116,1
2220,11618,2012-11-15 16:12:00,2012.11.15_16:12:00_TAI,1,0.0011435907,0.32989112,0.32989112,0
2220,11618,2012-11-15 16:24:00,2012.11.15_16:24:00_TAI,1,0.0011435907,0.31993002,0.31993002,0
2191,11613,2012-11-15 16:48:00,2012.11.15_16:48:00_TAI,0,0.0013929019,0.09123945,0.09123945,0
2220,11618,2012-11-15 16:48:00,2012.11.15_16:48:00_TAI,1,0.0011435907,0.255936,0.255936,0
2191,11613,2012-11-15 17:24:00,2012.11.15_17:24:00_TAI,0,0.0019489968,0.09176894,0.09176894,0
2220,11618,2012-11-15 19:12:00,2012.11.15_19:12:00_TAI,1,0.0021765449,0.43951723,0.43951723,0
2220,11618,2012-11-15 20:36:00,2012.11.15_20:36:00_TAI,1,0.0029660126,0.1877297,0.1877297,0
2220,11618,2012-11-15 21:00:00,2012.11.15_21:00:00_TAI,1,0.0029660126,0.8308878,0.8308878,1
2220,11618,2012-11-15 21:36:00,2012.11.15_21:36:00_TAI,1,0.0029660126,0.86967623,0.86967623,1
2220,11618,2012-11-15 22:00:00,2012.11.15_22:00:00_TAI,1,0.0029660126,0.44602245,0.44602245,0
2220,11618,2012-11-15 23:12:00,2012.11.15_23:12:00_TAI,1,0.0029660126,0.10555374,0.10555374,0
2220,11618,2012-11-16 01:24:00,2012.11.16_01:24:00_TAI,1,0.0013763877,0.11713881,0.11713881,0
2220,11618,2012-11-16 02:36:00,2012.11.16_02:36:00_TAI,1,0.0013763877,0.09092324,0.09092324,0
2220,11618,2012-11-16 03:12:00,2012.11.16_03:12:00_TAI,1,0.0013420978,0.050850283,0.050850283,0
2220,11618,2012-11-16 04:00:00,2012.11.16_04:00:00_TAI,1,0.0012370334,0.039581835,0.039581835,0
2220,11618,2012-11-16 06:12:00,2012.11.16_06:12:00_TAI,1,0.0011838508,0.16115437,0.16115437,0
2220,11618,2012-11-16 06:36:00,2012.11.16_06:36:00_TAI,1,0.0011838508,0.053198833,0.053198833,0
2220,11618,2012-11-16 07:36:00,2012.11.16_07:36:00_TAI,1,0.0011838508,0.054991692,0.054991692,0
2220,11618,2012-11-16 08:00:00,2012.11.16_08:00:00_TAI,1,0.0011838508,0.06684559,0.06684559,0
2220,11618,2012-11-16 08:12:00,2012.11.16_08:12:00_TAI,1,0.0011838508,0.048594177,0.048594177,0
2220,11618,2012-11-16 09:00:00,2012.11.16_09:00:00_TAI,1,0.0011294376,0.04422077,0.04422077,0
2220,11618,2012-11-16 09:12:00,2012.11.16_09:12:00_TAI,1,0.0011294376,0.039223038,0.039223038,0
2220,11618,2012-11-16 09:24:00,2012.11.16_09:24:00_TAI,1,0.0011294376,0.09955296,0.09955296,0
2220,11618,2012-11-16 09:48:00,2012.11.16_09:48:00_TAI,1,0.0011294376,0.028767284,0.028767284,0
2220,11618,2012-11-16 10:36:00,2012.11.16_10:36:00_TAI,1,0.0011294376,0.018426314,0.018426314,0
2220,11618,2012-11-16 11:24:00,2012.11.16_11:24:00_TAI,1,0.0011294376,0.010038807,0.010038807,0
2220,11618,2012-11-16 11:36:00,2012.11.16_11:36:00_TAI,1,0.0011294376,0.018453259,0.018453259,0
2220,11618,2012-11-16 11:48:00,2012.11.16_11:48:00_TAI,1,0.0011294376,0.010894489,0.010894489,0
2220,11618,2012-11-16 13:48:00,2012.11.16_13:48:00_TAI,1,0.0011294376,0.022739945,0.022739945,0
2220,11618,2012-11-16 14:24:00,2012.11.16_14:24:00_TAI,1,0.0011294376,0.043636613,0.043636613,0
2191,11613,2012-11-16 14:48:00,2012.11.16_14:48:00_TAI,0,0.0011294376,0.27370712,0.27370712,0
2203,11616,2012-11-16 22:00:00,2012.11.16_22:00:00_TAI,0,0.0029660126,0.09497618,0.09497618,0
2203,11616,2012-11-17 01:00:00,2012.11.17_01:00:00_TAI,0,1.1368877e-05,0.040155847,0.040155847,0
2193,11614,2012-11-17 01:12:00,2012.11.17_01:12:00_TAI,0,0.0014690008,0.69327146,0.69327146,1
2220,11618,2012-11-17 07:36:00,2012.11.17_07:36:00_TAI,0,5.3841894e-05,0.034564465,0.034564465,0
2203,11616,2012-11-17 08:48:00,2012.11.17_08:48:00_TAI,0,0.00039474887,0.13893974,0.13893974,0
2220,11618,2012-11-17 13:12:00,2012.11.17_13:12:00_TAI,0,0.00010114363,0.011807216,0.011807216,0
2186,11611,2012-11-17 21:24:00,2012.11.17_21:24:00_TAI,0,0.012299159,0.80312186,0.80312186,1
2181,11610,2012-11-17 21:48:00,2012.11.17_21:48:00_TAI,0,1.018577e-05,0.15516157,0.15516157,0
2191,11613,2012-11-17 21:48:00,2012.11.17_21:48:00_TAI,0,0.0023431736,0.26923627,0.26923627,0
2227,11620,2012-11-18 04:00:00,2012.11.18_04:00:00_TAI,0,0.0011116031,0.8627108,0.8627108,1
2191,11613,2012-11-18 14:00:00,2012.11.18_14:00:00_TAI,0,0.00035100145,0.12782173,0.12782173,0
2191,11613,2012-11-18 17:12:00,2012.11.18_17:12:00_TAI,0,0.0006315266,0.090509385,0.090509385,0
2191,11613,2012-11-18 17:48:00,2012.11.18_17:48:00_TAI,0,0.0013746225,0.18061875,0.18061875,0
2186,11611,2012-11-18 22:12:00,2012.11.18_22:12:00_TAI,0,0.00057436834,0.78374743,0.78374743,1
2220,11618,2012-11-19 01:48:00,2012.11.19_01:48:00_TAI,0,0.00031950927,0.7178057,0.7178057,1
2227,11620,2012-11-19 06:00:00,2012.11.19_06:00:00_TAI,0,0.00033996688,0.15033878,0.15033878,0
2191,11613,2012-11-19 14:24:00,2012.11.19_14:24:00_TAI,0,0.0009916136,0.06371229,0.06371229,0
2227,11620,2012-11-19 15:48:00,2012.11.19_15:48:00_TAI,0,0.00038767324,0.21799983,0.21799983,0
2203,11616,2012-11-19 18:24:00,2012.11.19_18:24:00_TAI,0,0.00021507693,0.84979856,0.84979856,1
2220,11618,2012-11-19 19:36:00,2012.11.19_19:36:00_TAI,1,0.00055911427,0.07787773,0.07787773,0
2220,11618,2012-11-19 20:12:00,2012.11.19_20:12:00_TAI,1,0.0007762679,0.08102836,0.08102836,0
2220,11618,2012-11-19 20:24:00,2012.11.19_20:24:00_TAI,1,0.0007312281,0.05326125,0.05326125,0
2220,11618,2012-11-19 22:00:00,2012.11.19_22:00:00_TAI,1,0.00065229565,0.08495954,0.08495954,0
2220,11618,2012-11-20 00:00:00,2012.11.20_00:00:00_TAI,1,0.000622704,0.018870218,0.018870218,0
2220,11618,2012-11-20 00:24:00,2012.11.20_00:24:00_TAI,1,0.0007043194,0.034249857,0.034249857,0
2220,11618,2012-11-20 01:36:00,2012.11.20_01:36:00_TAI,1,0.0007051552,0.0032430384,0.0032430384,0
2220,11618,2012-11-20 01:48:00,2012.11.20_01:48:00_TAI,1,0.0008554404,0.0042900816,0.0042900816,0
2220,11618,2012-11-20 02:00:00,2012.11.20_02:00:00_TAI,1,0.00047351205,0.005362739,0.005362739,0
2220,11618,2012-11-20 02:12:00,2012.11.20_02:12:00_TAI,1,0.0007560314,0.008341235,0.008341235,0
2220,11618,2012-11-20 02:36:00,2012.11.20_02:36:00_TAI,1,0.00064552156,0.015707145,0.015707145,0
2220,11618,2012-11-20 03:12:00,2012.11.20_03:12:00_TAI,1,0.00040707766,0.0047248723,0.0047248723,0
2220,11618,2012-11-20 04:12:00,2012.11.20_04:12:00_TAI,1,0.0005041259,0.0031297451,0.0031297451,0
2220,11618,2012-11-20 05:36:00,2012.11.20_05:36:00_TAI,1,0.00050072256,0.009151648,0.009151648,0
2203,11616,2012-11-20 05:48:00,2012.11.20_05:48:00_TAI,0,0.0001888938,0.871408,0.871408,1
2220,11618,2012-11-20 05:48:00,2012.11.20_05:48:00_TAI,1,0.0005155693,0.007318939,0.007318939,0
2227,11620,2012-11-20 06:12:00,2012.11.20_06:12:00_TAI,0,0.0012793464,0.32371706,0.32371706,0
2220,11618,2012-11-20 06:24:00,2012.11.20_06:24:00_TAI,1,0.000298534,0.0050362092,0.0050362092,0
2220,11618,2012-11-20 08:48:00,2012.11.20_08:48:00_TAI,1,0.00016519062,0.006194417,0.006194417,0
2220,11618,2012-11-20 10:12:00,2012.11.20_10:12:00_TAI,1,0.00019028228,0.07974731,0.07974731,0
2220,11618,2012-11-20 10:36:00,2012.11.20_10:36:00_TAI,1,0.00020383821,0.15077354,0.15077354,0
2203,11616,2012-11-20 12:00:00,2012.11.20_12:00:00_TAI,0,0.00020675044,0.8624553,0.8624553,1
2220,11618,2012-11-20 12:00:00,2012.11.20_12:00:00_TAI,1,0.00012373604,0.29225808,0.29225808,0
2220,11618,2012-11-20 12:12:00,2012.11.20_12:12:00_TAI,1,0.00014795199,0.25483268,0.25483268,0
2220,11618,2012-11-20 13:24:00,2012.11.20_13:24:00_TAI,1,0.00023983546,0.37442076,0.37442076,0
2220,11618,2012-11-20 13:36:00,2012.11.20_13:36:00_TAI,1,0.00023964391,0.2630041,0.2630041,0
2220,11618,2012-11-20 15:24:00,2012.11.20_15:24:00_TAI,1,0.0005649614,0.5043304,0.5043304,1
2220,11618,2012-11-20 16:00:00,2012.11.20_16:00:00_TAI,1,0.0009112283,0.51169294,0.51169294,1
2220,11618,2012-11-20 17:12:00,2012.11.20_17:12:00_TAI,1,0.00044019567,0.21668771,0.21668771,0
2220,11618,2012-11-20 17:24:00,2012.11.20_17:24:00_TAI,1,0.00056905707,0.18819481,0.18819481,0
2220,11618,2012-11-20 17:48:00,2012.11.20_17:48:00_TAI,1,0.00047636055,0.19734047,0.19734047,0
2220,11618,2012-11-20 18:12:00,2012.11.20_18:12:00_TAI,1,0.0004828339,0.27187318,0.27187318,0
2191,11613,2012-11-20 19:36:00,2012.11.20_19:36:00_TAI,0,7.429158e-05,0.042083394,0.042083394,0
2220,11618,2012-11-20 20:36:00,2012.11.20_20:36:00_TAI,1,0.00061956316,0.30176693,0.30176693,0
2220,11618,2012-11-20 20:48:00,2012.11.20_20:48:00_TAI,1,0.0006877299,0.36155736,0.36155736,0
2191,11613,2012-11-20 21:00:00,2012.11.20_21:00:00_TAI,0,4.4963097e-05,0.017710058,0.017710058,0
2220,11618,2012-11-20 21:36:00,2012.11.20_21:36:00_TAI,1,0.0005428461,0.28842932,0.28842932,0
2191,11613,2012-11-20 21:36:00,2012.11.20_21:36:00_TAI,0,6.65331e-05,0.032753035,0.032753035,0
2220,11618,2012-11-20 22:12:00,2012.11.20_22:12:00_TAI,1,0.0003534455,0.3012759,0.3012759,0
2220,11618,2012-11-20 23:00:00,2012.11.20_23:00:00_TAI,1,0.00020134023,0.16639303,0.16639303,0
2220,11618,2012-11-20 23:12:00,2012.11.20_23:12:00_TAI,1,0.00017780124,0.1815185,0.1815185,0
2220,11618,2012-11-20 23:36:00,2012.11.20_23:36:00_TAI,1,0.00012939371,0.08427139,0.08427139,0
2220,11618,2012-11-21 00:00:00,2012.11.21_00:00:00_TAI,1,8.987144e-05,0.08256984,0.08256984,0
2220,11618,2012-11-21 01:00:00,2012.11.21_01:00:00_TAI,1,7.2564995e-05,0.31561738,0.31561738,0
2220,11618,2012-11-21 01:36:00,2012.11.21_01:36:00_TAI,1,0.00011171656,0.42043608,0.42043608,0
2220,11618,2012-11-21 02:00:00,2012.11.21_02:00:00_TAI,1,0.00015141643,0.23116861,0.23116861,0
2220,11618,2012-11-21 02:24:00,2012.11.21_02:24:00_TAI,1,0.00012807474,0.2378128,0.2378128,0
2220,11618,2012-11-21 03:00:00,2012.11.21_03:00:00_TAI,1,0.00020047092,0.36327976,0.36327976,0
2220,11618,2012-11-21 03:24:00,2012.11.21_03:24:00_TAI,1,0.0001975,0.44693154,0.44693154,0
2220,11618,2012-11-21 03:48:00,2012.11.21_03:48:00_TAI,1,0.00022521634,0.50631946,0.50631946,1
2220,11618,2012-11-21 04:24:00,2012.11.21_04:24:00_TAI,1,0.00032651357,0.18410054,0.18410054,0
2220,11618,2012-11-21 04:36:00,2012.11.21_04:36:00_TAI,1,0.00032529625,0.086029604,0.086029604,0
2220,11618,2012-11-21 05:00:00,2012.11.21_05:00:00_TAI,1,0.0001311972,0.06520899,0.06520899,0
2220,11618,2012-11-21 07:00:00,2012.11.21_07:00:00_TAI,1,9.096142e-05,0.3505471,0.3505471,0
2220,11618,2012-11-21 07:36:00,2012.11.21_07:36:00_TAI,1,7.167022e-05,0.302011,0.302011,0
2220,11618,2012-11-21 08:00:00,2012.11.21_08:00:00_TAI,1,0.00012390924,0.2921741,0.2921741,0
2220,11618,2012-11-21 09:00:00,2012.11.21_09:00:00_TAI,1,0.00015534871,0.2763977,0.2763977,0
2220,11618,2012-11-21 09:36:00,2012.11.21_09:36:00_TAI,1,0.00013784955,0.10441851,0.10441851,0
2220,11618,2012-11-21 11:12:00,2012.11.21_11:12:00_TAI,1,0.00019495642,0.048221845,0.048221845,0
2220,11618,2012-11-21 12:48:00,2012.11.21_12:48:00_TAI,1,0.00022963609,0.010327216,0.010327216,0
2220,11618,2012-11-21 14:12:00,2012.11.21_14:12:00_TAI,1,0.0001881986,0.06673939,0.06673939,0
2220,11618,2012-11-21 14:24:00,2012.11.21_14:24:00_TAI,1,0.00018807124,0.09807505,0.09807505,0
2191,11613,2012-11-21 22:48:00,2012.11.21_22:48:00_TAI,0,0.00011305409,0.028990649,0.028990649,0
2191,11613,2012-11-22 02:24:00,2012.11.22_02:24:00_TAI,0,0.00045102442,0.09846259,0.09846259,0
2227,11620,2012-11-22 06:24:00,2012.11.22_06:24:00_TAI,0,0.006534084,0.7819797,0.7819797,1
2227,11620,2012-11-22 06:48:00,2012.11.22_06:48:00_TAI,0,0.007227996,0.7535402,0.7535402,1
2193,11614,2012-11-22 12:00:00,2012.11.22_12:00:00_TAI,0,2.9356581e-06,0.46208128,0.46208128,0
2193,11614,2012-11-22 12:12:00,2012.11.22_12:12:00_TAI,0,2.2578683e-06,0.39172217,0.39172217,0
2227,11620,2012-11-22 13:24:00,2012.11.22_13:24:00_TAI,0,0.00010121281,0.50310785,0.50310785,1
2220,11618,2012-11-22 14:24:00,2012.11.22_14:24:00_TAI,0,0.00079711154,0.49492964,0.49492964,1
2203,11616,2012-11-22 16:48:00,2012.11.22_16:48:00_TAI,0,0.008603603,0.46812436,0.46812436,0
2193,11614,2012-11-22 17:12:00,2012.11.22_17:12:00_TAI,0,3.5896794e-06,0.1362959,0.1362959,0
2227,11620,2012-11-23 02:36:00,2012.11.23_02:36:00_TAI,0,8.855117e-06,0.92911166,0.92911166,1
2227,11620,2012-11-23 10:24:00,2012.11.23_10:24:00_TAI,0,2.4610723e-05,0.9575242,0.9575242,1
2227,11620,2012-11-23 11:00:00,2012.11.23_11:00:00_TAI,0,3.5195113e-05,0.8865443,0.8865443,1
2203,11616,2012-11-23 18:00:00,2012.11.23_18:00:00_TAI,0,0.0014186328,0.16136031,0.16136031,0
2220,11618,2012-11-23 21:36:00,2012.11.23_21:36:00_TAI,0,0.0029660126,0.16932069,0.16932069,0
2239,11622,2012-11-24 00:48:00,2012.11.24_00:48:00_TAI,0,1.8434275e-05,0.012189814,0.012189814,0
2220,11618,2012-11-24 03:00:00,2012.11.24_03:00:00_TAI,0,3.8690352e-05,0.18541743,0.18541743,0
2239,11622,2012-11-24 08:00:00,2012.11.24_08:00:00_TAI,0,1.2442392e-05,0.020135717,0.020135717,0
2227,11620,2012-11-24 12:12:00,2012.11.24_12:12:00_TAI,0,0.00018123846,0.9685288,0.9685288,1
2220,11618,2012-11-24 17:24:00,2012.11.24_17:24:00_TAI,0,0.00093238684,0.011725246,0.011725246,0
2203,11616,2012-11-25 02:24:00,2012.11.25_02:24:00_TAI,0,0.00010478881,0.14648502,0.14648502,0
2220,11618,2012-11-25 07:12:00,2012.11.25_07:12:00_TAI,0,0.00076040067,0.006307493,0.006307493,0
2240,11621,2012-11-25 10:12:00,2012.11.25_10:12:00_TAI,0,0.0015719181,0.22027001,0.22027001,0
2227,11620,2012-11-25 12:36:00,2012.11.25_12:36:00_TAI,0,0.0030569374,0.9918828,0.9918828,1
2203,11616,2012-11-25 12:48:00,2012.11.25_12:48:00_TAI,0,5.1731036e-05,0.22140034,0.22140034,0
2227,11620,2012-11-25 14:48:00,2012.11.25_14:48:00_TAI,0,0.0025848818,0.988846,0.988846,1
2227,11620,2012-11-25 16:12:00,2012.11.25_16:12:00_TAI,0,0.0011714586,0.9863841,0.9863841,1
2220,11618,2012-11-25 16:36:00,2012.11.25_16:36:00_TAI,0,0.00042624646,0.0004607124,0.0004607124,0
2239,11622,2012-11-25 17:48:00,2012.11.25_17:48:00_TAI,0,0.00043956,0.0690122,0.0690122,0
2239,11622,2012-11-25 18:12:00,2012.11.25_18:12:00_TAI,0,0.00046280582,0.06665738,0.06665738,0
2240,11621,2012-11-25 20:00:00,2012.11.25_20:00:00_TAI,0,0.0016869169,0.1416021,0.1416021,0
2203,11616,2012-11-25 21:12:00,2012.11.25_21:12:00_TAI,0,5.391379e-06,0.4065312,0.4065312,0
2203,11616,2012-11-25 21:36:00,2012.11.25_21:36:00_TAI,0,1.0222837e-05,0.37941626,0.37941626,0
2240,11621,2012-11-26 03:00:00,2012.11.26_03:00:00_TAI,0,0.0004860659,0.27909988,0.27909988,0
2227,11620,2012-11-26 12:24:00,2012.11.26_12:24:00_TAI,0,2.5214234e-05,0.9992101,0.9992101,1
2245,11623,2012-11-26 13:48:00,2012.11.26_13:48:00_TAI,0,0.0008833051,0.8627108,0.8627108,1
2227,11620,2012-11-26 14:36:00,2012.11.26_14:36:00_TAI,0,6.9658745e-05,0.9839557,0.9839557,1
2220,11618,2012-11-26 15:48:00,2012.11.26_15:48:00_TAI,0,0.00032306853,3.481994e-05,3.481994e-05,0
2220,11618,2012-11-26 16:00:00,2012.11.26_16:00:00_TAI,1,0.00025435397,3.2613072e-05,3.2613072e-05,0
2220,11618,2012-11-26 16:12:00,2012.11.26_16:12:00_TAI,1,0.00021541084,2.8613122e-05,2.8613122e-05,0
2220,11618,2012-11-26 16:24:00,2012.11.26_16:24:00_TAI,1,0.00015056037,3.468552e-05,3.468552e-05,0
2220,11618,2012-11-26 17:00:00,2012.11.26_17:00:00_TAI,1,0.00014249475,4.2028532e-05,4.2028532e-05,0
2227,11620,2012-11-26 17:24:00,2012.11.26_17:24:00_TAI,0,4.253516e-05,0.9915001,0.9915001,1
2240,11621,2012-11-26 18:00:00,2012.11.26_18:00:00_TAI,0,0.00073329994,0.52032423,0.52032423,1
2220,11618,2012-11-26 18:24:00,2012.11.26_18:24:00_TAI,1,6.463226e-05,4.69936e-05,4.69936e-05,0
2220,11618,2012-11-26 19:12:00,2012.11.26_19:12:00_TAI,1,3.8022925e-05,6.976038e-05,6.976038e-05,0
2220,11618,2012-11-26 20:12:00,2012.11.26_20:12:00_TAI,1,6.1790444e-05,8.05958e-05,8.05958e-05,0
2220,11618,2012-11-26 21:12:00,2012.11.26_21:12:00_TAI,1,2.4281733e-05,4.8840873e-05,4.8840873e-05,0
2220,11618,2012-11-26 21:36:00,2012.11.26_21:36:00_TAI,1,4.105267e-05,3.168564e-05,3.168564e-05,0
2227,11620,2012-11-26 21:36:00,2012.11.26_21:36:00_TAI,1,0.0006913735,0.6081648,0.6081648,1
2220,11618,2012-11-26 21:48:00,2012.11.26_21:48:00_TAI,1,5.3696218e-05,7.140301e-05,7.140301e-05,0
2227,11620,2012-11-26 21:48:00,2012.11.26_21:48:00_TAI,1,0.0003245602,0.88318133,0.88318133,1
2220,11618,2012-11-26 22:00:00,2012.11.26_22:00:00_TAI,1,4.1036506e-05,3.0326866e-05,3.0326866e-05,0
2227,11620,2012-11-26 23:12:00,2012.11.26_23:12:00_TAI,1,0.0010925542,0.9978635,0.9978635,1
2227,11620,2012-11-27 00:48:00,2012.11.27_00:48:00_TAI,1,0.00059870526,0.68329567,0.68329567,1
2227,11620,2012-11-27 01:00:00,2012.11.27_01:00:00_TAI,1,0.0005206865,0.63286054,0.63286054,1
2220,11618,2012-11-27 01:00:00,2012.11.27_01:00:00_TAI,1,5.101811e-05,3.2163553e-05,3.2163553e-05,0
2227,11620,2012-11-27 01:24:00,2012.11.27_01:24:00_TAI,1,0.00023589908,0.5454965,0.5454965,1
2239,11622,2012-11-27 01:36:00,2012.11.27_01:36:00_TAI,0,2.0058007e-05,0.04511546,0.04511546,0
2227,11620,2012-11-27 02:24:00,2012.11.27_02:24:00_TAI,1,0.0004763549,0.38830274,0.38830274,0
2220,11618,2012-11-27 03:12:00,2012.11.27_03:12:00_TAI,1,1.6910735e-05,2.9794048e-05,2.9794048e-05,0
2220,11618,2012-11-27 03:48:00,2012.11.27_03:48:00_TAI,1,1.4715022e-05,9.136993e-05,9.136993e-05,0
2227,11620,2012-11-27 04:12:00,2012.11.27_04:12:00_TAI,1,0.00082517415,0.91605544,0.91605544,1
2220,11618,2012-11-27 04:36:00,2012.11.27_04:36:00_TAI,1,4.3719097e-06,7.542918e-05,7.542918e-05,0
2227,11620,2012-11-27 04:48:00,2012.11.27_04:48:00_TAI,1,0.0007826135,0.6418954,0.6418954,1
2220,11618,2012-11-27 05:00:00,2012.11.27_05:00:00_TAI,1,6.591803e-06,9.368995e-05,9.368995e-05,0
2227,11620,2012-11-27 05:12:00,2012.11.27_05:12:00_TAI,1,0.0007726851,0.39313483,0.39313483,0
2220,11618,2012-11-27 05:24:00,2012.11.27_05:24:00_TAI,1,5.594962e-06,0.00024178889,0.00024178889,0
2227,11620,2012-11-27 06:12:00,2012.11.27_06:12:00_TAI,1,0.0005498257,0.26882866,0.26882866,0
2220,11618,2012-11-27 06:12:00,2012.11.27_06:12:00_TAI,1,5.4910647e-06,0.00039994752,0.00039994752,0
2220,11618,2012-11-27 07:24:00,2012.11.27_07:24:00_TAI,1,5.733517e-06,0.00075739,0.00075739,0
2227,11620,2012-11-27 07:24:00,2012.11.27_07:24:00_TAI,1,0.00019882982,0.94229585,0.94229585,1
2220,11618,2012-11-27 08:00:00,2012.11.27_08:00:00_TAI,1,5.3627755e-06,0.00021262607,0.00021262607,0
2220,11618,2012-11-27 08:12:00,2012.11.27_08:12:00_TAI,1,5.3189265e-06,0.00014593673,0.00014593673,0
2220,11618,2012-11-27 08:24:00,2012.11.27_08:24:00_TAI,1,7.923887e-06,0.00018011591,0.00018011591,0
2239,11622,2012-11-27 08:36:00,2012.11.27_08:36:00_TAI,0,1.1382763e-05,0.026029652,0.026029652,0
2220,11618,2012-11-27 08:36:00,2012.11.27_08:36:00_TAI,1,8.169743e-06,0.00046018919,0.00046018919,0
2220,11618,2012-11-27 08:48:00,2012.11.27_08:48:00_TAI,1,7.634238e-06,0.00019527452,0.00019527452,0
2227,11620,2012-11-27 09:24:00,2012.11.27_09:24:00_TAI,1,0.00044372806,0.8075278,0.8075278,1
2245,11623,2012-11-27 10:00:00,2012.11.27_10:00:00_TAI,0,0.0025161242,0.89246815,0.89246815,1
2220,11618,2012-11-27 10:12:00,2012.11.27_10:12:00_TAI,1,9.963815e-06,0.0010307333,0.0010307333,0
2220,11618,2012-11-27 10:24:00,2012.11.27_10:24:00_TAI,1,8.398368e-06,0.00068332197,0.00068332197,0
2227,11620,2012-11-27 10:24:00,2012.11.27_10:24:00_TAI,1,0.00028740513,0.60259795,0.60259795,1
2227,11620,2012-11-27 11:12:00,2012.11.27_11:12:00_TAI,1,0.00015305572,0.66785437,0.66785437,1
2220,11618,2012-11-27 11:48:00,2012.11.27_11:48:00_TAI,1,1.4956827e-05,0.0015261213,0.0015261213,0
2220,11618,2012-11-27 12:12:00,2012.11.27_12:12:00_TAI,1,1.4143871e-05,0.0012195099,0.0012195099,0
2220,11618,2012-11-27 12:36:00,2012.11.27_12:36:00_TAI,1,1.0338546e-05,0.0011955462,0.0011955462,0
2227,11620,2012-11-27 13:00:00,2012.11.27_13:00:00_TAI,1,0.00012655348,0.74303764,0.74303764,1
2220,11618,2012-11-27 13:12:00,2012.11.27_13:12:00_TAI,1,1.0494356e-05,0.0011693131,0.0011693131,0
2227,11620,2012-11-27 13:24:00,2012.11.27_13:24:00_TAI,1,0.000111116606,0.88731474,0.88731474,1
2220,11618,2012-11-27 14:00:00,2012.11.27_14:00:00_TAI,1,2.1386048e-05,0.0007304229,0.0007304229,0
2227,11620,2012-11-27 14:12:00,2012.11.27_14:12:00_TAI,1,0.00019379788,0.99359095,0.99359095,1
2220,11618,2012-11-27 14:12:00,2012.11.27_14:12:00_TAI,1,1.8007167e-05,0.00096638454,0.00096638454,0
2227,11620,2012-11-27 14:36:00,2012.11.27_14:36:00_TAI,1,0.00043356538,0.9984669,0.9984669,1
2220,11618,2012-11-27 15:24:00,2012.11.27_15:24:00_TAI,1,1.7328108e-05,0.0010240468,0.0010240468,0
2227,11620,2012-11-27 15:48:00,2012.11.27_15:48:00_TAI,1,0.0007379368,0.8942076,0.8942076,1
2227,11620,2012-11-27 16:00:00,2012.11.27_16:00:00_TAI,1,0.0006125327,0.9052142,0.9052142,1
2227,11620,2012-11-27 16:12:00,2012.11.27_16:12:00_TAI,1,0.0006632032,0.9613809,0.9613809,1
2227,11620,2012-11-27 17:36:00,2012.11.27_17:36:00_TAI,1,0.0006510085,0.92685646,0.92685646,1
2227,11620,2012-11-27 19:00:00,2012.11.27_19:00:00_TAI,1,0.0011353721,0.99269813,0.99269813,1
2220,11618,2012-11-27 19:12:00,2012.11.27_19:12:00_TAI,0,3.1783131e-06,0.18068288,0.18068288,0
2245,11623,2012-11-27 19:24:00,2012.11.27_19:24:00_TAI,0,0.00012278845,0.998218,0.998218,1
2227,11620,2012-11-27 19:24:00,2012.11.27_19:24:00_TAI,1,0.0005902433,0.99684083,0.99684083,1
2227,11620,2012-11-27 20:48:00,2012.11.27_20:48:00_TAI,1,0.00095360813,0.988689,0.988689,1
2227,11620,2012-11-27 21:00:00,2012.11.27_21:00:00_TAI,1,0.0011232595,0.9216393,0.9216393,1
2227,11620,2012-11-27 21:24:00,2012.11.27_21:24:00_TAI,1,0.0010590819,0.98010224,0.98010224,1
2227,11620,2012-11-27 21:36:00,2012.11.27_21:36:00_TAI,1,0.0006820539,0.9827839,0.9827839,1
2227,11620,2012-11-27 22:00:00,2012.11.27_22:00:00_TAI,1,0.00073757366,0.99558157,0.99558157,1
2227,11620,2012-11-27 22:12:00,2012.11.27_22:12:00_TAI,1,0.0004620384,0.9965238,0.9965238,1
2227,11620,2012-11-27 22:48:00,2012.11.27_22:48:00_TAI,1,0.00051190425,0.98275363,0.98275363,1
2227,11620,2012-11-27 23:12:00,2012.11.27_23:12:00_TAI,1,0.00048017935,0.9978097,0.9978097,1
2227,11620,2012-11-27 23:36:00,2012.11.27_23:36:00_TAI,1,0.00050541444,0.9530116,0.9530116,1
2227,11620,2012-11-28 00:00:00,2012.11.28_00:00:00_TAI,1,0.00060710823,0.9731978,0.9731978,1
2227,11620,2012-11-28 01:00:00,2012.11.28_01:00:00_TAI,1,0.0006112194,0.922704,0.922704,1
2245,11623,2012-11-28 01:24:00,2012.11.28_01:24:00_TAI,0,0.0005319577,0.33595455,0.33595455,0
2227,11620,2012-11-28 01:24:00,2012.11.28_01:24:00_TAI,1,0.0004948133,0.98353636,0.98353636,1
2227,11620,2012-11-28 01:36:00,2012.11.28_01:36:00_TAI,1,0.0005832212,0.9846326,0.9846326,1
2227,11620,2012-11-28 02:24:00,2012.11.28_02:24:00_TAI,1,0.0005804711,0.94187856,0.94187856,1
2227,11620,2012-11-28 02:48:00,2012.11.28_02:48:00_TAI,1,0.00047764552,0.9821086,0.9821086,1
2227,11620,2012-11-28 03:00:00,2012.11.28_03:00:00_TAI,1,0.00048719722,0.9382504,0.9382504,1
2227,11620,2012-11-28 04:24:00,2012.11.28_04:24:00_TAI,1,0.0009793548,0.4013641,0.4013641,0
2227,11620,2012-11-28 04:36:00,2012.11.28_04:36:00_TAI,1,0.0012119885,0.31381541,0.31381541,0
2227,11620,2012-11-28 05:00:00,2012.11.28_05:00:00_TAI,1,0.0020682465,0.23212352,0.23212352,0
2227,11620,2012-11-28 05:12:00,2012.11.28_05:12:00_TAI,1,0.0016131059,0.4174519,0.4174519,0
2245,11623,2012-11-28 05:12:00,2012.11.28_05:12:00_TAI,0,0.0003321581,0.7638514,0.7638514,1
2227,11620,2012-11-28 07:00:00,2012.11.28_07:00:00_TAI,1,0.0018286514,0.40557346,0.40557346,0
2227,11620,2012-11-28 07:12:00,2012.11.28_07:12:00_TAI,1,0.0013299456,0.39064255,0.39064255,0
2249,11624,2012-11-28 07:24:00,2012.11.28_07:24:00_TAI,0,6.349742e-05,0.23980777,0.23980777,0
2227,11620,2012-11-28 07:24:00,2012.11.28_07:24:00_TAI,1,0.0012254379,0.10909643,0.10909643,0
2227,11620,2012-11-28 07:36:00,2012.11.28_07:36:00_TAI,1,0.0013480681,0.18123661,0.18123661,0
2227,11620,2012-11-28 07:48:00,2012.11.28_07:48:00_TAI,1,0.0012900389,0.1304716,0.1304716,0
2227,11620,2012-11-28 08:00:00,2012.11.28_08:00:00_TAI,1,0.0015978387,0.31141752,0.31141752,0
2227,11620,2012-11-28 08:12:00,2012.11.28_08:12:00_TAI,1,0.0013402457,0.35051185,0.35051185,0
2227,11620,2012-11-28 08:48:00,2012.11.28_08:48:00_TAI,1,0.0013801516,0.30206642,0.30206642,0
2227,11620,2012-11-28 09:00:00,2012.11.28_09:00:00_TAI,1,0.0014890139,0.36038327,0.36038327,0
2227,11620,2012-11-28 09:12:00,2012.11.28_09:12:00_TAI,1,0.0012851598,0.37007275,0.37007275,0
2245,11623,2012-11-28 09:48:00,2012.11.28_09:48:00_TAI,0,0.0008902538,0.7789392,0.7789392,1
2227,11620,2012-11-28 10:12:00,2012.11.28_10:12:00_TAI,1,0.0008745277,0.18256292,0.18256292,0
2227,11620,2012-11-28 10:24:00,2012.11.28_10:24:00_TAI,1,0.00060565304,0.5616018,0.5616018,1
2227,11620,2012-11-28 10:48:00,2012.11.28_10:48:00_TAI,1,0.0012529793,0.43107608,0.43107608,0
2227,11620,2012-11-28 12:48:00,2012.11.28_12:48:00_TAI,1,0.00043583056,0.8857437,0.8857437,1
2227,11620,2012-11-28 13:12:00,2012.11.28_13:12:00_TAI,1,0.00041311362,0.852272,0.852272,1
2227,11620,2012-11-28 13:24:00,2012.11.28_13:24:00_TAI,1,0.0008900393,0.7304594,0.7304594,1
2227,11620,2012-11-28 14:00:00,2012.11.28_14:00:00_TAI,1,0.00033407565,0.7607738,0.7607738,1
2227,11620,2012-11-28 14:24:00,2012.11.28_14:24:00_TAI,1,0.0002887683,0.96176624,0.96176624,1
2227,11620,2012-11-28 14:36:00,2012.11.28_14:36:00_TAI,1,0.00018063808,0.97723365,0.97723365,1
2227,11620,2012-11-28 14:48:00,2012.11.28_14:48:00_TAI,1,0.00013906392,0.9848401,0.9848401,1
2227,11620,2012-11-28 16:24:00,2012.11.28_16:24:00_TAI,1,0.0004933759,0.99694496,0.99694496,1
2227,11620,2012-11-28 16:36:00,2012.11.28_16:36:00_TAI,1,0.0008794516,0.9857992,0.9857992,1
2240,11621,2012-11-28 16:36:00,2012.11.28_16:36:00_TAI,0,0.0013568334,0.2620987,0.2620987,0
2227,11620,2012-11-28 17:00:00,2012.11.28_17:00:00_TAI,1,0.00048685347,0.96098125,0.96098125,1
2227,11620,2012-11-28 18:24:00,2012.11.28_18:24:00_TAI,1,0.00040609375,0.30323887,0.30323887,0
2249,11624,2012-11-28 18:48:00,2012.11.28_18:48:00_TAI,0,2.310581e-06,0.33052135,0.33052135,0
2227,11620,2012-11-28 19:12:00,2012.11.28_19:12:00_TAI,1,0.006450816,0.38594976,0.38594976,0
2227,11620,2012-11-28 19:36:00,2012.11.28_19:36:00_TAI,1,0.0016862794,0.42887437,0.42887437,0
2227,11620,2012-11-28 20:00:00,2012.11.28_20:00:00_TAI,1,0.00250464,0.6614316,0.6614316,1
2227,11620,2012-11-28 20:36:00,2012.11.28_20:36:00_TAI,1,0.0016321345,0.47105384,0.47105384,0
2227,11620,2012-11-28 21:00:00,2012.11.28_21:00:00_TAI,1,0.0022311138,0.67123365,0.67123365,1
2239,11622,2012-11-29 01:48:00,2012.11.29_01:48:00_TAI,0,2.8971024e-05,0.04160071,0.04160071,0
2227,11620,2012-11-29 11:12:00,2012.11.29_11:12:00_TAI,0,0.0010889838,0.37712935,0.37712935,0
2227,11620,2012-11-29 16:48:00,2012.11.29_16:48:00_TAI,0,0.00065898185,0.59118414,0.59118414,1
2239,11622,2012-11-29 17:00:00,2012.11.29_17:00:00_TAI,0,5.998772e-05,0.018165885,0.018165885,0
2239,11622,2012-11-29 21:48:00,2012.11.29_21:48:00_TAI,0,6.502147e-05,0.02058495,0.02058495,0
2245,11623,2012-11-30 12:24:00,2012.11.30_12:24:00_TAI,0,0.0011294376,0.94648033,0.94648033,1
2240,11621,2012-11-30 20:36:00,2012.11.30_20:36:00_TAI,0,0.0029660126,0.18611081,0.18611081,0
2245,11623,2012-12-01 03:24:00,2012.12.01_03:24:00_TAI,0,9.211397e-05,0.96623814,0.96623814,1
2245,11623,2012-12-01 10:00:00,2012.12.01_10:00:00_TAI,0,0.00011545832,0.9686077,0.9686077,1
2227,11620,2012-12-01 12:48:00,2012.12.01_12:48:00_TAI,0,4.570885e-06,0.8627108,0.8627108,1
2239,11622,2012-12-01 15:00:00,2012.12.01_15:00:00_TAI,0,5.4593074e-05,0.004433315,0.004433315,0
2245,11623,2012-12-01 15:24:00,2012.12.01_15:24:00_TAI,0,0.00016551036,0.99067616,0.99067616,1
2245,11623,2012-12-02 15:00:00,2012.12.02_15:00:00_TAI,0,0.00013054853,0.99131423,0.99131423,1
2240,11621,2012-12-02 16:24:00,2012.12.02_16:24:00_TAI,0,0.0015834649,0.06719924,0.06719924,0
2240,11621,2012-12-03 01:24:00,2012.12.03_01:24:00_TAI,0,0.0012739343,0.07400377,0.07400377,0
2240,11621,2012-12-03 01:36:00,2012.12.03_01:36:00_TAI,0,0.0012861362,0.08255046,0.08255046,0
2259,11626,2012-12-03 05:36:00,2012.12.03_05:36:00_TAI,0,7.769828e-05,0.026571177,0.026571177,0
2260,11627,2012-12-03 06:00:00,2012.12.03_06:00:00_TAI,0,0.0010638072,0.05564346,0.05564346,0
2259,11626,2012-12-03 07:12:00,2012.12.03_07:12:00_TAI,0,6.863468e-06,0.030731011,0.030731011,0
2259,11626,2012-12-03 09:00:00,2012.12.03_09:00:00_TAI,0,9.351177e-06,0.034213644,0.034213644,0
2245,11623,2012-12-03 10:24:00,2012.12.03_10:24:00_TAI,0,0.0004783319,0.9534108,0.9534108,1
2259,11626,2012-12-03 12:00:00,2012.12.03_12:00:00_TAI,0,1.5262194e-05,0.04653609,0.04653609,0
2260,11627,2012-12-03 15:00:00,2012.12.03_15:00:00_TAI,0,0.0011435907,0.048292294,0.048292294,0
2260,11627,2012-12-04 00:36:00,2012.12.04_00:36:00_TAI,0,0.00046347798,0.08935578,0.08935578,0
2260,11627,2012-12-04 03:24:00,2012.12.04_03:24:00_TAI,0,0.00040748337,0.088202335,0.088202335,0
2260,11627,2012-12-04 04:36:00,2012.12.04_04:36:00_TAI,0,0.0011144675,0.19408965,0.19408965,0
2262,11628,2012-12-04 05:00:00,2012.12.04_05:00:00_TAI,0,0.0010638072,0.8627108,0.8627108,1
2245,11623,2012-12-04 07:00:00,2012.12.04_07:00:00_TAI,0,0.00021668263,0.8636357,0.8636357,1
2259,11626,2012-12-04 10:24:00,2012.12.04_10:24:00_TAI,0,0.00017617407,0.02802275,0.02802275,0
2262,11628,2012-12-04 16:36:00,2012.12.04_16:36:00_TAI,0,0.009523705,0.76621294,0.76621294,1
2262,11628,2012-12-05 04:12:00,2012.12.05_04:12:00_TAI,0,6.812462e-05,0.105813764,0.105813764,0
2240,11621,2012-12-05 05:48:00,2012.12.05_05:48:00_TAI,0,4.1681997e-05,0.0045015262,0.0045015262,0
2262,11628,2012-12-05 07:12:00,2012.12.05_07:12:00_TAI,0,0.00021262099,0.26348558,0.26348558,0
2260,11627,2012-12-05 09:48:00,2012.12.05_09:48:00_TAI,0,4.1085814e-06,0.13490207,0.13490207,0
2259,11626,2012-12-05 11:00:00,2012.12.05_11:00:00_TAI,0,8.91368e-06,0.09380498,0.09380498,0
2259,11626,2012-12-05 13:48:00,2012.12.05_13:48:00_TAI,0,4.988857e-06,0.083014205,0.083014205,0
2262,11628,2012-12-05 14:12:00,2012.12.05_14:12:00_TAI,0,2.5730269e-05,0.067998566,0.067998566,0
2245,11623,2012-12-05 17:48:00,2012.12.05_17:48:00_TAI,0,0.0043013543,0.8747866,0.8747866,1
2260,11627,2012-12-05 23:48:00,2012.12.05_23:48:00_TAI,0,5.9432987e-06,0.15291892,0.15291892,0
2259,11626,2012-12-06 00:24:00,2012.12.06_00:24:00_TAI,0,3.3667295e-06,0.0655508,0.0655508,0
2240,11621,2012-12-06 01:24:00,2012.12.06_01:24:00_TAI,0,1.710118e-05,0.01244952,0.01244952,0
2260,11627,2012-12-06 01:24:00,2012.12.06_01:24:00_TAI,0,2.4098915e-06,0.09312788,0.09312788,0
2270,11630,2012-12-06 04:24:00,2012.12.06_04:24:00_TAI,0,0.0011116031,0.004539867,0.004539867,0
2262,11628,2012-12-06 04:36:00,2012.12.06_04:36:00_TAI,0,1.5086081e-06,0.023225028,0.023225028,0
2245,11623,2012-12-06 06:00:00,2012.12.06_06:00:00_TAI,0,0.0006937922,0.8688151,0.8688151,1
2260,11627,2012-12-06 07:36:00,2012.12.06_07:36:00_TAI,0,2.034501e-06,0.18681364,0.18681364,0
2270,11630,2012-12-06 15:00:00,2012.12.06_15:00:00_TAI,0,0.0011435907,0.008843851,0.008843851,0
2259,11626,2012-12-06 15:36:00,2012.12.06_15:36:00_TAI,0,1.335382e-06,0.12657422,0.12657422,0
2260,11627,2012-12-07 01:48:00,2012.12.07_01:48:00_TAI,0,9.4918705e-06,0.20784093,0.20784093,0
2260,11627,2012-12-07 03:48:00,2012.12.07_03:48:00_TAI,0,4.181664e-06,0.10757016,0.10757016,0
2245,11623,2012-12-07 14:00:00,2012.12.07_14:00:00_TAI,0,0.00082826614,0.89651245,0.89651245,1
2260,11627,2012-12-07 14:12:00,2012.12.07_14:12:00_TAI,0,1.2067465e-05,0.08578406,0.08578406,0
2270,11630,2012-12-07 21:00:00,2012.12.07_21:00:00_TAI,0,1.7336602e-05,0.009369755,0.009369755,0
2262,11628,2012-12-07 22:12:00,2012.12.07_22:12:00_TAI,0,0.0008019078,0.029238613,0.029238613,0
2270,11630,2012-12-08 09:24:00,2012.12.08_09:24:00_TAI,0,0.00018697696,0.25579858,0.25579858,0
2245,11623,2012-12-08 13:24:00,2012.12.08_13:24:00_TAI,0,1.2011744e-05,0.48986918,0.48986918,1
2245,11623,2012-12-08 16:12:00,2012.12.08_16:12:00_TAI,0,1.44708865e-05,0.16263472,0.16263472,0
2262,11628,2012-12-08 16:24:00,2012.12.08_16:24:00_TAI,0,0.000113520015,0.03475112,0.03475112,0
2270,11630,2012-12-08 16:48:00,2012.12.08_16:48:00_TAI,0,0.0003366452,0.4746202,0.4746202,0
2245,11623,2012-12-08 18:00:00,2012.12.08_18:00:00_TAI,0,1.00958305e-05,0.6575824,0.6575824,1
2270,11630,2012-12-08 20:00:00,2012.12.08_20:00:00_TAI,0,0.00022936998,0.2631896,0.2631896,0
2270,11630,2012-12-08 23:12:00,2012.12.08_23:12:00_TAI,0,0.00021871222,0.39246795,0.39246795,0
2270,11630,2012-12-09 00:48:00,2012.12.09_00:48:00_TAI,0,0.00030492392,0.23110913,0.23110913,0
2245,11623,2012-12-09 15:24:00,2012.12.09_15:24:00_TAI,0,1.7289663e-05,0.97231954,0.97231954,1
2262,11628,2012-12-09 21:00:00,2012.12.09_21:00:00_TAI,0,0.002433001,0.023373678,0.023373678,0
2270,11630,2012-12-10 09:48:00,2012.12.10_09:48:00_TAI,0,0.0014799322,0.56116647,0.56116647,1
2270,11630,2012-12-10 13:36:00,2012.12.10_13:36:00_TAI,0,0.0010551373,0.8488906,0.8488906,1
2291,11631,2012-12-11 10:00:00,2012.12.11_10:00:00_TAI,0,0.0011294376,0.09752877,0.09752877,0
2270,11630,2012-12-11 10:24:00,2012.12.11_10:24:00_TAI,0,0.0011291794,0.7048991,0.7048991,1
2291,11631,2012-12-11 23:48:00,2012.12.11_23:48:00_TAI,0,0.00054756383,0.09467795,0.09467795,0
2291,11631,2012-12-12 03:12:00,2012.12.12_03:12:00_TAI,0,0.00018728868,0.12387289,0.12387289,0
2262,11628,2012-12-12 08:24:00,2012.12.12_08:24:00_TAI,0,0.005694432,0.138506,0.138506,0
2291,11631,2012-12-12 11:24:00,2012.12.12_11:24:00_TAI,0,0.0005482733,0.15882412,0.15882412,0
2270,11630,2012-12-12 12:24:00,2012.12.12_12:24:00_TAI,0,0.0010439104,0.97283745,0.97283745,1
2270,11630,2012-12-13 15:48:00,2012.12.13_15:48:00_TAI,0,2.5179106e-05,0.22745173,0.22745173,0
2306,11634,2012-12-13 22:48:00,2012.12.13_22:48:00_TAI,0,0.0029543948,0.8627108,0.8627108,1
2262,11628,2012-12-14 06:36:00,2012.12.14_06:36:00_TAI,0,0.0003475742,0.004630239,0.004630239,0
2262,11628,2012-12-14 08:24:00,2012.12.14_08:24:00_TAI,0,7.503947e-05,0.0011570586,0.0011570586,0
2306,11634,2012-12-14 12:12:00,2012.12.14_12:12:00_TAI,0,0.010192887,0.8627108,0.8627108,1
2262,11628,2012-12-14 15:00:00,2012.12.14_15:00:00_TAI,0,0.00030932177,0.0038094255,0.0038094255,0
2291,11631,2012-12-14 19:12:00,2012.12.14_19:12:00_TAI,0,0.00065256865,0.3183359,0.3183359,0
2262,11628,2012-12-15 04:24:00,2012.12.15_04:24:00_TAI,0,0.00026046069,0.0030162453,0.0030162453,0
2262,11628,2012-12-15 05:48:00,2012.12.15_05:48:00_TAI,0,0.00021167635,0.0050735483,0.0050735483,0
2262,11628,2012-12-15 10:48:00,2012.12.15_10:48:00_TAI,0,0.0001406089,0.0009125846,0.0009125846,0
2291,11631,2012-12-15 12:00:00,2012.12.15_12:00:00_TAI,0,0.00026361557,0.7841597,0.7841597,1
2306,11634,2012-12-15 15:36:00,2012.12.15_15:36:00_TAI,0,0.00075327855,0.36004296,0.36004296,0
2306,11634,2012-12-16 02:24:00,2012.12.16_02:24:00_TAI,0,3.4931592e-05,0.48611283,0.48611283,1
2306,11634,2012-12-16 07:24:00,2012.12.16_07:24:00_TAI,0,0.0026257732,0.30689466,0.30689466,0
2262,11628,2012-12-16 11:36:00,2012.12.16_11:36:00_TAI,0,2.6300695e-05,0.0017143959,0.0017143959,0
2306,11634,2012-12-17 08:00:00,2012.12.17_08:00:00_TAI,0,0.001490615,0.3633512,0.3633512,0
2262,11628,2012-12-17 10:00:00,2012.12.17_10:00:00_TAI,0,1.5113474e-05,0.9366025,0.9366025,1
2262,11628,2012-12-17 11:48:00,2012.12.17_11:48:00_TAI,0,3.706594e-05,0.30782586,0.30782586,0
2262,11628,2012-12-17 12:24:00,2012.12.17_12:24:00_TAI,0,1.8405133e-05,0.8181597,0.8181597,1
2291,11631,2012-12-17 14:00:00,2012.12.17_14:00:00_TAI,0,0.0014271179,0.99667466,0.99667466,1
2306,11634,2012-12-17 14:24:00,2012.12.17_14:24:00_TAI,0,0.0010021209,0.669816,0.669816,1
2314,11635,2012-12-17 15:48:00,2012.12.17_15:48:00_TAI,0,0.00089437654,0.8627108,0.8627108,1
2306,11634,2012-12-17 21:24:00,2012.12.17_21:24:00_TAI,0,0.00018266785,0.5263781,0.5263781,1
2291,11631,2012-12-17 22:24:00,2012.12.17_22:24:00_TAI,0,0.00013751622,0.99892277,0.99892277,1
2291,11631,2012-12-18 01:48:00,2012.12.18_01:48:00_TAI,0,9.148859e-05,0.9992132,0.9992132,1
2314,11635,2012-12-18 06:48:00,2012.12.18_06:48:00_TAI,0,0.0008108643,0.8476834,0.8476834,1
2314,11635,2012-12-18 20:00:00,2012.12.18_20:00:00_TAI,0,0.00080476317,0.87806517,0.87806517,1
2291,11631,2012-12-18 22:36:00,2012.12.18_22:36:00_TAI,0,3.9514825e-06,0.8627108,0.8627108,1
2306,11634,2012-12-19 18:00:00,2012.12.19_18:00:00_TAI,0,0.0009222293,0.13777511,0.13777511,0
2306,11634,2012-12-19 22:36:00,2012.12.19_22:36:00_TAI,0,0.0011717605,0.23726462,0.23726462,0
2306,11634,2012-12-20 03:12:00,2012.12.20_03:12:00_TAI,0,0.0018800856,0.4912221,0.4912221,1
2314,11635,2012-12-20 13:48:00,2012.12.20_13:48:00_TAI,0,0.00035000738,0.24386963,0.24386963,0
2306,11634,2012-12-21 03:00:00,2012.12.21_03:00:00_TAI,0,0.0004212475,0.47827065,0.47827065,0
2306,11634,2012-12-21 09:12:00,2012.12.21_09:12:00_TAI,0,0.0003751726,0.40952265,0.40952265,0
2306,11634,2012-12-21 13:36:00,2012.12.21_13:36:00_TAI,0,0.011316651,0.4579847,0.4579847,0
2306,11634,2012-12-21 18:48:00,2012.12.21_18:48:00_TAI,0,0.0063980985,0.18944964,0.18944964,0
2306,11634,2012-12-21 20:24:00,2012.12.21_20:24:00_TAI,0,0.009284403,0.33014217,0.33014217,0
2306,11634,2012-12-21 20:36:00,2012.12.21_20:36:00_TAI,0,0.009342831,0.24237773,0.24237773,0
2314,11635,2012-12-22 04:36:00,2012.12.22_04:36:00_TAI,0,0.0004885652,0.66981965,0.66981965,1
2306,11634,2012-12-22 07:48:00,2012.12.22_07:48:00_TAI,0,0.010024818,0.10825314,0.10825314,0
2314,11635,2012-12-22 08:12:00,2012.12.22_08:12:00_TAI,0,0.0008874657,0.17507362,0.17507362,0
2306,11634,2012-12-22 08:48:00,2012.12.22_08:48:00_TAI,0,0.002035613,0.16444272,0.16444272,0
2314,11635,2012-12-22 11:48:00,2012.12.22_11:48:00_TAI,0,8.894859e-05,0.13636199,0.13636199,0
2306,11634,2012-12-22 19:48:00,2012.12.22_19:48:00_TAI,0,0.0012978202,0.30260965,0.30260965,0
2314,11635,2012-12-22 20:48:00,2012.12.22_20:48:00_TAI,0,0.00023994844,0.36283842,0.36283842,0
2306,11634,2012-12-23 01:24:00,2012.12.23_01:24:00_TAI,0,0.0001136902,0.74399745,0.74399745,1
2314,11635,2012-12-23 05:48:00,2012.12.23_05:48:00_TAI,0,9.018264e-05,0.53747666,0.53747666,1
2314,11635,2012-12-23 08:12:00,2012.12.23_08:12:00_TAI,0,0.0037220144,0.7070809,0.7070809,1
2322,11636,2012-12-23 14:24:00,2012.12.23_14:24:00_TAI,0,0.0010149054,0.8627108,0.8627108,1
2314,11635,2012-12-23 20:12:00,2012.12.23_20:12:00_TAI,0,0.002122556,0.9817516,0.9817516,1
2322,11636,2012-12-24 03:36:00,2012.12.24_03:36:00_TAI,0,0.00026750655,0.8627108,0.8627108,1
2314,11635,2012-12-24 07:00:00,2012.12.24_07:00:00_TAI,0,0.00017548703,0.85094404,0.85094404,1
2322,11636,2012-12-24 08:00:00,2012.12.24_08:00:00_TAI,0,0.00012221269,0.74880975,0.74880975,1
2322,11636,2012-12-24 09:36:00,2012.12.24_09:36:00_TAI,0,4.251809e-05,0.6758261,0.6758261,1
2322,11636,2012-12-24 15:12:00,2012.12.24_15:12:00_TAI,0,4.666496e-05,0.621225,0.621225,1
2314,11635,2012-12-24 19:00:00,2012.12.24_19:00:00_TAI,0,0.010413487,0.64377624,0.64377624,1
2306,11634,2012-12-24 19:12:00,2012.12.24_19:12:00_TAI,0,0.00013572899,0.075806685,0.075806685,0
2314,11635,2012-12-24 19:36:00,2012.12.24_19:36:00_TAI,0,0.0140047055,0.44874045,0.44874045,0
2306,11634,2012-12-25 05:36:00,2012.12.25_05:36:00_TAI,0,5.849139e-05,0.09299378,0.09299378,0
2322,11636,2012-12-25 08:24:00,2012.12.25_08:24:00_TAI,0,8.768058e-05,0.13080247,0.13080247,0
2306,11634,2012-12-25 09:36:00,2012.12.25_09:36:00_TAI,0,3.112227e-05,0.09537923,0.09537923,0
2314,11635,2012-12-25 10:48:00,2012.12.25_10:48:00_TAI,0,0.0015951389,0.80686456,0.80686456,1
2314,11635,2012-12-25 11:00:00,2012.12.25_11:00:00_TAI,0,0.0022797068,0.7652768,0.7652768,1
2314,11635,2012-12-25 21:12:00,2012.12.25_21:12:00_TAI,0,0.00028597997,0.75237066,0.75237066,1
2329,11639,2012-12-26 03:48:00,2012.12.26_03:48:00_TAI,0,0.0013420978,0.8736238,0.8736238,1
2329,11639,2012-12-26 07:48:00,2012.12.26_07:48:00_TAI,0,0.0011838508,0.2766129,0.2766129,0
2314,11635,2012-12-26 09:12:00,2012.12.26_09:12:00_TAI,0,0.0004219661,0.12977974,0.12977974,0
2306,11634,2012-12-26 22:36:00,2012.12.26_22:36:00_TAI,0,3.066367e-06,0.19444925,0.19444925,0
2331,11638,2012-12-27 05:12:00,2012.12.27_05:12:00_TAI,0,0.00019126017,0.8819978,0.8819978,1
2306,11634,2012-12-27 06:36:00,2012.12.27_06:36:00_TAI,0,9.389149e-07,0.23873034,0.23873034,0
2329,11639,2012-12-27 17:00:00,2012.12.27_17:00:00_TAI,0,0.00012980412,0.0017945784,0.0017945784,0
2314,11635,2012-12-28 01:48:00,2012.12.28_01:48:00_TAI,0,0.00017980738,0.025867384,0.025867384,0
2314,11635,2012-12-28 07:24:00,2012.12.28_07:24:00_TAI,0,9.169952e-05,0.0012503929,0.0012503929,0
2329,11639,2012-12-28 11:00:00,2012.12.28_11:00:00_TAI,0,0.000102076316,0.0011903476,0.0011903476,0
2329,11639,2012-12-28 15:12:00,2012.12.28_15:12:00_TAI,0,0.00011016318,0.0017034741,0.0017034741,0
2329,11639,2012-12-28 17:00:00,2012.12.28_17:00:00_TAI,0,0.000103090126,0.0019267503,0.0019267503,0
2314,11635,2012-12-28 18:24:00,2012.12.28_18:24:00_TAI,0,1.6422498e-05,0.009607819,0.009607819,0
2322,11636,2012-12-28 20:48:00,2012.12.28_20:48:00_TAI,0,3.886675e-05,0.053829774,0.053829774,0
2329,11639,2012-12-28 22:48:00,2012.12.28_22:48:00_TAI,0,6.243399e-05,0.00041417414,0.00041417414,0
2322,11636,2012-12-29 02:36:00,2012.12.29_02:36:00_TAI,0,0.00012428768,0.22278835,0.22278835,0
2337,11640,2012-12-29 11:48:00,2012.12.29_11:48:00_TAI,0,0.0011294376,0.017816285,0.017816285,0
2314,11635,2012-12-29 12:12:00,2012.12.29_12:12:00_TAI,0,3.5812973e-05,0.008109475,0.008109475,0
2329,11639,2012-12-29 13:12:00,2012.12.29_13:12:00_TAI,0,4.3509444e-05,0.0009315481,0.0009315481,0
2338,11641,2012-12-29 19:24:00,2012.12.29_19:24:00_TAI,0,0.0011677165,0.96488947,0.96488947,1
2314,11635,2012-12-30 03:00:00,2012.12.30_03:00:00_TAI,0,6.428515e-06,0.01701607,0.01701607,0
2338,11641,2012-12-30 05:00:00,2012.12.30_05:00:00_TAI,0,2.2401679e-05,0.094542354,0.094542354,0
2314,11635,2012-12-30 07:48:00,2012.12.30_07:48:00_TAI,0,8.28365e-06,0.0070138406,0.0070138406,0
2337,11640,2012-12-30 15:00:00,2012.12.30_15:00:00_TAI,0,0.01585108,0.014689224,0.014689224,0
2342,11643,2012-12-30 15:00:00,2012.12.30_15:00:00_TAI,0,0.0010276247,0.8627108,0.8627108,1
2342,11643,2012-12-30 17:12:00,2012.12.30_17:12:00_TAI,0,0.0010611493,0.8627108,0.8627108,1
2337,11640,2012-12-30 21:12:00,2012.12.30_21:12:00_TAI,0,0.001187939,0.022762481,0.022762481,0
2331,11638,2012-12-31 00:48:00,2012.12.31_00:48:00_TAI,0,0.00039824515,0.13161242,0.13161242,0
2337,11640,2012-12-31 01:00:00,2012.12.31_01:00:00_TAI,0,0.0013985776,0.39248204,0.39248204,0
2331,11638,2012-12-31 03:24:00,2012.12.31_03:24:00_TAI,0,0.0006257933,0.37178007,0.37178007,0
2331,11638,2012-12-31 06:24:00,2012.12.31_06:24:00_TAI,0,0.0002220432,0.2560191,0.2560191,0
2344,11644,2012-12-31 10:36:00,2012.12.31_10:36:00_TAI,0,0.0008833051,0.8627108,0.8627108,1
2337,11640,2012-12-31 11:24:00,2012.12.31_11:24:00_TAI,0,0.00018930543,0.41369396,0.41369396,0
2342,11643,2012-12-31 12:24:00,2012.12.31_12:24:00_TAI,0,0.00012332282,0.99883133,0.99883133,1
2337,11640,2012-12-31 12:24:00,2012.12.31_12:24:00_TAI,0,0.00048564328,0.7138895,0.7138895,1
2342,11643,2012-12-31 13:12:00,2012.12.31_13:12:00_TAI,0,2.3415267e-05,0.99636865,0.99636865,1
2337,11640,2012-12-31 17:24:00,2012.12.31_17:24:00_TAI,0,0.0004016696,0.16878468,0.16878468,0
2322,11636,2012-12-31 19:12:00,2012.12.31_19:12:00_TAI,0,0.00028087778,0.11159105,0.11159105,0
2344,11644,2012-12-31 21:24:00,2012.12.31_21:24:00_TAI,0,0.0029660126,0.8627108,0.8627108,1
2322,11636,2012-12-31 22:48:00,2012.12.31_22:48:00_TAI,0,2.5330186e-05,0.030309148,0.030309148,0
2342,11643,2012-12-31 23:12:00,2012.12.31_23:12:00_TAI,0,9.397279e-06,0.95818293,0.95818293,1
