HARPNUM,NOAA_AR,observation_time,target_24h,xgb_probability,magnetogram_probability,ensemble_probability,ensemble_prediction
2220,11618,2012-11-21 09:00:00,1,0.00015534871,0.2763977,0.22114924,0
2107,11586,2012-10-10 01:00:00,0,0.0003047202,0.7993488,0.63953996,1
1807,11515,2012-07-08 09:24:00,1,8.605132e-06,1.0,0.80000174,1
1879,11532,2012-07-28 07:24:00,1,3.479687e-05,0.87496144,0.69997615,1
2193,11614,2012-11-11 01:00:00,1,0.0041817375,0.999311,0.80028516,1
1999,11564,2012-09-09 18:00:00,1,0.00014900022,0.9705539,0.7764729,1
2040,11575,2012-09-30 09:24:00,1,9.992755e-05,0.06347676,0.050801396,0
2040,11575,2012-09-30 23:12:00,1,9.960941e-05,0.058089692,0.04649168,0
1893,11534,2012-07-31 07:12:00,0,1.4904898e-05,0.017509015,0.014010194,0
1879,11532,2012-07-23 22:12:00,0,0.00020930235,0.8627108,0.69021046,1
2040,11575,2012-09-30 16:24:00,1,1.03955435e-05,0.025928939,0.02074523,0
2107,11586,2012-10-08 14:24:00,0,0.0015182948,0.86720866,0.69407064,1
2227,11620,2012-11-28 08:48:00,1,0.0013801516,0.30206642,0.24192916,0
1832,11518,2012-07-07 10:00:00,0,0.0021140883,0.12137007,0.097518876,0
1946,11548,2012-08-17 20:24:00,1,0.0029660126,0.8627108,0.6907618,1
2047,11578,2012-09-28 05:36:00,0,2.621298e-05,0.14814562,0.11852174,0
1999,11564,2012-09-07 23:12:00,1,0.00019558497,0.99999404,0.80003434,1
2177,11608,2012-11-13 04:00:00,0,1.7678816e-05,0.19811903,0.15849876,0
2314,11635,2012-12-22 11:48:00,0,8.894859e-05,0.13636199,0.10910738,0
2028,11571,2012-09-14 23:36:00,0,0.0038933428,0.07028643,0.057007812,0
1990,11562,2012-08-31 12:00:00,1,0.00020039316,0.011190106,0.008992163,0
1832,11518,2012-07-05 00:00:00,0,1.558653e-05,0.6660151,0.53281516,1
1946,11548,2012-08-20 08:00:00,0,4.923096e-05,0.5523141,0.44186112,0
2220,11618,2012-11-21 07:00:00,1,9.096142e-05,0.3505471,0.28045586,0
2227,11620,2012-11-27 22:48:00,1,0.00051190425,0.98275363,0.7863053,1
2040,11575,2012-09-30 19:48:00,1,9.153266e-05,0.024246948,0.019415865,0
1806,11513,2012-07-07 01:48:00,1,0.00018561806,0.021084761,0.016904933,0
1993,11560,2012-09-06 08:24:00,1,0.00013244765,0.64182836,0.5134892,1
2220,11618,2012-11-16 11:48:00,1,0.0011294376,0.010894489,0.008941479,0
1952,11551,2012-08-21 02:00:00,0,0.00017042481,0.20576233,0.16464394,0
1879,11532,2012-07-26 19:48:00,1,0.00041224284,0.9397337,0.7518694,1
2203,11616,2012-11-25 21:36:00,0,1.0222837e-05,0.37941626,0.30353507,0
1999,11564,2012-09-05 05:36:00,1,3.558468e-05,0.9980877,0.7984773,1
2220,11618,2012-11-27 14:00:00,1,2.1386048e-05,0.0007304229,0.00058861554,0
2227,11620,2012-11-19 06:00:00,0,0.00033996688,0.15033878,0.12033902,0
1907,11538,2012-08-12 18:24:00,0,3.7220198e-05,0.35960674,0.28769284,0
1807,11515,2012-07-09 06:48:00,1,0.0003340502,0.99991226,0.7999966,1
2191,11613,2012-11-13 22:36:00,1,0.0004180502,0.0080206245,0.0065001096,0
1962,11554,2012-08-26 04:36:00,0,0.0007754232,0.9383426,0.75082916,1
2121,11591,2012-10-24 10:24:00,0,0.0006827042,0.7971648,0.6378684,1
1807,11515,2012-07-01 12:48:00,1,0.0020010942,1.0,0.80040026,1
1807,11515,2012-07-08 11:48:00,1,4.0858442e-05,0.9999789,0.7999913,1
2047,11578,2012-09-18 22:36:00,0,0.0029543948,0.8627108,0.6907595,1
2191,11613,2012-11-11 23:12:00,1,0.009787965,0.035015307,0.02996984,0
1806,11513,2012-07-04 09:24:00,1,5.662712e-05,0.5592818,0.44743678,0
2191,11613,2012-11-12 05:00:00,1,0.014929256,0.03802957,0.033409506,0
2109,11589,2012-10-12 02:12:00,1,0.0013763877,0.9806517,0.7847966,1
2191,11613,2012-11-20 21:00:00,0,4.4963097e-05,0.017710058,0.014177039,0
2227,11620,2012-11-28 14:00:00,1,0.00033407565,0.7607738,0.60868585,1
1807,11515,2012-07-03 00:00:00,1,7.10754e-06,0.9999999,0.8000013,1
1999,11564,2012-09-05 02:12:00,1,0.0002217227,0.9963889,0.7971555,1
1999,11564,2012-09-08 11:24:00,1,0.0002734092,0.99980587,0.79989934,1
1946,11548,2012-08-17 08:12:00,1,0.0010638072,0.8627108,0.6903814,1
1946,11548,2012-08-18 00:00:00,1,0.015819319,0.94534653,0.75944114,1
2137,11598,2012-10-20 16:12:00,1,5.0092392e-05,0.8627108,0.69017863,1
1930,11542,2012-08-05 23:48:00,1,0.0029543948,0.8627108,0.6907595,1
2220,11618,2012-11-25 07:12:00,0,0.00076040067,0.006307493,0.005198075,0
2011,11566,2012-09-11 00:12:00,0,0.0010374681,0.5881375,0.4707175,0
2245,11623,2012-12-09 15:24:00,0,1.7289663e-05,0.97231954,0.7778591,1
1893,11534,2012-08-03 14:24:00,0,0.0003423814,0.021474767,0.017248292,0
1807,11515,2012-07-06 02:12:00,1,8.292963e-05,1.0,0.8000166,1
1806,11513,2012-07-01 14:36:00,1,0.0010122051,0.8144643,0.65177387,1
1903,11535,2012-08-06 10:12:00,0,0.0022162232,0.83669734,0.6698011,1
2059,11579,2012-10-05 02:24:00,0,0.00069680315,0.0037907788,0.0031719836,0
2109,11589,2012-10-11 19:24:00,1,0.0021765449,0.7317666,0.58584857,1
1930,11542,2012-08-08 01:12:00,0,0.00068235653,0.7250256,0.580157,1
1908,11537,2012-08-02 19:00:00,0,0.0033210104,0.0937479,0.07566252,0
2306,11634,2012-12-22 19:48:00,0,0.0012978202,0.30260965,0.24234729,0
2037,11573,2012-09-17 20:00:00,0,0.0029660126,0.0027719792,0.002810786,0
1970,11555,2012-08-24 12:36:00,0,0.0011294376,0.8149285,0.6521687,1
2178,11607,2012-11-07 02:24:00,0,0.0007596239,0.9143434,0.7316267,1
2191,11613,2012-11-12 20:48:00,1,0.0058408272,0.014200134,0.012528273,0
2260,11627,2012-12-03 06:00:00,0,0.0010638072,0.05564346,0.044727534,0
1807,11515,2012-07-03 06:36:00,1,3.8325772e-05,0.9999999,0.8000076,1
2143,11599,2012-11-01 04:36:00,0,0.0007478234,0.98588157,0.78885484,1
2342,11643,2012-12-30 15:00:00,0,0.0010276247,0.8627108,0.69037414,1
2109,11589,2012-10-20 16:24:00,0,1.5883606e-05,0.56526583,0.45221585,0
2220,11618,2012-11-21 11:12:00,1,0.00019495642,0.048221845,0.03861647,0
1946,11548,2012-08-18 18:00:00,1,0.00014868061,0.84486926,0.67592514,1
1806,11513,2012-07-01 03:36:00,1,0.0011403321,0.978296,0.78286487,1
1962,11554,2012-08-25 16:00:00,0,0.00028118107,0.3592796,0.28747994,0
1807,11515,2012-07-01 21:00:00,1,0.001834046,1.0,0.8003668,1
2191,11613,2012-11-20 19:36:00,0,7.429158e-05,0.042083394,0.03368157,0
1930,11542,2012-08-08 17:48:00,1,0.00096925,0.9663395,0.7732655,1
1893,11534,2012-07-27 21:48:00,0,0.0001409273,0.018325185,0.014688334,0
1997,11561,2012-08-30 03:24:00,1,0.00087790564,0.0369417,0.02972894,0
1863,11523,2012-07-11 22:36:00,0,0.0029660126,0.011134239,0.009500594,0
2173,11604,2012-11-05 22:48:00,0,0.0017869939,0.14955509,0.120001465,0
1999,11564,2012-09-09 13:12:00,1,4.2538773e-05,0.9496826,0.7597546,1
2227,11620,2012-11-27 14:36:00,1,0.00043356538,0.9984669,0.79886025,1
1959,11553,2012-08-30 13:12:00,0,0.000102285514,0.99712247,0.7977184,1
1879,11532,2012-07-30 06:12:00,1,6.98967e-05,0.2899419,0.23196751,0
2169,11603,2012-11-04 06:36:00,0,0.0011838508,0.026698617,0.021595664,0
2306,11634,2012-12-17 08:00:00,0,0.001490615,0.3633512,0.2909791,0
1807,11515,2012-07-08 00:48:00,1,1.7031114e-05,1.0,0.8000034,1
2262,11628,2012-12-08 16:24:00,0,0.000113520015,0.03475112,0.0278236,0
2117,11593,2012-10-26 16:24:00,0,5.594059e-05,0.78091305,0.6247417,1
2193,11614,2012-11-10 07:00:00,1,0.0011838508,0.8627108,0.69040537,1
2193,11614,2012-11-10 04:48:00,1,0.0011116031,0.8627108,0.69039094,1
1806,11513,2012-07-01 21:12:00,1,0.00060697633,0.42400876,0.3393284,0
1806,11513,2012-07-02 19:36:00,1,3.9961316e-05,0.43489,0.34792,0
2166,11602,2012-11-08 04:12:00,0,1.5842807e-05,0.17003879,0.1360342,0
1962,11554,2012-08-30 09:00:00,1,0.00044762768,0.99935204,0.79957116,1
1807,11515,2012-07-09 07:36:00,1,0.00033476015,0.9999951,0.800063,1
1999,11564,2012-09-09 16:36:00,1,0.00016382859,0.9758162,0.7806857,1
1807,11515,2012-07-06 08:12:00,1,4.8865004e-05,1.0,0.8000098,1
1807,11515,2012-07-02 10:00:00,1,0.0005653794,0.9999988,0.8001121,1
1952,11551,2012-08-19 06:12:00,0,0.0009258717,0.046851177,0.037666116,0
2186,11611,2012-11-13 04:48:00,0,0.0044551105,0.9896563,0.7926161,1
1942,11546,2012-08-18 02:36:00,0,0.0003126462,0.73897475,0.5912423,1
1879,11532,2012-07-30 11:48:00,1,0.00049188733,0.17566521,0.14063056,0
1879,11532,2012-07-29 17:00:00,1,8.435677e-05,0.34408185,0.27528235,0
1946,11548,2012-08-18 12:36:00,1,0.0036370526,0.99720204,0.79848903,1
1993,11560,2012-08-31 12:36:00,0,0.0006501888,0.92748713,0.7421198,1
1996,11563,2012-09-05 04:12:00,0,0.00012501644,0.9515308,0.76124966,1
2220,11618,2012-11-16 11:36:00,1,0.0011294376,0.018453259,0.014988495,0
2166,11602,2012-11-01 09:48:00,0,7.76822e-05,0.43643424,0.34916294,0
1807,11515,2012-07-01 11:24:00,1,0.005937288,1.0,0.80118746,1
1806,11513,2012-07-03 15:24:00,1,3.4953817e-05,0.48873088,0.39099172,0
2040,11575,2012-09-30 12:24:00,1,0.00014481487,0.10073588,0.080617666,0
2177,11608,2012-11-10 23:24:00,0,3.1529569e-06,0.3347576,0.2678067,0
2259,11626,2012-12-06 00:24:00,0,3.3667295e-06,0.0655508,0.052441314,0
2137,11598,2012-10-20 17:36:00,1,2.1872469e-05,0.8627108,0.690173,1
2040,11575,2012-09-30 18:00:00,1,2.4995772e-05,0.03490344,0.027927753,0
2109,11589,2012-10-11 22:48:00,1,0.0029660126,0.95426816,0.76400775,1
2220,11618,2012-11-16 02:36:00,1,0.0013763877,0.09092324,0.07301387,0
1807,11515,2012-07-05 06:00:00,1,0.00097159925,0.9999994,0.80019385,1
2137,11598,2012-10-21 09:24:00,1,0.00014134502,0.999972,0.80000585,1
1990,11562,2012-08-31 18:24:00,1,3.8836926e-05,0.03234923,0.02588715,0
1999,11564,2012-09-08 01:36:00,1,0.00017625355,0.9999814,0.80002034,1
2098,11585,2012-10-03 01:24:00,0,0.001574865,0.9223779,0.7382173,1
2227,11620,2012-11-28 12:48:00,1,0.00043583056,0.8857437,0.7086821,1
1806,11513,2012-07-07 08:24:00,1,0.00064966944,0.04648794,0.037320286,0
1879,11532,2012-07-27 17:00:00,1,0.00016697632,0.6460049,0.5168373,1
1959,11553,2012-08-21 13:48:00,0,0.0010149054,0.8627108,0.6903716,1
1863,11523,2012-07-17 03:00:00,0,0.00054489006,0.2696505,0.21582937,0
1807,11515,2012-07-01 20:36:00,1,0.002076553,1.0,0.80041534,1
1879,11532,2012-07-30 00:48:00,1,1.1431848e-05,0.4064831,0.3251888,0
1866,11524,2012-07-21 00:48:00,0,0.0005010007,0.041856874,0.033585697,0
1946,11548,2012-08-17 01:36:00,1,0.00050644233,0.8627108,0.6902699,1
1866,11524,2012-07-19 09:24:00,0,0.00031486875,0.071162045,0.05699261,0
2040,11575,2012-09-30 13:00:00,1,0.00013156001,0.07176531,0.05743856,0
2220,11618,2012-11-27 11:48:00,1,1.4956827e-05,0.0015261213,0.0012238885,0
1807,11515,2012-07-01 08:00:00,1,0.0002145747,1.0,0.8000429,1
2191,11613,2012-11-12 16:12:00,1,0.008604651,0.015496058,0.014117777,0
1908,11537,2012-08-03 05:24:00,0,0.00066427194,0.19442032,0.15566912,0
2240,11621,2012-12-02 16:24:00,0,0.0015834649,0.067199245,0.05407609,0
2166,11602,2012-10-29 15:48:00,0,0.00016504356,0.10192528,0.08157323,0
2220,11618,2012-11-25 16:36:00,0,0.00042624646,0.0004607124,0.00045381923,0
1999,11564,2012-09-09 10:24:00,1,3.040604e-05,0.99459684,0.79568356,1
2220,11618,2012-11-21 05:00:00,1,0.0001311972,0.06520899,0.05219343,0
1807,11515,2012-07-01 11:36:00,1,0.0035171441,1.0,0.80070347,1
1903,11535,2012-08-05 07:00:00,0,0.0030187387,0.9444515,0.75616497,1
1873,11526,2012-07-21 13:12:00,0,0.00016016081,0.23813418,0.19053937,0
1930,11542,2012-08-06 04:24:00,1,0.0012370334,0.8627108,0.69041604,1
2109,11589,2012-10-16 08:48:00,0,0.0011838508,0.8666038,0.6935198,1
1999,11564,2012-09-08 02:24:00,1,0.00020572337,0.9999492,0.8000005,1
2220,11618,2012-11-20 17:48:00,1,0.00047636055,0.19734047,0.15796766,0
2227,11620,2012-11-27 00:48:00,1,0.00059870526,0.68329567,0.54675627,1
2109,11589,2012-10-11 13:48:00,1,0.0011294376,0.6104164,0.48855904,1
1943,11547,2012-08-23 11:24:00,0,6.563272e-05,0.034127377,0.027315028,0
2112,11590,2012-10-17 10:00:00,0,3.784285e-05,0.039940726,0.031960152,0
2017,11568,2012-09-05 10:48:00,0,0.0010149054,0.01641296,0.0133333495,0
1879,11532,2012-07-28 02:24:00,1,9.0325426e-05,0.8752999,0.70025796,1
2220,11618,2012-11-20 17:12:00,1,0.00044019567,0.21668771,0.1734382,0
1807,11515,2012-07-08 21:12:00,1,2.6708034e-05,1.0,0.8000054,1
2166,11602,2012-11-02 18:12:00,0,6.564098e-05,0.47006917,0.37606847,0
2227,11620,2012-11-26 17:24:00,0,4.253516e-05,0.9915001,0.7932086,1
1996,11563,2012-09-05 18:48:00,0,0.00017521817,0.82300544,0.6584394,1
1807,11515,2012-07-01 03:36:00,1,0.0003360065,1.0,0.8000672,1
1806,11513,2012-07-07 14:48:00,1,9.552735e-05,0.022546219,0.01805608,0
2173,11604,2012-11-04 08:48:00,0,0.00041753938,0.2818547,0.22556727,0
2314,11635,2012-12-23 08:12:00,0,0.0037220144,0.7070809,0.5664091,1
1962,11554,2012-08-21 23:12:00,0,0.002571958,0.011461474,0.009683571,0
2227,11620,2012-11-28 01:36:00,1,0.0005832212,0.9846326,0.7878227,1
1806,11513,2012-07-07 10:00:00,1,0.0001763768,0.03752095,0.030052034,0
1873,11526,2012-07-26 03:48:00,0,0.00013383004,0.86661285,0.69331706,1
1873,11526,2012-07-21 19:00:00,0,5.6002023e-05,0.41575876,0.3326182,0
1970,11555,2012-08-24 13:00:00,0,0.0011294376,0.7385018,0.5910273,1
2137,11598,2012-10-21 02:12:00,1,2.6874257e-05,0.053346265,0.042682387,0
1943,11547,2012-08-16 09:00:00,0,0.0008496855,0.031068403,0.02502466,0
1807,11515,2012-07-03 14:48:00,1,1.2129805e-05,0.99994147,0.7999556,1
1879,11532,2012-07-26 22:48:00,1,0.00031622883,0.97419953,0.7794229,1
1946,11548,2012-08-29 13:36:00,0,2.0953803e-05,0.16112876,0.1289072,0
1879,11532,2012-08-07 08:48:00,0,9.224517e-06,0.8627108,0.69017047,1
2186,11611,2012-11-06 20:00:00,0,0.0029543948,0.8627108,0.6907595,1
1930,11542,2012-08-09 04:36:00,1,0.00017106482,0.99113935,0.7929457,1
2040,11575,2012-09-30 10:12:00,1,0.00031023377,0.08764794,0.0701804,0
1979,11558,2012-08-28 04:48:00,0,2.7518156e-05,0.3327325,0.2661915,0
1807,11515,2012-07-05 03:00:00,1,0.0004619164,1.0,0.8000924,1
2193,11614,2012-11-11 01:24:00,1,0.01739761,0.9998994,0.8033991,1
2220,11618,2012-11-27 19:12:00,0,3.1783131e-06,0.18068288,0.14454696,0
1879,11532,2012-08-04 06:12:00,0,0.0009795005,0.02001208,0.016205564,0
1962,11554,2012-08-29 10:00:00,1,0.00017222865,0.64878434,0.5190619,1
1999,11564,2012-09-09 19:24:00,1,0.00026952053,0.9148663,0.73194695,1
1806,11513,2012-07-04 04:12:00,1,0.00010713655,0.22257604,0.17808226,0
1993,11560,2012-09-05 05:24:00,1,0.0008627865,0.9966918,0.797526,1
1806,11513,2012-07-03 05:24:00,1,0.00065475714,0.5831276,0.46663305,0
1959,11553,2012-08-27 07:24:00,0,0.00026086456,0.9906809,0.7925969,1
1962,11554,2012-08-30 07:12:00,1,0.0012154111,0.99884975,0.7993229,1
2059,11579,2012-09-27 15:36:00,0,0.00012031647,0.5100733,0.4080827,0
2040,11575,2012-09-30 17:48:00,1,4.3096985e-05,0.020117585,0.016102688,0
2044,11576,2012-09-21 10:24:00,0,1.6755088e-05,0.5792653,0.4634156,0
2137,11598,2012-10-20 20:12:00,1,0.0011371739,0.8626554,0.6903518,1
2193,11614,2012-11-10 22:12:00,1,0.0007846316,0.9912593,0.7931644,1
2314,11635,2012-12-25 10:48:00,0,0.0015951389,0.80686456,0.64581066,1
2117,11593,2012-10-24 05:00:00,0,6.611957e-05,0.7431947,0.594569,1
1999,11564,2012-09-05 01:48:00,1,0.00018448124,0.999046,0.7992737,1
2262,11628,2012-12-15 04:24:00,0,0.00026046069,0.0030162456,0.0024650886,0
1807,11515,2012-07-05 06:12:00,1,0.0012616989,0.9999993,0.8002518,1
2137,11598,2012-10-20 09:48:00,1,0.0010149054,0.8627108,0.6903716,1
1930,11542,2012-08-09 08:12:00,1,7.8539386e-05,0.8109998,0.6488156,1
1999,11564,2012-09-07 21:12:00,1,0.00013890701,0.9999951,0.80002385,1
2245,11623,2012-12-01 10:00:00,0,0.00011545832,0.9686077,0.77490926,1
1866,11524,2012-07-22 06:12:00,0,0.0006186686,0.21577503,0.17274377,0
2270,11630,2012-12-11 10:24:00,0,0.0011291794,0.7048991,0.5641451,1
1946,11548,2012-08-18 03:00:00,1,0.0040594456,0.99631894,0.79786706,1
1807,11515,2012-07-08 04:12:00,1,4.234373e-05,1.0,0.8000085,1
1990,11562,2012-08-29 11:48:00,0,0.0001140831,0.07050074,0.05642341,0
2173,11604,2012-11-07 20:36:00,0,3.1876425e-05,0.09035863,0.07229328,0
1908,11537,2012-08-09 14:36:00,0,0.0014366474,0.022753462,0.0184901,0
2109,11589,2012-10-11 08:24:00,1,5.958527e-05,0.9324455,0.74596834,1
1908,11537,2012-08-06 20:48:00,0,0.0035241502,0.35873377,0.28769186,0
2193,11614,2012-11-10 06:24:00,1,0.0011838508,0.8627108,0.69040537,1
1807,11515,2012-07-02 09:36:00,1,0.0007917314,0.9999995,0.800158,1
1907,11538,2012-08-02 10:36:00,0,0.00047910816,0.555527,0.4445174,0
1997,11561,2012-08-30 10:48:00,1,0.00095556804,0.10873634,0.08718019,0
1999,11564,2012-09-08 13:48:00,1,0.00046769282,0.99973136,0.7998786,1
1907,11538,2012-07-29 22:36:00,0,0.0007075375,0.8627108,0.6903101,1
1807,11515,2012-07-02 04:36:00,1,0.00014973714,1.0,0.80002993,1
2186,11611,2012-11-07 05:24:00,1,0.0011838508,0.8627108,0.69040537,1
2047,11578,2012-09-22 15:00:00,0,6.670119e-05,0.6909551,0.55277747,1
2113,11595,2012-10-12 00:00:00,0,0.0013763877,0.05281406,0.042526525,0
2130,11596,2012-10-27 23:24:00,0,0.0030590466,0.33530998,0.2688598,0
1892,11533,2012-07-28 00:12:00,0,0.0002991408,0.71554255,0.5724939,1
1893,11534,2012-07-25 22:36:00,0,0.002464023,0.74103975,0.5933246,1
2186,11611,2012-11-07 17:00:00,1,0.0022525222,0.9887472,0.79144824,1
2107,11586,2012-10-07 04:00:00,0,0.00028024544,0.99392384,0.7951951,1
2007,11565,2012-09-08 04:24:00,0,6.889414e-05,0.024514893,0.019625694,0
1893,11534,2012-08-03 21:24:00,0,0.00022301605,0.024474831,0.019624468,0
2028,11571,2012-09-14 00:00:00,0,0.0007214067,0.112589926,0.09021622,0
1807,11515,2012-07-06 21:48:00,1,2.3873416e-05,1.0,0.8000048,1
2220,11618,2012-11-20 02:00:00,1,0.00047351205,0.005362739,0.0043848935,0
2239,11622,2012-11-29 17:00:00,0,5.998772e-05,0.018165885,0.014544705,0
2114,11592,2012-10-18 15:36:00,0,3.0749867e-05,0.02567991,0.02055008,0
1997,11561,2012-08-30 05:00:00,1,0.0017869133,0.06013146,0.04846255,0
2306,11634,2012-12-22 08:48:00,0,0.002035613,0.16444272,0.1319613,0
2143,11599,2012-10-25 05:48:00,0,0.0008308684,0.98007315,0.7842247,1
2239,11622,2012-11-29 01:48:00,0,2.8971024e-05,0.04160071,0.033286363,0
2040,11575,2012-09-30 14:24:00,1,0.00015779561,0.07523303,0.060217984,0
1879,11532,2012-07-27 07:12:00,1,0.000504886,0.8097145,0.64787257,1
1879,11532,2012-07-28 00:36:00,1,7.030011e-05,0.8114785,0.64919686,1
1879,11532,2012-07-27 05:12:00,1,0.00015180936,0.7300613,0.5840794,1
1962,11554,2012-08-29 18:24:00,1,0.049720656,0.6950797,0.5660079,1
2130,11596,2012-10-16 17:36:00,1,0.0009235581,0.8627108,0.69035333,1
1993,11560,2012-09-06 03:36:00,1,9.602739e-05,0.71481234,0.5718691,1
2186,11611,2012-11-08 00:48:00,1,0.00023253581,0.9998939,0.7999616,1
1931,11543,2012-08-08 04:36:00,0,6.3138155e-05,0.46126086,0.36902133,0
2059,11579,2012-09-30 21:12:00,0,0.00014326273,0.12424805,0.0994271,0
2220,11618,2012-11-16 01:24:00,1,0.0013763877,0.11713881,0.093986325,0
2227,11620,2012-11-28 20:00:00,1,0.00250464,0.6614316,0.5296462,1
2112,11590,2012-10-21 05:00:00,0,2.035435e-05,0.28605777,0.22885029,0
1879,11532,2012-07-28 11:36:00,1,0.00016507268,0.8451075,0.676119,1
2137,11598,2012-10-23 01:24:00,1,0.001190812,0.193295,0.15487418,0
2227,11620,2012-11-28 07:24:00,1,0.0012254379,0.10909643,0.08752223,0
2109,11589,2012-10-11 15:24:00,1,0.0011435907,0.729487,0.5838183,1
1806,11513,2012-07-04 02:36:00,1,5.0187304e-05,0.4301177,0.3441042,0
2109,11589,2012-10-21 07:24:00,0,1.6402479e-06,0.5648623,0.45189017,0
2109,11589,2012-10-11 13:12:00,1,0.0011294376,0.8647043,0.69198936,1
2306,11634,2012-12-17 21:24:00,0,0.00018266785,0.5263781,0.42113903,0
2117,11593,2012-10-21 09:24:00,0,0.00052278634,0.9335455,0.7469409,1
2117,11593,2012-10-26 05:00:00,0,6.119899e-05,0.74956375,0.59966326,1
2040,11575,2012-09-29 08:48:00,0,0.00011204195,0.5228672,0.4183162,0
1879,11532,2012-07-28 16:24:00,1,0.0002875537,0.7850578,0.62810373,1
2166,11602,2012-10-31 16:00:00,0,0.00027790535,0.10431154,0.08350482,0
2220,11618,2012-11-26 19:12:00,1,3.8022925e-05,6.976038e-05,6.3412896e-05,0
1795,11512,2012-07-02 16:48:00,0,0.00066429883,0.08448081,0.06771751,0
1807,11515,2012-07-01 18:24:00,1,0.00034957367,1.0,0.8000699,1
2227,11620,2012-11-25 16:12:00,0,0.0011714586,0.9863841,0.78934157,1
2144,11600,2012-10-26 04:12:00,0,0.00023678874,0.15484016,0.12391948,0
1993,11560,2012-09-07 06:12:00,0,3.605757e-06,0.31639406,0.25311598,0
2306,11634,2012-12-24 19:12:00,0,0.00013572899,0.075806685,0.060672496,0
2177,11608,2012-11-06 06:48:00,0,0.0026406343,0.22108074,0.17739272,0
2245,11623,2012-11-28 05:12:00,0,0.0003321581,0.7638514,0.6111476,1
1879,11532,2012-07-30 01:24:00,1,8.413351e-06,0.5563927,0.44511586,0
1807,11515,2012-07-02 05:12:00,1,0.00013737389,1.0,0.8000275,1
2306,11634,2012-12-21 18:48:00,0,0.0063980985,0.18944964,0.15283933,0
1990,11562,2012-09-05 08:24:00,0,0.00085740455,0.188841,0.15124428,0
2191,11613,2012-11-12 22:00:00,1,0.008377379,0.012542157,0.011709201,0
1806,11513,2012-07-03 14:00:00,1,0.00015959342,0.4945116,0.3956412,0
2270,11630,2012-12-06 15:00:00,0,0.0011435907,0.008843851,0.007303799,0
2259,11626,2012-12-05 11:00:00,0,8.91368e-06,0.09380498,0.075045764,0
2130,11596,2012-10-29 19:12:00,0,0.00027948286,0.98142874,0.7851989,1
1930,11542,2012-08-05 22:24:00,1,0.0029543948,0.8627108,0.6907595,1
2186,11611,2012-11-07 07:12:00,1,0.0016565408,0.8627108,0.6904999,1
2173,11604,2012-11-10 03:12:00,0,0.0002413025,0.038213283,0.030618887,0
2117,11593,2012-10-24 05:12:00,0,6.12565e-05,0.7454012,0.59633327,1
1892,11533,2012-07-30 22:36:00,0,0.0034850368,0.90249324,0.7226916,1
2227,11620,2012-11-28 02:48:00,1,0.00047764552,0.9821086,0.78578246,1
1879,11532,2012-07-26 22:00:00,1,0.00015115677,0.97862715,0.7829319,1
2191,11613,2012-11-11 23:48:00,1,0.010867658,0.04459286,0.03784782,0
1907,11538,2012-08-01 11:24:00,0,0.00071764766,0.77253866,0.6181745,1
1807,11515,2012-07-05 05:36:00,1,0.0011653507,0.99999976,0.8002329,1
1946,11548,2012-08-17 16:12:00,1,0.0011435907,0.8627108,0.6903973,1
1866,11524,2012-07-19 02:48:00,0,0.0014016898,0.2646211,0.21197723,0
1879,11532,2012-07-27 10:24:00,1,0.00026606812,0.49449056,0.39564568,0
1879,11532,2012-07-27 13:36:00,1,0.0002281453,0.83803535,0.67047393,1
1806,11513,2012-07-07 16:12:00,1,8.379539e-05,0.04069879,0.032575794,0
2137,11598,2012-10-20 11:24:00,1,0.0011294376,0.8627108,0.6903945,1
1946,11548,2012-08-17 02:12:00,1,0.0010764971,0.8627108,0.6903839,1
2061,11580,2012-09-26 20:00:00,0,2.3112174e-05,0.5100709,0.40806136,0
1806,11513,2012-07-01 05:24:00,1,0.0010915041,0.9751279,0.7803206,1
2026,11569,2012-09-16 22:12:00,0,0.0006391134,0.13399445,0.10732338,0
2314,11635,2012-12-22 04:36:00,0,0.0004885652,0.66981965,0.5359534,1
2171,11605,2012-11-09 18:00:00,0,3.19608e-05,0.070183314,0.056153044,0
2130,11596,2012-10-24 03:36:00,0,0.00038572095,0.68828785,0.5507074,1
2191,11613,2012-11-12 07:00:00,1,0.004708453,0.02492804,0.020884123,0
1806,11513,2012-07-04 05:00:00,1,0.00023161531,0.46942368,0.37558526,0
1807,11515,2012-07-09 06:36:00,1,0.00048549633,0.9999994,0.80009663,1
1807,11515,2012-07-04 11:36:00,1,5.4097734e-05,0.9999999,0.80001074,1
1970,11555,2012-08-28 06:00:00,0,0.00010935091,0.91022,0.72819793,1
1866,11524,2012-07-16 13:12:00,0,0.0030189566,0.040063668,0.032654725,0
2112,11590,2012-10-18 17:24:00,0,0.0006481425,0.09669401,0.07748483,0
1807,11515,2012-07-05 20:12:00,1,2.0766527e-05,1.0,0.8000042,1
1806,11513,2012-07-01 12:48:00,1,0.0013433562,0.8699626,0.69623876,1
1806,11513,2012-07-01 18:36:00,1,0.00010726944,0.52336454,0.4187131,0
1990,11562,2012-08-31 07:12:00,1,2.4039002e-05,0.014041561,0.011238056,0
2322,11636,2012-12-24 15:12:00,0,4.666496e-05,0.621225,0.49698934,1
2191,11613,2012-11-12 12:00:00,1,0.005300306,0.018736674,0.0160494,0
2173,11604,2012-11-01 10:00:00,0,0.0010149054,0.4497048,0.3599668,0
1832,11518,2012-07-06 07:48:00,0,0.00016169605,0.35766312,0.28616285,0
2107,11586,2012-10-15 13:12:00,0,0.0011294376,0.09315567,0.07475042,0
2181,11610,2012-11-13 01:00:00,0,0.0030581176,0.056999076,0.046210885,0
1873,11526,2012-07-22 10:24:00,0,0.00027778244,0.9356193,0.748551,1
1866,11524,2012-07-20 17:36:00,0,0.0011489481,0.08911891,0.071524926,0
1877,11527,2012-07-30 06:12:00,0,0.0018768571,0.026804125,0.021818671,0
1807,11515,2012-07-08 05:00:00,1,1.9924135e-05,1.0,0.800004,1
1863,11523,2012-07-14 11:36:00,0,0.004397041,0.9883078,0.79152566,1
1806,11513,2012-07-01 13:00:00,1,0.00072411704,0.85748476,0.68613267,1
1949,11550,2012-08-21 21:24:00,0,7.638236e-06,0.9103808,0.7283062,1
1946,11548,2012-08-24 21:12:00,0,0.0010215475,0.5341241,0.42750356,0
2227,11620,2012-11-27 23:36:00,1,0.00050541444,0.9530116,0.76251036,1
2220,11618,2012-11-20 05:36:00,1,0.00050072256,0.009151648,0.007421463,0
1807,11515,2012-07-07 15:00:00,1,0.00038563617,1.0,0.80007714,1
1979,11558,2012-09-06 17:12:00,0,3.3495573e-05,0.062527955,0.05002906,0
1806,11513,2012-07-01 01:24:00,1,0.001740166,0.8256364,0.66085714,1
1962,11554,2012-08-26 11:36:00,0,0.00028471876,0.8859724,0.7088348,1
1806,11513,2012-07-07 03:36:00,1,0.00016334535,0.02306549,0.018485062,0
1807,11515,2012-07-02 17:24:00,1,0.0005536695,0.9999993,0.80011016,1
2227,11620,2012-11-27 19:00:00,1,0.0011353721,0.99269813,0.7943856,1
2314,11635,2012-12-28 07:24:00,0,9.169952e-05,0.0012503929,0.0010186543,0
1879,11532,2012-07-27 22:36:00,1,9.6230986e-05,0.95347834,0.76280195,1
2227,11620,2012-11-23 11:00:00,0,3.5195113e-05,0.8865443,0.70924246,1
2220,11618,2012-11-26 15:48:00,0,0.00032306853,3.481994e-05,9.246966e-05,0
2130,11596,2012-10-16 19:48:00,1,0.001917783,0.8627108,0.6905522,1
1807,11515,2012-07-04 17:24:00,1,0.00036507493,0.99994946,0.8000326,1
2040,11575,2012-09-30 15:24:00,1,4.8181882e-05,0.012707127,0.010175338,0
2220,11618,2012-11-24 03:00:00,0,3.8690352e-05,0.18541744,0.14834169,0
2193,11614,2012-11-12 00:12:00,0,0.00018531106,0.9935894,0.7949086,1
1908,11537,2012-08-06 12:48:00,0,0.0007414148,0.1947384,0.15593901,0
2227,11620,2012-11-28 17:00:00,1,0.00048685347,0.96098125,0.7688824,1
1879,11532,2012-07-30 06:36:00,1,0.000110187764,0.2180835,0.17448884,0
1993,11560,2012-09-06 10:36:00,1,3.7318292e-05,0.881768,0.70542186,1
2220,11618,2012-11-20 15:24:00,1,0.0005649614,0.5043304,0.4035773,0
1930,11542,2012-08-05 14:24:00,1,0.0008833051,0.8627108,0.6903453,1
2059,11579,2012-10-02 11:48:00,0,0.0019006667,0.026918486,0.021914924,0
2098,11585,2012-10-13 06:36:00,0,3.0157604e-05,0.57941604,0.46353886,0
2158,11601,2012-10-27 20:12:00,0,0.00018601121,0.10293921,0.08238857,0
1979,11558,2012-09-05 19:48:00,0,0.0001149417,0.12172584,0.09740366,0
2314,11635,2012-12-17 15:48:00,0,0.00089437654,0.8627108,0.6903475,1
2291,11631,2012-12-12 11:24:00,0,0.0005482733,0.15882412,0.12716895,0
1908,11537,2012-08-07 01:48:00,0,0.000770491,0.2037164,0.16312721,0
2106,11588,2012-10-09 19:36:00,0,0.000100398625,0.64211005,0.5137081,1
1930,11542,2012-08-06 02:48:00,1,0.0013763877,0.8627108,0.6904439,1
1962,11554,2012-08-29 20:36:00,1,0.009709756,0.95948064,0.7695265,1
1959,11553,2012-08-23 21:00:00,0,0.00065242435,0.9992403,0.7995227,1
2220,11618,2012-11-20 00:00:00,1,0.000622704,0.018870218,0.015220716,0
1993,11560,2012-09-05 08:36:00,1,0.0022991027,0.9915753,0.7937201,1
2259,11626,2012-12-03 12:00:00,0,1.5262194e-05,0.04653609,0.037231926,0
1879,11532,2012-07-29 19:12:00,1,9.746192e-05,0.45166627,0.3613525,0
2117,11593,2012-10-20 08:48:00,0,0.000101840844,0.9921951,0.7937765,1
2178,11607,2012-11-06 14:48:00,0,0.0011312977,0.05246911,0.042201545,0
1807,11515,2012-07-07 10:36:00,1,6.779035e-05,1.0,0.80001354,1
1795,11512,2012-07-01 06:36:00,0,0.00079493533,0.107585415,0.08622732,0
2040,11575,2012-09-30 15:00:00,1,7.3547846e-05,0.047452465,0.037976682,0
2158,11601,2012-11-03 03:12:00,0,7.679877e-05,0.059617158,0.047709085,0
2344,11644,2012-12-31 21:24:00,0,0.0029660126,0.8627108,0.6907618,1
2227,11620,2012-11-28 18:24:00,1,0.00040609375,0.30323887,0.24267231,0
2186,11611,2012-11-07 04:36:00,1,0.0012370334,0.8627108,0.69041604,1
2227,11620,2012-11-28 07:36:00,1,0.0013480681,0.18123661,0.1452589,0
1990,11562,2012-09-02 08:12:00,0,4.1106225e-05,0.12132539,0.09706853,0
1931,11543,2012-08-15 09:24:00,0,0.00017634014,0.99341667,0.79476863,1
1807,11515,2012-07-02 14:48:00,1,0.003634239,1.0,0.80072683,1
1806,11513,2012-07-04 12:24:00,1,0.00015593982,0.20562176,0.16452861,0
1879,11532,2012-07-30 06:24:00,1,9.9871824e-05,0.31008554,0.2480884,0
1999,11564,2012-09-02 02:00:00,0,0.00048024938,0.96074075,0.7686886,1
1879,11532,2012-07-30 07:36:00,1,9.713384e-05,0.29914477,0.23933525,0
2047,11578,2012-09-26 01:00:00,0,9.114375e-05,0.19822025,0.15859443,0
1949,11550,2012-08-21 11:48:00,0,0.00043751806,0.47705042,0.38172784,0
2227,11620,2012-11-27 07:24:00,1,0.00019882982,0.94229585,0.75387645,1
2220,11618,2012-11-15 16:12:00,1,0.0011435907,0.32989112,0.26414162,0
2117,11593,2012-10-20 00:00:00,0,0.016216809,0.99247736,0.7972253,1
1879,11532,2012-07-26 19:24:00,1,0.00036875115,0.93339026,0.74678594,1
1807,11515,2012-07-02 14:00:00,1,0.0021562541,0.9999999,0.80043113,1
2026,11569,2012-09-16 23:00:00,0,0.0011820439,0.21367165,0.17117374,0
1999,11564,2012-09-04 16:00:00,1,0.00019965715,0.98570836,0.78860664,1
1806,11513,2012-07-04 15:00:00,1,0.00012299082,0.13049534,0.10442088,0
2337,11640,2012-12-31 12:24:00,0,0.00048564328,0.7138894,0.5712087,1
1806,11513,2012-07-06 02:48:00,0,0.00042494838,0.116538264,0.0933156,0
2186,11611,2012-11-07 07:24:00,1,0.0011838508,0.8627108,0.69040537,1
2098,11585,2012-10-03 11:00:00,0,0.00010402826,0.58405435,0.4672643,0
1806,11513,2012-07-07 20:48:00,1,3.7793474e-05,0.11177327,0.089426175,0
1951,11552,2012-08-26 03:24:00,0,0.0004539276,0.2463378,0.19716103,0
2037,11573,2012-09-24 02:36:00,0,0.00047703966,0.05484942,0.043974943,0
2245,11623,2012-11-30 12:24:00,0,0.0011294376,0.94648033,0.75741017,1
1999,11564,2012-09-10 06:12:00,0,0.000101821126,0.86488974,0.6919322,1
2144,11600,2012-10-23 11:48:00,0,0.00011573004,0.02659146,0.021296313,0
1999,11564,2012-09-07 21:24:00,1,0.00012436426,0.99999654,0.8000221,1
2203,11616,2012-11-19 18:24:00,0,0.00021507693,0.84979856,0.6798819,1
2107,11586,2012-10-15 05:00:00,0,0.0011838508,0.28860337,0.23111945,0
1807,11515,2012-07-01 09:36:00,1,0.00041778744,1.0,0.8000836,1
2193,11614,2012-11-10 03:00:00,1,0.0012060272,0.8627108,0.69040984,1
2220,11618,2012-11-19 20:12:00,1,0.0007762679,0.08102836,0.064977944,0
2342,11643,2012-12-30 17:12:00,0,0.0010611493,0.8627108,0.6903809,1
1907,11538,2012-08-09 20:48:00,0,0.0027849637,0.9672569,0.77436256,1
1832,11518,2012-07-05 03:48:00,0,7.6740136e-05,0.8388479,0.67109364,1
2220,11618,2012-11-15 15:48:00,1,0.0011435907,0.63735116,0.51010966,1
2059,11579,2012-09-30 20:36:00,0,0.00027068838,0.085932784,0.06880037,0
2193,11614,2012-11-13 07:12:00,0,0.0004672804,0.9785606,0.782942,1
1806,11513,2012-07-01 06:48:00,1,0.00067502406,0.9326211,0.7462319,1
2169,11603,2012-10-31 02:48:00,0,2.2064856e-05,0.20781931,0.16625987,0
2117,11593,2012-10-19 22:12:00,0,0.0017024745,0.9874306,0.790285,1
2011,11566,2012-09-08 23:36:00,0,0.0039993245,0.58001024,0.46480805,0
1997,11561,2012-09-04 17:00:00,0,2.063133e-05,0.5160731,0.4128626,0
2144,11600,2012-10-28 03:00:00,0,3.9828465e-05,0.042336848,0.033877444,0
1999,11564,2012-09-04 07:36:00,1,0.00022716483,0.99836415,0.79873675,1
1999,11564,2012-09-09 08:36:00,1,0.00034784767,0.9992143,0.799441,1
2245,11623,2012-12-04 07:00:00,0,0.00021668263,0.8636357,0.69095194,1
1877,11527,2012-08-01 12:48:00,0,1.889186e-05,0.0057366453,0.004593095,0
2203,11616,2012-11-25 02:24:00,0,0.00010478881,0.14648502,0.11720897,0
2193,11614,2012-11-10 23:12:00,1,0.00095764705,0.9970061,0.7977964,1
1962,11554,2012-08-25 14:12:00,0,0.000262921,0.60856074,0.48690116,1
1832,11518,2012-07-03 08:48:00,0,0.0011838508,0.38896713,0.3114105,0
1879,11532,2012-07-29 05:36:00,1,1.0994335e-05,0.91008556,0.7280707,1
2130,11596,2012-10-17 01:24:00,1,0.0012368448,0.8627108,0.690416,1
2106,11588,2012-10-06 21:24:00,0,8.605181e-06,0.07632143,0.061058868,0
2011,11566,2012-09-02 18:36:00,0,0.0012748119,0.8627108,0.6904236,1
1999,11564,2012-09-09 08:48:00,1,7.063247e-05,0.9994567,0.7995795,1
2040,11575,2012-09-30 18:48:00,1,5.357796e-05,0.01969658,0.01576798,0
1879,11532,2012-07-30 04:12:00,1,0.000100010686,0.34762275,0.2781182,0
1999,11564,2012-09-05 19:24:00,0,0.0022695789,0.9991472,0.79977167,1
2007,11565,2012-09-03 22:24:00,0,0.00020639984,0.13091311,0.10477177,0
2158,11601,2012-10-28 12:36:00,0,3.3354652e-05,0.09052839,0.07242938,0
2191,11613,2012-11-18 17:48:00,0,0.0013746225,0.18061875,0.14476992,0
1879,11532,2012-07-23 01:24:00,0,4.302373e-05,0.8627108,0.6901772,1
1993,11560,2012-09-05 15:12:00,1,0.0009964505,0.9774214,0.78213644,1
1806,11513,2012-07-05 13:36:00,0,6.3342835e-05,0.31189135,0.24952574,0
2220,11618,2012-11-20 20:36:00,1,0.00061956316,0.30176693,0.24153747,0
2069,11582,2012-09-25 08:24:00,0,0.0010638072,0.8627108,0.6903814,1
1946,11548,2012-08-17 13:48:00,1,0.0011294376,0.8627108,0.6903945,1
1879,11532,2012-07-28 17:24:00,1,3.7440488e-05,0.8828534,0.70629025,1
1879,11532,2012-07-29 18:48:00,1,0.00011470706,0.28075898,0.22463013,0
2186,11611,2012-11-07 11:24:00,1,0.031124568,0.8627108,0.69639355,1
1806,11513,2012-07-03 11:48:00,1,0.0008789184,0.45224297,0.36197016,0
2191,11613,2012-11-13 20:48:00,1,0.0023027118,0.0029272733,0.002802361,0
1979,11558,2012-08-31 02:12:00,0,0.0005716199,0.07900147,0.0633155,0
1807,11515,2012-07-06 03:48:00,1,5.031535e-05,1.0,0.8000101,1
1879,11532,2012-07-25 22:00:00,0,0.0017886201,0.99242073,0.79429436,1
2191,11613,2012-11-16 14:48:00,0,0.0011294376,0.27370712,0.21919158,0
2171,11605,2012-11-06 10:48:00,0,3.560637e-06,0.14666125,0.11732972,0
2220,11618,2012-11-19 01:48:00,0,0.00031950927,0.7178057,0.57430845,1
1806,11513,2012-07-01 03:00:00,1,0.0029951532,0.9436649,0.75553095,1
1999,11564,2012-09-04 11:48:00,1,0.00026406583,0.996062,0.7969024,1
2037,11573,2012-09-20 21:24:00,0,0.00036508657,0.06563211,0.052578706,0
2040,11575,2012-09-30 22:24:00,1,9.59753e-05,0.07785896,0.062306367,0
1993,11560,2012-09-06 09:24:00,1,4.423886e-05,0.91872776,0.734991,1
1993,11560,2012-09-05 14:48:00,1,0.00050531735,0.9910149,0.792913,1
2239,11622,2012-11-24 00:48:00,0,1.8434275e-05,0.012189814,0.009755539,0
1931,11543,2012-08-06 05:24:00,0,0.0010638072,0.8627108,0.6903814,1
2137,11598,2012-10-20 11:00:00,1,0.0010149054,0.8627108,0.6903716,1
2137,11598,2012-10-20 01:36:00,1,0.0010764971,0.8627108,0.6903839,1
1806,11513,2012-07-03 23:00:00,1,5.0764873e-05,0.22748758,0.18200022,0
2114,11592,2012-10-18 02:24:00,0,3.7029975e-05,0.16043594,0.12835616,0
2227,11620,2012-11-27 01:00:00,1,0.0005206865,0.63286054,0.5063926,1
1806,11513,2012-07-04 07:12:00,1,0.0019773524,0.36152962,0.28961918,0
1930,11542,2012-08-06 01:48:00,1,0.0013763877,0.8627108,0.6904439,1
2040,11575,2012-10-01 02:36:00,0,0.000105841355,0.18016982,0.14415704,0
1931,11543,2012-08-09 11:00:00,0,8.7667955e-05,0.7227131,0.578188,1
2040,11575,2012-10-03 07:12:00,0,1.9588664e-05,0.8627108,0.69017255,1
1892,11533,2012-07-30 08:36:00,0,0.00022819883,0.81058925,0.6485171,1
2130,11596,2012-10-24 02:36:00,0,0.00054379116,0.8354972,0.66850656,1
1999,11564,2012-09-05 06:36:00,1,0.00035667978,0.99658763,0.79734147,1
2193,11614,2012-11-10 19:00:00,1,0.00024286279,0.9700494,0.7760881,1
1807,11515,2012-07-04 11:24:00,1,5.512285e-05,1.0,0.80001104,1
2220,11618,2012-11-20 16:00:00,1,0.0009112283,0.51169294,0.4095366,0
2262,11628,2012-12-07 22:12:00,0,0.0008019078,0.029238613,0.023551272,0
2137,11598,2012-10-20 20:00:00,1,0.0008325581,0.8627108,0.69033515,1
1999,11564,2012-09-04 13:12:00,1,0.00019154725,0.9949326,0.7959844,1
1999,11564,2012-09-09 20:24:00,1,0.00016102385,0.98033214,0.7842979,1
2109,11589,2012-10-11 14:36:00,1,0.0011294376,0.58987826,0.4721285,0
1807,11515,2012-07-03 21:48:00,1,6.7570654e-05,0.9999999,0.8000134,1
2306,11634,2012-12-14 12:12:00,0,0.010192887,0.8627108,0.6922072,1
1806,11513,2012-07-04 15:24:00,1,0.000113076516,0.18522252,0.14820065,0
1979,11558,2012-09-02 14:12:00,0,4.1854146e-05,0.13358513,0.10687648,0
1997,11561,2012-08-30 03:48:00,1,0.00087027746,0.03414131,0.027487103,0
1997,11561,2012-08-29 14:48:00,1,0.0011294376,0.012142983,0.009940274,0
1990,11562,2012-08-31 00:48:00,1,3.1683645e-05,0.009963334,0.007977004,0
1993,11560,2012-09-06 13:12:00,1,2.5969737e-05,0.72924393,0.58340037,1
2220,11618,2012-11-16 09:48:00,1,0.0011294376,0.028767284,0.023239715,0
2137,11598,2012-10-20 00:24:00,1,0.0010764971,0.8627108,0.6903839,1
2069,11582,2012-10-07 22:00:00,0,3.0288022e-05,0.02958263,0.023672162,0
2109,11589,2012-10-11 19:48:00,1,0.0021765449,0.61889666,0.49555266,1
1866,11524,2012-07-21 04:12:00,0,0.00043597017,0.14450984,0.11569507,0
1946,11548,2012-08-18 00:48:00,1,0.04353926,0.95785993,0.77499586,1
1879,11532,2012-07-31 17:12:00,0,3.8960563e-05,0.09395279,0.075170025,0
1807,11515,2012-07-05 01:36:00,1,0.0005452995,0.99999976,0.8001089,1
1866,11524,2012-07-24 04:00:00,0,0.00030923096,0.017406898,0.013987364,0
2044,11576,2012-09-28 18:36:00,0,0.00018013273,0.19770543,0.15820038,0
1946,11548,2012-08-17 06:00:00,1,0.0009258717,0.8627108,0.6903538,1
1990,11562,2012-08-30 19:36:00,1,0.00047012838,0.012259213,0.009901396,0
1903,11535,2012-08-08 00:36:00,0,0.0007899161,0.86156553,0.68941045,1
2109,11589,2012-10-11 21:24:00,1,0.0029660126,0.88310295,0.70707554,1
2191,11613,2012-11-14 01:24:00,1,0.00037540245,0.0069676056,0.005649165,0
2021,11567,2012-09-11 05:00:00,0,5.0840743e-05,0.03380851,0.027056977,0
1807,11515,2012-07-06 10:36:00,1,0.00022532546,1.0,0.8000451,1
1993,11560,2012-09-05 15:00:00,1,0.0009436893,0.98116577,0.7851213,1
2191,11613,2012-11-17 21:48:00,0,0.0023431736,0.26923624,0.21585764,0
1997,11561,2012-08-30 02:12:00,1,0.012708995,0.03200942,0.028149335,0
1997,11561,2012-08-29 15:24:00,1,0.0011435907,0.012129765,0.00993253,0
2220,11618,2012-11-20 23:12:00,1,0.00017780124,0.1815185,0.14525035,0
2158,11601,2012-10-26 12:00:00,0,5.3924417e-05,0.13168062,0.105355285,0
1999,11564,2012-09-01 12:00:00,0,0.00044387506,0.99989843,0.8000075,1
1943,11547,2012-08-20 08:48:00,0,0.0011895003,0.041978925,0.033821043,0
2176,11606,2012-11-11 08:36:00,0,4.812278e-06,0.06325397,0.05060414,0
1930,11542,2012-08-06 03:24:00,1,0.0013420978,0.8627108,0.690437,1
2166,11602,2012-11-06 22:00:00,0,0.00015731921,0.15612337,0.12493016,0
1879,11532,2012-07-30 02:00:00,1,6.68104e-06,0.5089042,0.40712473,0
1807,11515,2012-07-09 02:48:00,1,0.00041067897,0.99996185,0.8000516,1
2112,11590,2012-10-20 21:24:00,0,0.00042898653,0.2631377,0.21059597,0
2040,11575,2012-09-30 00:48:00,1,0.0005898575,0.32691717,0.2616517,0
1993,11560,2012-09-05 19:36:00,1,0.00309617,0.9722226,0.7783973,1
2227,11620,2012-11-22 13:24:00,0,0.00010121281,0.50310785,0.40250653,0
1993,11560,2012-09-01 23:00:00,0,0.00012955422,0.9565355,0.7652544,1
2143,11599,2012-10-26 13:48:00,0,0.00041522493,0.9997398,0.7998749,1
2322,11636,2012-12-28 20:48:00,0,3.886675e-05,0.053829774,0.043071594,0
1806,11513,2012-07-01 14:24:00,1,0.0010427028,0.7836786,0.6271514,1
1807,11515,2012-07-07 23:24:00,1,2.4763585e-05,1.0,0.80000496,1
1879,11532,2012-07-30 09:36:00,1,0.0006416157,0.09031523,0.072380506,0
1807,11515,2012-07-01 09:12:00,1,0.0003266624,1.0,0.80006534,1
1907,11538,2012-08-01 22:36:00,0,0.0018328461,0.7382234,0.5909453,1
1999,11564,2012-09-08 00:12:00,1,0.00023730018,0.999998,0.80004585,1
2220,11618,2012-11-20 23:00:00,1,0.00020134023,0.16639303,0.13315469,0
1970,11555,2012-08-26 10:48:00,0,0.00011020878,0.3981176,0.31851614,0
2291,11631,2012-12-12 03:12:00,0,0.00018728868,0.12387289,0.09913577,0
1951,11552,2012-08-25 23:00:00,0,0.00023332042,0.3457286,0.27662957,0
1879,11532,2012-07-23 20:24:00,0,0.0002246418,0.8627108,0.69021356,1
2137,11598,2012-10-21 12:12:00,1,0.0023232696,0.99997556,0.80044514,1
2227,11620,2012-11-28 13:24:00,1,0.0008900393,0.7304594,0.5845455,1
1807,11515,2012-07-07 12:24:00,1,0.00028748956,1.0,0.80005753,1
1946,11548,2012-08-17 14:12:00,1,0.0011294376,0.8627108,0.6903945,1
2109,11589,2012-10-11 10:36:00,1,5.4008404e-05,0.8940517,0.71525216,1
1807,11515,2012-07-05 05:00:00,1,0.00040080075,0.99999964,0.8000799,1
2178,11607,2012-11-08 00:48:00,0,0.00022433935,0.7050397,0.56407666,1
2059,11579,2012-10-06 12:36:00,0,2.4491455e-05,0.3893038,0.31144795,0
1999,11564,2012-09-07 20:36:00,1,0.00011880553,0.9999958,0.80002046,1
1993,11560,2012-09-06 06:00:00,1,0.00016380641,0.4532028,0.36259502,0
1866,11524,2012-07-16 04:36:00,0,0.0028885233,0.3024993,0.24257714,0
1807,11515,2012-07-03 11:36:00,1,1.7109433e-05,0.9999329,0.7999497,1
2137,11598,2012-10-23 02:24:00,1,0.0005718956,0.10778102,0.0863392,0
2291,11631,2012-12-18 01:48:00,0,9.148859e-05,0.9992132,0.7993889,1
2220,11618,2012-11-20 17:24:00,1,0.00056905707,0.18819481,0.15066966,0
2220,11618,2012-11-26 16:00:00,1,0.00025435397,3.2613072e-05,7.696125e-05,0
2121,11591,2012-10-21 15:24:00,0,0.0012535547,0.2913619,0.23334023,0
1806,11513,2012-07-03 17:48:00,1,5.7032597e-05,0.42933375,0.3434784,0
1999,11564,2012-09-04 07:48:00,1,0.00022693949,0.9985619,0.7988949,1
1806,11513,2012-07-02 18:24:00,1,4.691716e-05,0.72227067,0.5778259,1
1807,11515,2012-07-05 12:00:00,1,0.00018455688,1.0,0.8000369,1
1951,11552,2012-08-31 14:12:00,0,3.1118375e-06,0.4181,0.33448064,0
1806,11513,2012-07-02 20:12:00,1,0.00011810026,0.31721762,0.25379774,0
1807,11515,2012-07-08 16:00:00,1,5.234593e-05,1.0,0.8000105,1
2130,11596,2012-10-17 04:36:00,1,0.0012370334,0.8627108,0.69041604,1
1946,11548,2012-08-17 10:12:00,1,0.0010149054,0.8627108,0.6903716,1
1807,11515,2012-07-08 05:24:00,1,5.956701e-06,1.0,0.8000012,1
2040,11575,2012-09-30 05:00:00,1,0.003337102,0.11546838,0.09304213,0
1930,11542,2012-08-08 20:00:00,1,0.00020282445,0.9500613,0.76008964,1
2113,11595,2012-10-09 19:36:00,0,0.0022031676,0.022145247,0.01815683,0
1993,11560,2012-09-05 04:12:00,1,0.0003159645,0.9971974,0.7978211,1
1866,11524,2012-07-25 20:00:00,0,5.861334e-05,0.018431623,0.01475702,0
2227,11620,2012-11-27 05:12:00,1,0.0007726851,0.39313483,0.3146624,0
1807,11515,2012-07-05 13:48:00,1,0.00025681,1.0,0.8000514,1
1999,11564,2012-09-09 10:00:00,1,3.097892e-05,0.9973617,0.7978956,1
1962,11554,2012-08-31 12:00:00,0,0.000105791114,0.9990138,0.7992322,1
2137,11598,2012-10-21 15:48:00,1,0.0025426198,0.75824237,0.60710245,1
1930,11542,2012-08-09 14:48:00,0,4.454285e-05,0.89572835,0.7165916,1
1993,11560,2012-09-06 20:12:00,0,2.1312631e-05,0.60486966,0.4839,1
1999,11564,2012-09-04 15:00:00,1,0.0001723379,0.99770516,0.7981986,1
1807,11515,2012-07-08 17:12:00,1,0.00021784414,1.0,0.8000436,1
1806,11513,2012-07-03 02:24:00,1,5.897514e-05,0.8320315,0.665637,1
2259,11626,2012-12-04 10:24:00,0,0.00017617407,0.02802275,0.022453435,0
2220,11618,2012-11-22 14:24:00,0,0.00079711154,0.49492964,0.39610314,0
1997,11561,2012-08-29 21:00:00,1,0.0029660126,0.03919121,0.03194617,0
1962,11554,2012-08-27 13:48:00,0,0.0008156217,0.8453697,0.6764589,1
1879,11532,2012-07-28 15:00:00,1,0.00018317331,0.8870967,0.70971406,1
1990,11562,2012-08-31 02:36:00,1,0.00024892925,0.01484126,0.011922794,0
2130,11596,2012-10-17 21:36:00,0,0.0039207633,0.99769694,0.79894173,1
1807,11515,2012-07-06 12:24:00,1,0.00010853822,1.0,0.8000217,1
2220,11618,2012-11-27 01:00:00,1,5.101811e-05,3.2163553e-05,3.5934463e-05,0
1879,11532,2012-07-28 00:24:00,1,9.6396114e-05,0.7635975,0.61089724,1
1993,11560,2012-09-02 17:12:00,0,0.0001033017,0.45806307,0.3664711,0
2109,11589,2012-10-15 09:36:00,0,0.0011294376,0.9961737,0.79716486,1
2191,11613,2012-11-13 17:12:00,1,0.0030817022,0.005671551,0.0051535815,0
2245,11623,2012-12-03 10:24:00,0,0.0004783319,0.9534108,0.7628243,1
2123,11594,2012-10-25 21:36:00,0,1.1872438e-05,0.82631224,0.66105217,1
1998,11557,2012-08-31 11:00:00,0,1.1812493e-05,0.05549179,0.044395793,0
2059,11579,2012-10-06 09:12:00,0,2.0796491e-05,0.12935622,0.10348914,0
2220,11618,2012-11-20 12:00:00,1,0.00012373604,0.29225808,0.23383123,0
2260,11627,2012-12-05 09:48:00,0,4.1085814e-06,0.13490207,0.10792248,0
1863,11523,2012-07-14 03:24:00,0,0.003580112,0.72840774,0.5834422,1
2220,11618,2012-11-27 05:00:00,1,6.591803e-06,9.368995e-05,7.627032e-05,0
2227,11620,2012-11-28 05:12:00,1,0.0016131059,0.41745186,0.3342841,0
1879,11532,2012-07-28 02:00:00,1,0.00012701505,0.88590246,0.7087474,1
1951,11552,2012-08-24 08:12:00,0,3.726925e-05,0.36145946,0.28917503,0
2137,11598,2012-10-31 07:36:00,0,6.776282e-05,0.9899138,0.7919446,1
1807,11515,2012-07-05 01:24:00,1,0.00037646433,0.99999976,0.8000751,1
2186,11611,2012-11-07 16:12:00,1,0.0027841388,0.9326541,0.7466801,1
1942,11546,2012-08-20 15:24:00,0,0.001344996,0.41903278,0.33549523,0
1946,11548,2012-08-29 13:00:00,0,2.9506597e-05,0.046314072,0.037057158,0
2329,11639,2012-12-26 07:48:00,0,0.0011838508,0.2766129,0.2215271,0
2240,11621,2012-12-06 01:24:00,0,1.710118e-05,0.01244952,0.009963036,0
2220,11618,2012-11-16 03:12:00,1,0.0013420978,0.050850283,0.040948644,0
1931,11543,2012-08-18 21:48:00,0,0.00016340174,0.8968394,0.7175042,1
1999,11564,2012-09-04 23:24:00,1,0.00012794389,0.9992298,0.7994094,1
1879,11532,2012-07-30 13:36:00,1,0.00020685022,0.1917777,0.15346353,0
2203,11616,2012-11-17 08:48:00,0,0.00039474887,0.13893974,0.11123074,0
2260,11627,2012-12-07 01:48:00,0,9.4918705e-06,0.20784093,0.16627464,0
2220,11618,2012-11-16 04:00:00,1,0.0012370334,0.039581835,0.03191288,0
2203,11616,2012-11-16 22:00:00,0,0.0029660126,0.09497617,0.07657414,0
1807,11515,2012-07-01 17:36:00,1,0.0006593877,1.0,0.8001319,1
2262,11628,2012-12-05 07:12:00,0,0.00021262099,0.26348558,0.210831,0
1806,11513,2012-07-07 20:24:00,1,0.00021605012,0.034671508,0.027780415,0
1999,11564,2012-09-05 03:36:00,1,0.00019620098,0.9894797,0.791623,1
1879,11532,2012-07-27 14:48:00,1,9.7516386e-05,0.6678295,0.5342831,1
1877,11527,2012-07-25 05:36:00,0,0.0005481382,0.2771193,0.22180508,0
2121,11591,2012-10-18 13:36:00,0,0.000253635,0.04724056,0.037843175,0
2270,11630,2012-12-08 23:12:00,0,0.00021871222,0.39246795,0.3140181,0
2191,11613,2012-11-22 02:24:00,0,0.00045102442,0.09846259,0.078860275,0
2107,11586,2012-10-16 07:12:00,0,0.0011838508,0.081042506,0.06507078,0
1807,11515,2012-07-07 16:36:00,1,0.00020065221,1.0,0.8000401,1
2177,11608,2012-11-12 03:24:00,0,0.00010271489,0.44173068,0.3534051,0
1949,11550,2012-08-20 00:24:00,0,0.00019128661,0.20746957,0.16601391,0
2193,11614,2012-11-10 18:36:00,1,0.0011675279,0.98639214,0.78934723,1
1999,11564,2012-09-04 14:48:00,1,0.00024155618,0.99838114,0.79875326,1
2227,11620,2012-11-29 16:48:00,0,0.00065898185,0.59118414,0.47307912,0
2186,11611,2012-11-07 21:00:00,1,0.00043514557,0.99540484,0.7964109,1
1807,11515,2012-07-01 06:00:00,1,7.166619e-05,0.9999999,0.8000142,1
2121,11591,2012-10-19 09:24:00,0,0.0006663653,0.059392553,0.047647316,0
1999,11564,2012-09-04 09:36:00,1,0.00017656221,0.9975637,0.7980863,1
2131,11597,2012-10-19 19:12:00,0,0.00014846738,0.9554062,0.76435465,1
2220,11618,2012-11-16 09:00:00,1,0.0011294376,0.044220775,0.035602506,0
1879,11532,2012-07-29 18:12:00,1,0.00019067405,0.32871395,0.2630093,0
2109,11589,2012-10-12 02:48:00,1,0.0013763877,0.98712164,0.7899726,1
2114,11592,2012-10-16 03:00:00,0,0.0012060272,0.15447666,0.12382253,0
2130,11596,2012-10-17 07:36:00,1,0.0011838508,0.8627108,0.69040537,1
1990,11562,2012-08-31 06:12:00,1,4.636568e-05,0.011305714,0.009053845,0
1807,11515,2012-07-03 15:00:00,1,1.1617143e-05,0.99990284,0.7999246,1
2047,11578,2012-09-25 12:48:00,0,0.0043318393,0.31558222,0.25333214,0
2227,11620,2012-11-26 23:12:00,1,0.0010925542,0.9978635,0.7985093,1
2044,11576,2012-09-22 17:12:00,0,0.0003706342,0.7547123,0.603844,1
2262,11628,2012-12-04 16:36:00,0,0.009523705,0.76621294,0.6148751,1
2186,11611,2012-11-07 13:00:00,1,0.036503762,0.8538317,0.6903661,1
2186,11611,2012-11-08 00:12:00,1,0.0006106197,0.9999087,0.80004907,1
1807,11515,2012-07-07 09:24:00,1,8.0432874e-05,1.0,0.8000161,1
1863,11523,2012-07-16 07:36:00,0,0.003122875,0.9269922,0.7422184,1
2061,11580,2012-10-05 02:24:00,0,0.0002532602,0.3256657,0.26058325,0
2220,11618,2012-11-26 22:00:00,1,4.1036506e-05,3.0326866e-05,3.2468794e-05,0
2342,11643,2012-12-31 13:12:00,0,2.3415267e-05,0.99636865,0.79709965,1
2227,11620,2012-11-28 16:36:00,1,0.0008794516,0.9857992,0.78881526,1
1931,11543,2012-08-12 17:36:00,0,0.00031310887,0.9127798,0.7302865,1
2040,11575,2012-09-22 00:12:00,0,0.00023560373,0.015447394,0.012405037,0
2203,11616,2012-11-20 05:48:00,0,0.0001888938,0.871408,0.6971642,1
1807,11515,2012-07-01 01:12:00,1,0.00012861873,0.99999976,0.8000256,1
2227,11620,2012-11-27 21:24:00,1,0.0010590819,0.98010224,0.78429365,1
1879,11532,2012-07-27 12:24:00,1,0.0001921555,0.4315315,0.34526363,0
2137,11598,2012-10-20 22:24:00,1,2.6874e-05,0.5767316,0.46139067,0
1907,11538,2012-08-09 23:00:00,0,0.0014210484,0.9058294,0.72494775,1
2017,11568,2012-09-07 22:36:00,0,1.8678608e-06,0.45904478,0.36723623,0
1873,11526,2012-07-24 16:24:00,0,6.9177426e-05,0.3307319,0.26459935,0
2061,11580,2012-09-28 07:12:00,0,0.00035093623,0.48971865,0.3918451,0
1962,11554,2012-08-29 20:00:00,1,0.0103651425,0.91733706,0.7359427,1
1879,11532,2012-07-29 04:48:00,1,0.00023167934,0.7654328,0.61239254,1
1807,11515,2012-07-02 20:24:00,1,6.358528e-05,1.0,0.8000127,1
1879,11532,2012-07-27 04:00:00,1,9.2107824e-05,0.87558144,0.70048356,1
2306,11634,2012-12-20 03:12:00,0,0.0018800856,0.4912221,0.3933537,0
2106,11588,2012-10-06 22:48:00,0,2.915842e-06,0.08594597,0.06875736,0
1877,11527,2012-07-23 08:12:00,0,0.00019861267,0.6862508,0.5490404,1
1807,11515,2012-07-04 17:48:00,1,0.00042549134,0.9999763,0.8000662,1
2121,11591,2012-10-17 11:36:00,0,0.00015655991,0.11794602,0.094388135,0
2177,11608,2012-11-10 11:48:00,0,3.060374e-05,0.29189095,0.23351888,0
1807,11515,2012-07-07 09:36:00,1,7.158293e-05,1.0,0.8000143,1
1993,11560,2012-08-29 17:12:00,0,0.001089674,0.040196706,0.0323753,0
2220,11618,2012-11-16 11:24:00,1,0.0011294376,0.010038807,0.008256934,0
1946,11548,2012-08-17 08:48:00,1,0.0010638072,0.8627108,0.6903814,1
1993,11560,2012-09-05 18:12:00,1,0.0024006984,0.964464,0.77205133,1
2262,11628,2012-12-17 12:24:00,0,1.8405133e-05,0.8181597,0.6545315,1
1907,11538,2012-08-07 09:12:00,0,9.4879695e-05,0.77881974,0.62307477,1
1807,11515,2012-07-03 07:48:00,1,5.1495466e-05,0.9999987,0.80000925,1
2191,11613,2012-11-15 17:24:00,0,0.0019489968,0.09176894,0.07380495,0
1930,11542,2012-08-08 13:24:00,1,0.00038307993,0.9529344,0.7624241,1
2109,11589,2012-10-12 00:00:00,1,0.0013763877,0.94781464,0.758527,1
1807,11515,2012-07-01 02:24:00,1,0.00038284846,0.9999999,0.8000765,1
2191,11613,2012-11-12 21:12:00,1,0.0071229795,0.013889161,0.012535925,0
2137,11598,2012-10-20 18:48:00,1,0.00034975188,0.8627108,0.6902386,1
1993,11560,2012-09-05 10:48:00,1,0.0033481775,0.99579704,0.7973073,1
2130,11596,2012-10-17 07:24:00,1,0.0011838508,0.8627108,0.69040537,1
1807,11515,2012-07-08 22:12:00,1,6.727445e-05,1.0,0.8000135,1
1962,11554,2012-08-24 00:36:00,0,0.00043165102,0.6524113,0.52201533,1
1807,11515,2012-07-08 18:12:00,1,0.00021071502,1.0,0.80004215,1
2113,11595,2012-10-10 12:00:00,0,0.0011294376,0.017143125,0.013940387,0
2011,11566,2012-09-07 00:36:00,0,0.00096688926,0.5187598,0.41520122,0
2220,11618,2012-11-20 18:12:00,1,0.0004828339,0.27187318,0.2175951,0
2220,11618,2012-11-21 12:48:00,1,0.00022963609,0.010327216,0.0083077,0
2220,11618,2012-11-24 17:24:00,0,0.00093238684,0.011725245,0.009566674,0
1807,11515,2012-07-04 18:48:00,1,0.0005469674,0.99997425,0.80008876,1
1807,11515,2012-07-02 12:48:00,1,0.0013057286,0.9999963,0.80025816,1
1997,11561,2012-08-30 08:48:00,1,0.0011408699,0.20674208,0.16562183,0
2220,11618,2012-11-27 04:36:00,1,4.3719097e-06,7.542918e-05,6.121773e-05,0
1873,11526,2012-07-22 06:00:00,0,6.9643735e-05,0.9890063,0.791219,1
1879,11532,2012-07-29 00:12:00,1,0.00027537442,0.968416,0.77478784,1
2173,11604,2012-11-11 04:12:00,0,9.144923e-06,0.009912336,0.007931698,0
1806,11513,2012-07-01 21:24:00,1,0.000851473,0.5462464,0.43716744,0
1886,11531,2012-07-27 17:00:00,0,2.6354624e-05,0.15343176,0.12275068,0
2220,11618,2012-11-15 19:12:00,1,0.0021765449,0.43951723,0.3520491,0
2186,11611,2012-11-07 12:48:00,1,0.023669189,0.860533,0.6931603,1
1879,11532,2012-07-27 02:48:00,1,0.00016454027,0.89417815,0.7153754,1
1999,11564,2012-09-07 20:12:00,1,9.718222e-06,0.99996686,0.79997545,1
1999,11564,2012-08-31 12:00:00,0,7.5136595e-06,0.9939452,0.7951577,1
1903,11535,2012-08-10 10:24:00,0,1.1296089e-05,0.4184429,0.33475658,0
2007,11565,2012-09-02 06:48:00,0,0.0011838508,0.012926568,0.010578025,0
1807,11515,2012-07-04 10:00:00,1,0.00014618575,0.9999999,0.80002916,1
1993,11560,2012-09-05 07:00:00,1,0.0046119224,0.9975803,0.7989866,1
2177,11608,2012-11-06 17:36:00,0,0.003370996,0.11143323,0.08982078,0
1807,11515,2012-07-04 21:24:00,1,0.00065412535,0.9999896,0.80012256,1
2177,11608,2012-11-12 11:48:00,0,8.615883e-05,0.37997955,0.30400088,0
1930,11542,2012-08-14 10:00:00,0,0.000518577,0.89991874,0.7200387,1
1844,11522,2012-07-06 21:12:00,0,0.00067057286,0.025888214,0.020844685,0
1873,11526,2012-07-23 18:12:00,0,0.0002412089,0.8299563,0.66401327,1
1806,11513,2012-07-07 10:36:00,1,0.0001023261,0.059351575,0.047501728,0
1990,11562,2012-09-05 18:12:00,0,0.0011485805,0.03675481,0.029633565,0
2186,11611,2012-11-07 06:48:00,1,0.0011838508,0.8627108,0.69040537,1
2191,11613,2012-11-13 05:24:00,1,0.00026479116,0.0057576965,0.0046591153,0
2291,11631,2012-12-11 10:00:00,0,0.0011294376,0.09752877,0.0782489,0
2314,11635,2012-12-30 03:00:00,0,6.428515e-06,0.01701607,0.013614142,0
2227,11620,2012-11-28 05:00:00,1,0.0020682465,0.23212352,0.18611248,0
2130,11596,2012-10-21 20:12:00,0,2.5658352e-05,0.9990927,0.7992793,1
1807,11515,2012-07-03 14:24:00,1,1.0516877e-05,0.99996245,0.79997206,1
2270,11630,2012-12-08 09:24:00,0,0.00018697696,0.25579855,0.20467624,0
1879,11532,2012-07-27 06:00:00,1,0.00020662135,0.78975075,0.6318419,1
1807,11515,2012-07-05 16:36:00,1,2.952706e-05,1.0,0.8000059,1
1948,11549,2012-08-17 16:36:00,0,0.00089437654,0.0633672,0.050872635,0
2193,11614,2012-11-11 00:00:00,1,0.0026214658,0.99978644,0.80035347,1
2220,11618,2012-11-27 14:12:00,1,1.8007167e-05,0.00096638454,0.00077670906,0
1907,11538,2012-07-30 05:48:00,0,0.0010638072,0.8627108,0.6903814,1
2220,11618,2012-11-21 00:00:00,1,8.987144e-05,0.08256984,0.06607384,0
2227,11620,2012-11-27 13:00:00,1,0.00012655348,0.74303764,0.5944555,1
2037,11573,2012-09-14 23:24:00,0,0.0029660126,0.8627108,0.6907618,1
2191,11613,2012-11-12 02:36:00,1,0.0065843924,0.012578895,0.011379994,0
2259,11626,2012-12-05 13:48:00,0,4.988857e-06,0.0830142,0.06641236,0
1931,11543,2012-08-11 16:00:00,0,0.00011109595,0.8481859,0.678571,1
2137,11598,2012-10-20 12:12:00,1,0.0011294376,0.8627108,0.6903945,1
1930,11542,2012-08-07 16:48:00,0,0.0003350702,0.9923144,0.79391855,1
2021,11567,2012-09-08 17:36:00,0,0.000283288,0.612207,0.48982227,1
1908,11537,2012-08-08 14:24:00,0,0.0011821662,0.085750826,0.0688371,0
2171,11605,2012-11-03 06:00:00,0,0.00029438233,0.02195845,0.017625637,0
1999,11564,2012-09-09 16:24:00,1,9.008484e-05,0.9616972,0.7693758,1
2227,11620,2012-11-27 01:24:00,1,0.00023589908,0.5454965,0.4364444,0
1962,11554,2012-08-29 15:36:00,1,0.0009228526,0.8603166,0.6884379,1
2227,11620,2012-11-28 20:36:00,1,0.0016321345,0.47105384,0.3771695,0
2061,11580,2012-09-24 08:00:00,0,0.0011838508,0.8627108,0.69040537,1
1807,11515,2012-07-09 04:12:00,1,0.0003390675,1.0,0.80006784,1
2193,11614,2012-11-10 16:24:00,1,0.0011435907,0.86228174,0.6900541,1
2186,11611,2012-11-09 08:12:00,0,0.00012707175,0.9945722,0.7956832,1
2113,11595,2012-10-11 15:00:00,0,0.0011435907,0.005697957,0.0047870832,0
2144,11600,2012-10-30 08:48:00,0,6.1640003e-06,0.016766164,0.013414165,0
2181,11610,2012-11-08 01:36:00,0,2.7065715e-05,0.024835786,0.019874042,0
2137,11598,2012-10-20 02:36:00,1,0.0010764971,0.8627108,0.6903839,1
2173,11604,2012-11-11 10:48:00,0,1.2074589e-06,0.006557011,0.0052458504,0
1832,11518,2012-07-09 17:24:00,0,6.957603e-06,0.540061,0.4320502,0
2026,11569,2012-09-20 23:00:00,0,0.021224765,0.29473042,0.24002929,0
1939,11545,2012-08-11 05:48:00,0,0.000118976954,0.05646184,0.04519327,0
1879,11532,2012-07-30 03:12:00,1,1.36908175e-05,0.37101704,0.29681638,0
1807,11515,2012-07-05 18:36:00,1,1.9529125e-05,1.0,0.80000395,1
1999,11564,2012-09-08 11:36:00,1,0.00032566208,0.9997904,0.79989743,1
1879,11532,2012-07-29 23:24:00,1,1.534038e-05,0.57689285,0.46151736,0
1879,11532,2012-07-27 10:00:00,1,0.00019241987,0.32943407,0.26358575,0
1879,11532,2012-07-30 01:00:00,1,1.3103706e-05,0.49880174,0.399044,0
1879,11532,2012-07-29 04:24:00,1,0.00010490658,0.8515396,0.68125266,1
1807,11515,2012-07-04 08:48:00,1,0.0001137083,0.99999976,0.8000226,1
2181,11610,2012-11-17 21:48:00,0,1.018577e-05,0.15516157,0.12413129,0
1806,11513,2012-07-03 02:36:00,1,5.3383043e-05,0.7751951,0.6201668,1
1806,11513,2012-07-07 11:36:00,1,9.820358e-05,0.0655893,0.05249108,0
2144,11600,2012-10-27 03:48:00,0,3.357908e-05,0.22390285,0.179129,0
2191,11613,2012-11-13 11:24:00,1,0.00067423383,0.009356717,0.00762022,0
1990,11562,2012-09-08 23:48:00,0,0.00015393081,0.5109735,0.4088096,0
1807,11515,2012-07-06 14:12:00,1,0.00018834903,1.0,0.8000377,1
2123,11594,2012-10-17 19:48:00,0,8.5488966e-05,0.9959986,0.796816,1
2260,11627,2012-12-07 03:48:00,0,4.181664e-06,0.10757016,0.08605696,0
1806,11513,2012-07-07 00:36:00,1,6.836515e-05,0.019502295,0.015615509,0
2186,11611,2012-11-08 11:24:00,0,0.0013482986,0.9960271,0.79709136,1
1946,11548,2012-08-18 13:12:00,1,0.012809577,0.9976913,0.80071497,1
2137,11598,2012-10-20 23:36:00,1,8.794586e-05,0.17585503,0.1407016,0
2130,11596,2012-10-17 02:24:00,1,0.0012368448,0.8627108,0.690416,1
1946,11548,2012-08-18 22:24:00,1,0.00015104885,0.83948237,0.67161614,1
2220,11618,2012-11-21 04:36:00,1,0.00032529625,0.086029604,0.068888746,0
1806,11513,2012-07-03 12:36:00,1,0.00075563707,0.46322924,0.3707345,0
1807,11515,2012-07-06 16:00:00,1,9.0096255e-05,1.0,0.800018,1
1807,11515,2012-07-07 16:12:00,1,0.00024049608,1.0,0.8000481,1
2220,11618,2012-11-16 06:36:00,1,0.0011838508,0.053198833,0.04279584,0
1806,11513,2012-07-02 15:12:00,1,7.1793416e-05,0.5881648,0.47054622,0
1990,11562,2012-08-30 22:12:00,1,3.1279073e-05,0.011113463,0.008897026,0
2245,11623,2012-11-27 10:00:00,0,0.0025161242,0.89246815,0.7144778,1
1879,11532,2012-07-28 09:12:00,1,3.487843e-05,0.6293882,0.50351757,1
1930,11542,2012-08-09 10:00:00,1,0.00015058852,0.99498075,0.7960147,1
1879,11532,2012-07-28 21:48:00,1,6.7300054e-05,0.8965481,0.71725196,1
1998,11557,2012-09-03 02:00:00,0,8.3381856e-05,0.17709698,0.14169426,0
2227,11620,2012-11-28 16:24:00,1,0.0004933759,0.99694496,0.7976546,1
1807,11515,2012-07-04 20:48:00,1,0.00049053814,0.9999932,0.8000927,1
1806,11513,2012-07-01 02:48:00,1,0.0035038064,0.9225619,0.7387503,1
2245,11623,2012-12-06 06:00:00,0,0.0006937922,0.8688151,0.69519085,1
2037,11573,2012-09-18 17:24:00,0,0.00044240628,0.0043660807,0.0035813458,0
1807,11515,2012-07-05 16:24:00,1,2.6764073e-05,1.0,0.8000054,1
1879,11532,2012-07-28 18:00:00,1,2.8872808e-05,0.46613437,0.37291327,0
1997,11561,2012-08-29 17:00:00,1,0.0011808937,0.019499104,0.015835462,0
1806,11513,2012-07-03 08:36:00,1,0.000118808704,0.32248414,0.25801107,0
1993,11560,2012-09-05 16:12:00,1,0.0035933978,0.948645,0.7596347,1
2193,11614,2012-11-17 01:12:00,0,0.0014690008,0.69327146,0.55491096,1
2137,11598,2012-10-21 00:00:00,1,8.5433385e-05,0.12707908,0.10168035,0
2130,11596,2012-10-17 01:48:00,1,0.0012368448,0.8627108,0.690416,1
2158,11601,2012-10-31 09:00:00,0,5.130592e-05,0.14199784,0.11360854,0
2191,11613,2012-11-12 06:48:00,1,0.0015088043,0.04476486,0.03611365,0
1930,11542,2012-08-16 22:00:00,0,2.7408105e-05,0.04087228,0.032703303,0
1970,11555,2012-09-04 05:36:00,0,4.890878e-05,0.8419581,0.6735763,1
1879,11532,2012-07-26 21:48:00,1,0.00011182282,0.9708402,0.77669454,1
1931,11543,2012-08-16 01:00:00,0,6.353098e-05,0.996988,0.79760313,1
2130,11596,2012-10-29 04:36:00,0,0.002637839,0.7375082,0.5905341,1
1930,11542,2012-08-09 08:48:00,1,0.00013591743,0.9250747,0.740087,1
2220,11618,2012-11-15 23:12:00,1,0.0029660126,0.10555374,0.085036196,0
1993,11560,2012-09-06 04:36:00,1,0.00022595472,0.61240757,0.48997125,1
2193,11614,2012-11-10 11:00:00,1,0.0011294376,0.8627108,0.6903945,1
1946,11548,2012-08-27 19:24:00,0,0.00027153594,0.1354706,0.10843079,0
2166,11602,2012-11-06 17:00:00,0,0.0007443261,0.08409747,0.06742684,0
2137,11598,2012-10-21 05:00:00,1,9.320689e-05,0.7703878,0.61632895,1
1993,11560,2012-08-31 00:00:00,0,0.00014550431,0.73207414,0.5856884,1
2137,11598,2012-10-21 11:48:00,1,0.0003163039,0.9814249,0.7852032,1
2047,11578,2012-09-27 15:48:00,0,6.9512434e-06,0.09391878,0.075136416,0
1806,11513,2012-07-04 01:00:00,1,2.9723327e-05,0.28954047,0.23163833,0
1807,11515,2012-07-04 14:36:00,1,0.0002406688,0.99999046,0.80004054,1
1978,11556,2012-08-28 07:36:00,0,7.223516e-06,0.9498594,0.75988895,1
1930,11542,2012-08-16 20:12:00,0,4.6101445e-06,0.017564727,0.014052704,0
1807,11515,2012-07-02 05:00:00,1,0.00017023577,1.0,0.80003405,1
1807,11515,2012-07-01 22:36:00,1,0.0010655584,1.0,0.8002131,1
1999,11564,2012-09-11 12:24:00,0,2.7287308e-06,0.7757566,0.6206058,1
2109,11589,2012-10-09 10:12:00,0,0.00037647993,0.99948525,0.7996635,1
2260,11627,2012-12-06 07:36:00,0,2.034501e-06,0.18681364,0.14945132,0
2144,11600,2012-10-25 13:24:00,0,3.097384e-05,0.122433476,0.09795298,0
1877,11527,2012-07-29 09:00:00,0,0.00024082627,0.037231762,0.029833576,0
2109,11589,2012-10-11 17:48:00,1,0.0011808937,0.5430913,0.43470922,0
1807,11515,2012-07-04 07:12:00,1,0.00010972967,1.0,0.80002195,1
2306,11634,2012-12-26 22:36:00,0,3.066367e-06,0.19444925,0.15556002,0
1908,11537,2012-07-31 11:00:00,0,0.004534857,0.9919831,0.79449344,1
2059,11579,2012-09-29 13:00:00,0,0.00010361977,0.17919073,0.14337331,0
1979,11558,2012-08-27 05:12:00,0,1.8101278e-05,0.9804293,0.78434706,1
1930,11542,2012-08-08 18:00:00,1,0.00070377556,0.92826116,0.7427497,1
1807,11515,2012-07-03 01:24:00,1,2.122104e-05,1.0,0.80000424,1
1806,11513,2012-07-02 20:48:00,1,0.00011879556,0.3091757,0.24736431,0
2130,11596,2012-10-17 06:12:00,1,0.0011838508,0.8627108,0.69040537,1
1962,11554,2012-08-30 08:36:00,1,0.00033911358,0.9983165,0.7987211,1
2227,11620,2012-11-28 04:36:00,1,0.0012119885,0.31381541,0.25129476,0
1962,11554,2012-08-29 11:48:00,1,0.00082095823,0.7503808,0.6004689,1
2191,11613,2012-11-12 23:48:00,1,0.0026010554,0.020226916,0.016701745,0
2143,11599,2012-10-26 02:36:00,0,0.00022458204,0.9971107,0.79773355,1
2220,11618,2012-11-15 22:00:00,1,0.0029660126,0.44602245,0.35741118,0
2227,11620,2012-11-20 06:12:00,0,0.0012793464,0.32371706,0.25922954,0
1879,11532,2012-07-29 23:00:00,1,1.8603161e-05,0.39061618,0.31249666,0
2173,11604,2012-11-04 11:48:00,0,0.00027531246,0.25792292,0.20639339,0
1946,11548,2012-08-17 04:36:00,1,0.00096747617,0.8627108,0.6903621,1
2191,11613,2012-11-13 17:24:00,1,0.0033643846,0.007118998,0.0063680755,0
1879,11532,2012-07-24 15:48:00,0,0.00010593799,0.8627108,0.6901898,1
2191,11613,2012-11-12 12:24:00,1,0.006271329,0.010980696,0.010038824,0
1931,11543,2012-08-12 05:36:00,0,9.597356e-05,0.99899095,0.799212,1
1990,11562,2012-08-30 21:00:00,1,0.0006239524,0.012345342,0.010001064,0
2186,11611,2012-11-07 11:48:00,1,0.032152135,0.8627108,0.69659907,1
1993,11560,2012-09-05 10:36:00,1,0.0035791001,0.99568284,0.7972621,1
1999,11564,2012-09-04 13:24:00,1,0.00025662323,0.9969771,0.797633,1
1806,11513,2012-07-07 20:00:00,1,7.884194e-05,0.018136583,0.014525035,0
2130,11596,2012-10-17 04:24:00,1,0.0012370334,0.8627108,0.69041604,1
2227,11620,2012-11-28 19:12:00,1,0.006450816,0.38594976,0.31004998,0
2291,11631,2012-12-18 22:36:00,0,3.9514825e-06,0.8627108,0.6901694,1
1807,11515,2012-07-04 19:36:00,1,0.00049114006,0.9999901,0.8000903,1
2227,11620,2012-11-28 02:24:00,1,0.0005804711,0.94187856,0.75361896,1
2011,11566,2012-09-05 13:48:00,0,0.0044482043,0.6376416,0.51100296,1
1993,11560,2012-09-05 11:36:00,1,0.00047087917,0.9876923,0.79024804,1
1993,11560,2012-08-31 07:36:00,0,0.00013557507,0.90740335,0.7259498,1
2158,11601,2012-10-30 13:48:00,0,4.395832e-06,0.13960138,0.11168198,0
1943,11547,2012-08-23 02:48:00,0,0.0007563273,0.030799475,0.024790846,0
2040,11575,2012-09-30 04:24:00,1,0.002436312,0.34636384,0.27757835,0
2173,11604,2012-11-03 19:00:00,0,1.7843538e-05,0.17502493,0.1400235,0
1993,11560,2012-09-05 06:48:00,1,0.006753579,0.99195683,0.79491615,1
2322,11636,2012-12-31 19:12:00,0,0.00028087778,0.11159105,0.08932902,0
2220,11618,2012-11-20 13:24:00,1,0.00023983546,0.37442076,0.2995846,0
2026,11569,2012-09-09 21:24:00,0,0.01612007,0.62621367,0.504195,1
1999,11564,2012-09-09 09:24:00,1,4.4973473e-05,0.99944705,0.7995666,1
2306,11634,2012-12-13 22:48:00,0,0.0029543948,0.8627108,0.6907595,1
1970,11555,2012-08-26 17:24:00,0,0.0021078875,0.84429187,0.6758551,1
1873,11526,2012-07-22 10:12:00,0,0.0002763744,0.88050807,0.7044617,1
1807,11515,2012-07-03 22:00:00,1,7.668555e-06,0.9999993,0.80000097,1
1962,11554,2012-08-29 14:36:00,1,0.00085110194,0.84790385,0.6784933,1
2193,11614,2012-11-12 13:24:00,0,0.00034881668,0.99122393,0.7930489,1
1930,11542,2012-08-05 16:48:00,1,0.00089437654,0.8627108,0.6903475,1
1807,11515,2012-07-09 03:36:00,1,0.00035646767,0.99996173,0.80004066,1
1832,11518,2012-07-10 21:12:00,0,0.0021259745,0.4662258,0.37340584,0
1930,11542,2012-08-09 23:48:00,0,0.00035889927,0.99118793,0.7930221,1
1959,11553,2012-08-31 08:48:00,0,0.0012062248,0.9891452,0.79155743,1
1807,11515,2012-07-04 10:36:00,1,0.00016291464,1.0,0.8000326,1
1807,11515,2012-07-04 05:00:00,1,0.00026525636,0.99999976,0.8000529,1
2113,11595,2012-10-13 16:00:00,0,0.0011435907,0.0140344985,0.011456317,0
2262,11628,2012-12-17 10:00:00,0,1.5113474e-05,0.9366025,0.74928504,1
2220,11618,2012-11-26 21:48:00,1,5.3696218e-05,7.140301e-05,6.786165e-05,0
2130,11596,2012-10-19 08:00:00,0,6.631457e-05,0.29243118,0.2339582,0
1807,11515,2012-07-03 21:36:00,1,0.0001036593,0.9999995,0.8000204,1
2173,11604,2012-11-10 12:48:00,0,2.9720832e-05,0.029477451,0.023587905,0
1993,11560,2012-09-05 11:00:00,1,0.0034027225,0.98607033,0.78953683,1
2173,11604,2012-11-11 06:36:00,0,3.066541e-05,0.009469639,0.007581844,0
1866,11524,2012-07-24 23:48:00,0,0.0010565016,0.04948226,0.039797112,0
2143,11599,2012-10-29 13:00:00,0,0.00038110823,0.9953452,0.7963524,1
1873,11526,2012-07-20 01:00:00,0,4.2881555e-05,0.8766927,0.7013628,1
1908,11537,2012-08-12 03:12:00,0,0.00024826181,0.035912197,0.02877941,0
1999,11564,2012-09-04 14:12:00,1,0.00017481233,0.99958926,0.7997064,1
1892,11533,2012-07-28 08:12:00,0,0.0002402101,0.38109395,0.3049232,0
2203,11616,2012-11-25 12:48:00,0,5.1731036e-05,0.22140034,0.17713061,0
2193,11614,2012-11-10 17:48:00,1,0.0011808937,0.93213755,0.7459462,1
2191,11613,2012-11-13 14:24:00,1,0.0010093575,0.018694766,0.015157685,0
1832,11518,2012-07-06 13:24:00,0,0.000102617094,0.16295987,0.13038842,0
2186,11611,2012-11-07 22:24:00,1,0.008910794,0.999086,0.801051,1
2158,11601,2012-11-04 01:48:00,0,4.0071714e-05,0.079534285,0.063635446,0
1946,11548,2012-08-17 03:12:00,1,0.0010496705,0.8627108,0.69037855,1
1962,11554,2012-08-30 02:00:00,1,0.030279387,0.9980903,0.8045282,1
1931,11543,2012-08-17 07:48:00,0,0.00013376179,0.99948335,0.7996135,1
1962,11554,2012-08-29 11:24:00,1,0.0012176249,0.52788705,0.42255315,0
1879,11532,2012-07-24 19:36:00,0,0.0019507962,0.8627108,0.6905588,1
2220,11618,2012-11-16 08:12:00,1,0.0011838508,0.048594177,0.039112113,0
2331,11638,2012-12-31 03:24:00,0,0.0006257933,0.37178007,0.29754922,0
2203,11616,2012-11-13 09:48:00,0,0.0003271932,0.053870674,0.043161977,0
1930,11542,2012-08-08 12:24:00,1,0.00032347566,0.98775804,0.7902711,1
2314,11635,2012-12-26 09:12:00,0,0.0004219661,0.12977974,0.10390819,0
2040,11575,2012-09-30 19:24:00,1,7.633572e-05,0.03011835,0.024109947,0
2193,11614,2012-11-10 22:24:00,1,0.0001968407,0.9916072,0.7933251,1
1990,11562,2012-09-06 17:48:00,0,0.00012185951,0.8812837,0.70505136,1
1996,11563,2012-08-30 11:24:00,0,0.056165285,0.8077778,0.6574553,1
2137,11598,2012-10-20 07:12:00,1,0.0010638072,0.8627108,0.6903814,1
1879,11532,2012-07-27 04:12:00,1,0.00015252134,0.7608416,0.6087038,1
1806,11513,2012-07-01 01:36:00,1,0.0017050098,0.8756639,0.7008721,1
2040,11575,2012-09-29 06:00:00,0,0.0021047927,0.3213124,0.25747088,0
1999,11564,2012-09-09 19:48:00,1,0.00022561158,0.885428,0.70838755,1
1962,11554,2012-08-29 14:24:00,1,0.00064041495,0.91904086,0.7353608,1
1807,11515,2012-07-05 09:24:00,1,0.0005597595,1.0,0.80011195,1
1951,11552,2012-08-21 12:36:00,0,0.000856888,0.25218976,0.20192319,0
2193,11614,2012-11-10 07:48:00,1,0.0011838508,0.8627108,0.69040537,1
1970,11555,2012-08-23 21:24:00,0,0.002464023,0.8627108,0.69066143,1
1807,11515,2012-07-04 11:00:00,1,9.20303e-05,1.0,0.8000184,1
1844,11522,2012-07-08 12:24:00,0,3.8412372e-06,0.072623044,0.058099203,0
2338,11641,2012-12-30 05:00:00,0,2.2401679e-05,0.094542354,0.07563836,0
2123,11594,2012-10-23 15:48:00,0,0.0001004331,0.9881072,0.7905059,1
1930,11542,2012-08-10 01:36:00,0,0.0002144211,0.98843855,0.7907937,1
1879,11532,2012-07-30 10:24:00,1,0.00016282564,0.09642809,0.077175036,0
2028,11571,2012-09-12 00:48:00,0,0.0032711786,0.3030325,0.24308023,0
1999,11564,2012-09-05 02:00:00,1,0.00025652588,0.9983279,0.7987137,1
2220,11618,2012-11-16 09:24:00,1,0.0011294376,0.09955296,0.07986826,0
1907,11538,2012-08-02 20:12:00,0,0.0007397643,0.82136726,0.65724176,1
1999,11564,2012-09-09 12:48:00,1,3.487341e-05,0.98489004,0.78791904,1
1807,11515,2012-07-05 11:24:00,1,0.00017560722,1.0,0.8000351,1
1879,11532,2012-07-26 23:48:00,1,0.00019031786,0.9754092,0.78036547,1
1807,11515,2012-07-08 16:48:00,1,0.00041762978,1.0,0.8000835,1
1807,11515,2012-07-03 09:24:00,1,9.3124705e-05,0.99999464,0.8000143,1
1999,11564,2012-09-05 01:24:00,1,0.0002610454,0.99906045,0.7993006,1
1807,11515,2012-07-01 23:00:00,1,0.00014095337,1.0,0.8000282,1
1999,11564,2012-09-05 23:36:00,0,0.00039236294,0.99962044,0.7997749,1
2166,11602,2012-11-03 21:00:00,0,0.00013976062,0.10141482,0.081159815,0
2109,11589,2012-10-12 03:12:00,1,0.0013420978,0.9314141,0.7453997,1
2137,11598,2012-10-22 00:00:00,1,0.0010820739,0.9962373,0.7972063,1
2329,11639,2012-12-28 22:48:00,0,6.243399e-05,0.00041417414,0.0003438261,0
2131,11597,2012-10-16 22:48:00,0,0.0029543948,0.0461034,0.0374736,0
2112,11590,2012-10-13 08:00:00,0,0.0011838508,0.018022863,0.014655061,0
2112,11590,2012-10-12 03:36:00,0,0.0013420978,0.006293253,0.0053030225,0
2144,11600,2012-10-30 11:36:00,0,3.26498e-06,0.01201379,0.009611685,0
2306,11634,2012-12-21 03:00:00,0,0.0004212475,0.47827065,0.38270077,0
2191,11613,2012-11-13 23:24:00,1,0.00060631346,0.0048869126,0.004030793,0
2270,11630,2012-12-08 16:48:00,0,0.0003366452,0.4746202,0.37976348,0
1946,11548,2012-08-18 10:12:00,1,0.03259654,0.99319756,0.80107737,1
1806,11513,2012-07-01 20:24:00,1,0.00028215535,0.4474948,0.35805228,0
1807,11515,2012-07-03 19:12:00,1,4.69802e-05,0.9999726,0.7999875,1
1806,11513,2012-07-03 22:36:00,1,0.00019710345,0.23109259,0.18491349,0
1946,11548,2012-08-17 13:12:00,1,0.0010149054,0.8627108,0.6903716,1
1866,11524,2012-07-22 07:00:00,0,0.00096336147,0.2721475,0.21791068,0
1993,11560,2012-09-05 11:12:00,1,0.0029352377,0.98643875,0.78973806,1
2262,11628,2012-12-15 10:48:00,0,0.0001406089,0.0009125846,0.0007581895,0
2178,11607,2012-11-05 10:48:00,0,0.00029989355,0.32873097,0.26304477,0
1993,11560,2012-09-05 17:12:00,1,0.004101236,0.9856426,0.7893343,1
1807,11515,2012-07-06 14:48:00,1,6.0051367e-05,1.0,0.800012,1
2227,11620,2012-11-27 22:00:00,1,0.00073757366,0.99558157,0.7966128,1
1807,11515,2012-07-01 07:00:00,1,4.205395e-05,1.0,0.8000084,1
2314,11635,2012-12-28 01:48:00,0,0.00017980738,0.025867384,0.02072987,0
1807,11515,2012-07-02 22:24:00,1,1.6954156e-05,1.0,0.8000034,1
1946,11548,2012-08-19 17:12:00,0,4.2018273e-05,0.23130591,0.18505314,0
1807,11515,2012-07-01 14:48:00,1,0.00026531427,1.0,0.80005306,1
2137,11598,2012-10-20 15:00:00,1,0.0011435907,0.8627108,0.6903973,1
2314,11635,2012-12-24 07:00:00,0,0.00017548703,0.85094404,0.68079036,1
2314,11635,2012-12-24 19:36:00,0,0.0140047055,0.44874045,0.3617933,0
2260,11627,2012-12-03 15:00:00,0,0.0011435907,0.048292298,0.038862556,0
2137,11598,2012-10-31 14:12:00,0,0.00021116735,0.9984164,0.79877543,1
2158,11601,2012-10-26 04:12:00,0,0.0012370334,0.18984619,0.15212436,0
1993,11560,2012-09-06 02:24:00,1,0.000110366214,0.9087348,0.7270099,1
2059,11579,2012-09-30 07:12:00,0,0.0006297352,0.08832593,0.07078669,0
1807,11515,2012-07-04 09:36:00,1,0.0001275942,0.9999995,0.80002517,1
2109,11589,2012-10-11 10:24:00,1,5.4008404e-05,0.91362184,0.7309083,1
1806,11513,2012-07-07 18:00:00,1,0.00023122784,0.07490778,0.05997247,0
1807,11515,2012-07-06 16:48:00,1,3.5991798e-05,1.0,0.8000072,1
1993,11560,2012-09-05 06:00:00,1,0.005278151,0.9942221,0.7964333,1
1866,11524,2012-07-21 04:48:00,0,0.00050023,0.2923681,0.23399454,0
2227,11620,2012-11-28 13:12:00,1,0.00041311362,0.852272,0.6819002,1
1807,11515,2012-07-04 09:12:00,1,9.542748e-05,0.99999976,0.8000189,1
2186,11611,2012-11-10 10:12:00,0,5.4124772e-05,0.97023916,0.7762022,1
1930,11542,2012-08-09 07:24:00,1,3.682867e-05,0.9239385,0.7391582,1
1990,11562,2012-08-31 04:00:00,1,0.00038788616,0.018538611,0.0149084665,0
1879,11532,2012-07-27 21:00:00,1,5.9776485e-06,0.90790313,0.7263237,1
1807,11515,2012-07-03 04:24:00,1,0.00010420667,0.9999993,0.8000203,1
2245,11623,2012-12-08 16:12:00,0,1.44708865e-05,0.16263472,0.13011067,0
2061,11580,2012-09-28 08:24:00,0,0.00035560335,0.8088025,0.6471131,1
2171,11605,2012-11-07 22:00:00,0,3.0498215e-05,0.03257791,0.026068429,0
2227,11620,2012-11-28 03:00:00,1,0.00048719722,0.9382504,0.7506978,1
2059,11579,2012-10-04 02:24:00,0,0.002440873,0.0057425555,0.005082219,0
2220,11618,2012-11-21 01:00:00,1,7.2564995e-05,0.31561738,0.25250843,0
1879,11532,2012-07-29 03:36:00,1,3.967395e-05,0.7630429,0.6104423,1
1806,11513,2012-07-01 11:00:00,1,0.0007346054,0.78231436,0.62599844,1
1999,11564,2012-08-30 12:12:00,0,0.0011294376,0.8627108,0.6903945,1
1942,11546,2012-08-22 17:48:00,0,0.00048243222,0.25779313,0.20633098,0
2069,11582,2012-09-25 05:12:00,0,0.0010638072,0.8627108,0.6903814,1
1807,11515,2012-07-02 13:48:00,1,0.0010757543,0.9999999,0.80021507,1
1943,11547,2012-08-18 00:12:00,0,6.0480732e-05,0.1188108,0.09506074,0
2245,11623,2012-12-08 18:00:00,0,1.00958305e-05,0.6575824,0.526068,1
2240,11621,2012-11-25 20:00:00,0,0.0016869169,0.1416021,0.11361907,0
1946,11548,2012-08-18 06:12:00,1,0.0148673365,0.9697575,0.7787795,1
1806,11513,2012-07-03 04:36:00,1,9.673351e-05,0.5143001,0.41145945,0
2047,11578,2012-09-28 15:48:00,0,7.543592e-06,0.12537102,0.10029832,0
2337,11640,2012-12-31 01:00:00,0,0.0013985776,0.39248204,0.31426537,0
1866,11524,2012-07-18 11:12:00,0,0.00017731146,0.07741289,0.06196577,0
2227,11620,2012-11-26 21:48:00,1,0.0003245602,0.88318133,0.70660996,1
1908,11537,2012-07-30 23:36:00,0,0.0029543948,0.8627108,0.6907595,1
1879,11532,2012-07-28 05:00:00,1,0.000201087,0.7392646,0.59145194,1
2191,11613,2012-11-13 21:00:00,1,0.0024259712,0.0077391,0.0066764746,0
1879,11532,2012-08-03 00:24:00,0,0.000533068,0.12846407,0.10287787,0
1879,11532,2012-07-27 23:36:00,1,6.8217574e-05,0.83425975,0.66742146,1
2130,11596,2012-10-17 01:00:00,1,0.0012368448,0.8627108,0.690416,1
1807,11515,2012-07-06 10:00:00,1,0.00019166691,1.0,0.80003834,1
2191,11613,2012-11-13 06:12:00,1,0.00040853393,0.009707651,0.007847828,0
1806,11513,2012-07-03 23:24:00,1,3.6177e-05,0.25024596,0.20020401,0
1873,11526,2012-07-19 05:48:00,0,0.0011838508,0.8627108,0.69040537,1
2143,11599,2012-10-23 17:36:00,0,0.002008665,0.8557422,0.68499553,1
2040,11575,2012-09-30 02:48:00,1,0.0035685757,0.134431,0.108258516,0
2186,11611,2012-11-07 12:12:00,1,0.018459734,0.8627108,0.6938606,1
2314,11635,2012-12-24 19:00:00,0,0.010413487,0.64377624,0.51710373,1
1807,11515,2012-07-07 20:12:00,1,4.9582773e-05,1.0,0.8000099,1
1807,11515,2012-07-07 14:24:00,1,0.00061932905,1.0,0.8001239,1
1952,11551,2012-08-22 11:36:00,0,0.00039857067,0.289133,0.23138614,0
2227,11620,2012-11-27 04:48:00,1,0.0007826135,0.6418954,0.5136729,1
2106,11588,2012-10-09 15:36:00,0,0.00037190446,0.44231534,0.35392666,0
2270,11630,2012-12-13 15:48:00,0,2.5179106e-05,0.22745173,0.18196642,0
2007,11565,2012-09-03 01:24:00,0,0.0005761165,0.0206612,0.016644184,0
1970,11555,2012-09-04 11:24:00,0,3.80771e-05,0.7767007,0.62136817,1
2220,11618,2012-11-26 16:12:00,1,0.00021541084,2.8613122e-05,6.5972665e-05,0
2028,11571,2012-09-19 19:12:00,0,0.0019722925,0.22619314,0.18134898,0
2143,11599,2012-10-24 22:48:00,0,0.0004510958,0.9577613,0.7662993,1
2037,11573,2012-09-27 16:36:00,0,3.874049e-05,0.8068765,0.64550894,1
1795,11512,2012-07-04 09:12:00,0,4.9699036e-05,0.17149095,0.13720271,0
1908,11537,2012-08-08 06:48:00,0,0.00020552496,0.1312621,0.10505078,0
2173,11604,2012-11-06 02:24:00,0,0.0014709675,0.2171754,0.1740345,0
2181,11610,2012-11-08 22:36:00,0,4.1163417e-05,0.02073368,0.016595177,0
2220,11618,2012-11-15 21:36:00,1,0.0029660126,0.86967623,0.6963342,1
2029,11570,2012-09-11 21:36:00,0,0.0020554475,0.1478474,0.118689016,0
2113,11595,2012-10-12 03:48:00,0,0.0013420978,0.016268698,0.013283378,0
1807,11515,2012-07-09 11:00:00,0,0.00025210282,0.9996424,0.79976434,1
1806,11513,2012-07-01 02:12:00,1,0.0028214536,0.9413081,0.75361073,1
1806,11513,2012-07-07 04:36:00,1,0.00024248935,0.060006175,0.04805344,0
1930,11542,2012-08-08 12:48:00,1,0.0010121564,0.9478997,0.7585222,1
2039,11574,2012-09-15 19:48:00,0,0.0022031676,0.036993664,0.030035565,0
2007,11565,2012-09-09 23:00:00,0,0.0008607727,0.013525161,0.010992284,0
1997,11561,2012-08-29 18:12:00,1,0.0014186328,0.036708817,0.029650781,0
2109,11589,2012-10-12 05:12:00,1,0.0011838508,0.8484079,0.6789631,1
2121,11591,2012-10-24 08:48:00,0,0.00018129064,0.7479487,0.5983952,1
2191,11613,2012-11-13 21:36:00,1,0.0005835877,0.017359657,0.014004443,0
1893,11534,2012-07-30 02:36:00,0,0.00044896908,0.005278509,0.0043126014,0
1979,11558,2012-09-02 08:12:00,0,2.7649288e-05,0.13144992,0.10516547,0
1807,11515,2012-07-07 22:36:00,1,3.193259e-05,1.0,0.8000064,1
1807,11515,2012-07-06 20:36:00,1,4.660088e-05,1.0,0.8000093,1
2107,11586,2012-10-07 00:48:00,0,0.00018971108,0.99866104,0.7989668,1
2270,11630,2012-12-09 00:48:00,0,0.00030492392,0.23110913,0.1849483,0
2098,11585,2012-10-04 17:36:00,0,0.0005783778,0.97924316,0.7835102,1
1807,11515,2012-07-07 01:48:00,1,9.369335e-05,1.0,0.8000187,1
2040,11575,2012-09-30 14:00:00,1,0.00017336883,0.045646362,0.036551766,0
2186,11611,2012-11-14 12:00:00,0,0.020947525,0.9475921,0.7622632,1
1999,11564,2012-09-05 03:00:00,1,0.00027344414,0.994408,0.79558116,1
1996,11563,2012-09-05 11:36:00,0,2.8535842e-05,0.9335676,0.7468598,1
1930,11542,2012-08-08 19:36:00,1,0.00038858273,0.85824734,0.6866756,1
2191,11613,2012-11-12 12:48:00,1,0.0056967116,0.021288887,0.018170452,0
2227,11620,2012-11-28 08:00:00,1,0.0015978387,0.31141752,0.24945359,0
2259,11626,2012-12-03 05:36:00,0,7.769828e-05,0.026571177,0.021272482,0
2227,11620,2012-11-27 13:24:00,1,0.000111116606,0.88731474,0.70987403,1
2130,11596,2012-10-17 05:36:00,1,0.0011838508,0.8627108,0.69040537,1
2186,11611,2012-11-06 16:00:00,0,0.00089437654,0.8627108,0.6903475,1
1930,11542,2012-08-08 16:12:00,1,6.3306245e-05,0.9965054,0.79721695,1
1993,11560,2012-09-06 14:00:00,1,1.7765959e-05,0.5596178,0.44769782,0
2191,11613,2012-11-12 21:48:00,1,0.0074538635,0.009018805,0.008705817,0
2143,11599,2012-10-23 11:48:00,0,0.00027368253,0.97289985,0.7783746,1
1997,11561,2012-08-30 11:48:00,1,0.00087771413,0.08893864,0.07132646,0
1931,11543,2012-08-12 05:12:00,0,0.00012127886,0.9977017,0.79818565,1
1990,11562,2012-08-31 13:12:00,1,0.0003853402,0.009909406,0.008004593,0
1806,11513,2012-07-01 06:36:00,1,0.00089594844,0.9579271,0.76652086,1
1931,11543,2012-08-15 14:24:00,0,0.0007089944,0.99775463,0.7983455,1
2121,11591,2012-10-19 10:00:00,0,0.0019846587,0.04359379,0.035271965,0
1939,11545,2012-08-10 22:12:00,0,0.000992615,0.19026308,0.15240899,0
2061,11580,2012-09-28 07:48:00,0,0.00021577983,0.7910768,0.6329046,1
2220,11618,2012-11-21 04:24:00,1,0.00032651357,0.18410054,0.14734574,0
2166,11602,2012-11-07 03:12:00,0,0.00032811312,0.30340487,0.24278952,0
2143,11599,2012-10-27 00:00:00,0,0.00031654132,0.9989786,0.7992462,1
1930,11542,2012-08-08 15:00:00,1,0.00023497804,0.9958774,0.7967489,1
1990,11562,2012-09-02 19:36:00,0,4.5178644e-05,0.09699941,0.07760856,0
2291,11631,2012-12-17 22:24:00,0,0.00013751622,0.99892277,0.7991657,1
2260,11627,2012-12-04 04:36:00,0,0.0011144675,0.19408965,0.15549462,0
2137,11598,2012-10-21 01:48:00,1,6.873042e-05,0.05719409,0.04576902,0
1999,11564,2012-09-04 23:48:00,1,0.00012628225,0.99821645,0.79859847,1
2227,11620,2012-11-28 21:00:00,1,0.0022311138,0.67123365,0.53743315,1
2028,11571,2012-09-10 08:24:00,0,0.00043764344,0.8627108,0.6902561,1
2177,11608,2012-11-08 19:36:00,0,0.0007147074,0.2305095,0.18455055,0
2220,11618,2012-11-21 07:36:00,1,7.167022e-05,0.302011,0.24162315,0
1903,11535,2012-08-01 23:12:00,0,0.004607844,0.9907644,0.7935331,1
2037,11573,2012-09-22 02:12:00,0,1.9507217e-05,0.082400694,0.06592446,0
1807,11515,2012-07-05 12:24:00,1,0.00017156468,1.0,0.80003434,1
2021,11567,2012-09-07 16:24:00,0,2.3940034e-05,0.39746362,0.3179757,0
1979,11558,2012-09-02 01:00:00,0,0.0004053991,0.13193882,0.105632134,0
1807,11515,2012-07-08 04:36:00,1,9.786683e-06,0.9999999,0.80000186,1
1886,11531,2012-07-27 07:12:00,0,0.00045144488,0.112386264,0.089999296,0
1879,11532,2012-07-30 10:36:00,1,0.00030110858,0.11709441,0.093735754,0
1866,11524,2012-07-15 12:12:00,0,0.0020048372,0.76320195,0.6109625,1
1807,11515,2012-07-09 00:36:00,1,0.00015526297,1.0,0.80003107,1
1844,11522,2012-07-07 14:36:00,0,2.6833613e-05,0.044833556,0.035872214,0
1807,11515,2012-07-01 22:00:00,1,0.002344939,1.0,0.800469,1
1946,11548,2012-08-17 03:00:00,1,0.0010496705,0.8627108,0.69037855,1
2040,11575,2012-09-30 17:12:00,1,1.8584544e-05,0.06435595,0.051488478,0
1903,11535,2012-08-10 06:36:00,0,2.3384273e-05,0.23849922,0.19080406,0
2227,11620,2012-11-28 04:24:00,1,0.0009793548,0.4013641,0.32128713,0
1807,11515,2012-07-05 08:24:00,1,0.00012877458,1.0,0.80002576,1
2069,11582,2012-10-06 17:48:00,0,0.00013785258,0.028747683,0.023025718,0
2227,11620,2012-11-27 21:00:00,1,0.0011232595,0.9216393,0.73753613,1
2191,11613,2012-11-13 23:36:00,1,0.0007397389,0.0072254296,0.0059282915,0
1993,11560,2012-09-05 23:36:00,1,0.0014519935,0.9582544,0.7668939,1
2220,11618,2012-11-27 12:36:00,1,1.0338546e-05,0.0011955462,0.00095850474,0
1996,11563,2012-09-02 03:00:00,0,0.0002945505,0.9077351,0.726247,1
1807,11515,2012-07-07 02:00:00,1,8.094749e-05,1.0,0.8000162,1
2220,11618,2012-11-16 09:12:00,1,0.0011294376,0.039223038,0.031604316,0
1946,11548,2012-08-18 09:00:00,1,0.0067366697,0.9226934,0.7395021,1
2037,11573,2012-09-15 02:48:00,0,0.0013763877,0.78580475,0.62891906,1
1946,11548,2012-08-17 13:36:00,1,0.0011294376,0.8627108,0.6903945,1
2193,11614,2012-11-10 13:24:00,1,0.0011294376,0.8627108,0.6903945,1
1930,11542,2012-08-09 05:24:00,1,6.893101e-05,0.9854107,0.78834236,1
2239,11622,2012-11-25 17:48:00,0,0.00043956,0.0690122,0.055297676,0
1949,11550,2012-08-19 18:12:00,0,6.163985e-05,0.08224135,0.06580541,0
2130,11596,2012-10-16 20:48:00,1,0.002571958,0.8627108,0.690683,1
2144,11600,2012-10-28 12:12:00,0,0.00010844417,0.03808426,0.030489098,0
2098,11585,2012-10-07 14:48:00,0,0.00021896114,0.91395897,0.731211,1
1999,11564,2012-09-09 21:36:00,1,0.00032444234,0.9846534,0.7877877,1
2137,11598,2012-10-20 03:36:00,1,0.0010496705,0.8627108,0.69037855,1
2130,11596,2012-10-17 06:36:00,1,0.0011838508,0.8627108,0.69040537,1
2137,11598,2012-11-02 19:12:00,0,4.797285e-06,0.9348848,0.7479088,1
2181,11610,2012-11-08 22:48:00,0,5.4060914e-05,0.020887878,0.016721115,0
1999,11564,2012-09-10 14:48:00,0,6.771323e-06,0.62076306,0.4966118,1
1879,11532,2012-07-27 21:48:00,1,0.000111333706,0.89781845,0.71827704,1
2191,11613,2012-11-12 06:36:00,1,0.0016404166,0.0403789,0.032631204,0
2220,11618,2012-11-20 02:36:00,1,0.00064552156,0.015707145,0.012694821,0
2227,11620,2012-11-27 16:12:00,1,0.0006632032,0.9613809,0.76923734,1
2220,11618,2012-11-23 21:36:00,0,0.0029660126,0.16932069,0.13604975,0
1939,11545,2012-08-12 16:24:00,0,0.00019880272,0.47355527,0.378884,0
2338,11641,2012-12-29 19:24:00,0,0.0011677165,0.96488947,0.7721451,1
1990,11562,2012-08-31 14:00:00,1,0.0002686439,0.0071580186,0.005780144,0
1999,11564,2012-09-09 17:12:00,1,0.00013875899,0.92035055,0.7363082,1
1873,11526,2012-07-19 10:24:00,0,0.0011294376,0.8627108,0.6903945,1
2191,11613,2012-11-12 04:36:00,1,0.008855194,0.028362293,0.024460873,0
2069,11582,2012-10-04 06:48:00,0,0.0014329705,0.050409835,0.040614463,0
2306,11634,2012-12-21 20:24:00,0,0.009284403,0.33014217,0.26597065,0
1931,11543,2012-08-06 02:00:00,0,0.0012368448,0.8627108,0.690416,1
2137,11598,2012-10-21 06:36:00,1,4.6461944e-05,0.9788407,0.7830819,1
2220,11618,2012-11-20 08:48:00,1,0.00016519062,0.006194417,0.0049885716,0
1931,11543,2012-08-15 22:00:00,0,0.0005039729,0.9885898,0.79097265,1
2306,11634,2012-12-15 15:36:00,0,0.00075327855,0.36004296,0.28818503,0
1903,11535,2012-08-08 05:00:00,0,0.001560291,0.7638115,0.61136127,1
2098,11585,2012-10-03 12:00:00,0,8.576512e-05,0.5556618,0.4445466,0
2193,11614,2012-11-10 06:36:00,1,0.0011838508,0.8627108,0.69040537,1
1807,11515,2012-07-05 00:36:00,1,0.00043428736,0.99999964,0.80008656,1
1807,11515,2012-07-02 00:24:00,1,0.00010831809,1.0,0.80002165,1
2306,11634,2012-12-17 14:24:00,0,0.0010021209,0.669816,0.5360533,1
2322,11636,2012-12-29 02:36:00,0,0.00012428768,0.22278835,0.17825554,0
2191,11613,2012-11-13 13:36:00,1,0.0014708715,0.005742779,0.0048883976,0
2017,11568,2012-09-11 10:48:00,0,0.0004648283,0.13194554,0.1056494,0
2259,11626,2012-12-03 07:12:00,0,6.863468e-06,0.030731011,0.024586182,0
1807,11515,2012-07-07 07:12:00,1,7.535721e-05,1.0,0.8000151,1
2220,11618,2012-11-27 15:24:00,1,1.7328108e-05,0.0010240468,0.00082270306,0
2193,11614,2012-11-10 20:00:00,1,0.00029981608,0.9889093,0.7911874,1
1946,11548,2012-08-21 07:36:00,0,3.2111817e-05,0.52160907,0.41729367,0
2220,11618,2012-11-27 10:12:00,1,9.963815e-06,0.0010307335,0.0008265795,0
1807,11515,2012-07-08 02:36:00,1,3.4056502e-05,1.0,0.8000068,1
1930,11542,2012-08-08 16:24:00,1,4.755686e-05,0.9964617,0.7971789,1
2040,11575,2012-09-30 18:24:00,1,2.893138e-05,0.036998235,0.029604373,0
2109,11589,2012-10-10 07:48:00,0,0.00018210232,0.9963834,0.79714316,1
2193,11614,2012-11-22 17:12:00,0,3.5896794e-06,0.1362959,0.10903744,0
1807,11515,2012-07-01 11:12:00,1,0.007998619,1.0,0.80159974,1
2227,11620,2012-11-27 15:48:00,1,0.0007379368,0.8942076,0.71551365,1
1908,11537,2012-08-05 18:24:00,0,0.0014749047,0.23895913,0.1914623,0
1832,11518,2012-07-03 17:12:00,0,0.004103445,0.90591997,0.7255567,1
1807,11515,2012-07-05 14:00:00,1,0.00021901939,1.0,0.8000438,1
2106,11588,2012-10-11 23:48:00,0,0.0016694799,0.9686101,0.775222,1
2106,11588,2012-10-07 16:00:00,0,5.2487492e-05,0.091883585,0.07351737,0
2186,11611,2012-11-18 22:12:00,0,0.00057436834,0.78374743,0.6271128,1
2220,11618,2012-11-15 16:24:00,1,0.0011435907,0.31993002,0.25617275,0
1893,11534,2012-08-05 11:48:00,0,5.793206e-05,0.025175763,0.020152196,0
2270,11630,2012-12-12 12:24:00,0,0.0010439104,0.97283745,0.77847874,1
1930,11542,2012-08-10 16:36:00,0,3.463792e-05,0.99157786,0.7932692,1
2322,11636,2012-12-24 09:36:00,0,4.251809e-05,0.6758261,0.5406694,1
1999,11564,2012-09-01 09:48:00,0,3.998419e-05,0.99888235,0.79911387,1
1997,11561,2012-08-29 19:00:00,1,0.0021765449,0.028857054,0.023520954,0
1931,11543,2012-08-18 01:24:00,0,0.0018090069,0.991875,0.7938618,1
2193,11614,2012-11-10 05:36:00,1,0.0011838508,0.8627108,0.69040537,1
1999,11564,2012-09-07 22:36:00,1,0.00015237583,0.99999726,0.80002826,1
2144,11600,2012-10-27 22:48:00,0,9.07978e-05,0.07558041,0.06048249,0
2262,11628,2012-12-14 15:00:00,0,0.00030932177,0.003809426,0.003109405,0
2061,11580,2012-10-02 11:24:00,0,0.00030717734,0.5491087,0.43934837,0
1962,11554,2012-08-30 00:36:00,1,0.019396521,0.98843724,0.7946291,1
1879,11532,2012-07-30 01:48:00,1,5.0225985e-06,0.47078785,0.3766313,0
2203,11616,2012-11-12 11:48:00,0,0.0010149054,0.8627108,0.6903716,1
1993,11560,2012-09-05 23:00:00,1,0.0016080468,0.8643199,0.6917776,1
1959,11553,2012-09-03 17:00:00,0,0.00015189812,0.8446038,0.6757134,1
1997,11561,2012-08-30 00:36:00,1,0.0013763877,0.022081038,0.017940108,0
1946,11548,2012-08-18 18:12:00,1,0.00030412464,0.7742724,0.6194787,1
1999,11564,2012-09-04 08:00:00,1,0.00013673079,0.9962794,0.7970509,1
1879,11532,2012-07-27 13:00:00,1,0.0005306777,0.65145755,0.5212722,1
2121,11591,2012-10-16 02:12:00,0,0.0012368448,0.89158857,0.7135182,1
1807,11515,2012-07-01 15:24:00,1,0.00022697433,1.0,0.80004543,1
2220,11618,2012-11-16 07:36:00,1,0.0011838508,0.054991692,0.044230126,0
2061,11580,2012-09-23 19:12:00,0,0.001917783,0.8627108,0.6905522,1
1806,11513,2012-07-01 16:00:00,1,0.00034550362,0.8278079,0.6623154,1
1996,11563,2012-09-03 02:12:00,0,0.0003109803,0.39541787,0.3163965,0
2245,11623,2012-12-08 13:24:00,0,1.2011744e-05,0.48986918,0.39189777,0
2113,11595,2012-10-17 01:48:00,0,3.1850203e-05,0.011225279,0.008986594,0
2186,11611,2012-11-08 13:12:00,0,0.0011823367,0.99830997,0.79888445,1
1879,11532,2012-07-26 23:00:00,1,0.00034544134,0.9703381,0.7763396,1
1962,11554,2012-08-29 19:24:00,1,0.021845866,0.8396116,0.6760585,1
1999,11564,2012-09-08 03:24:00,1,0.00017703524,0.99991775,0.7999696,1
1807,11515,2012-07-06 18:00:00,1,1.0836e-05,1.0,0.80000216,1
2227,11620,2012-11-27 11:12:00,1,0.00015305572,0.66785437,0.53431416,1
1962,11554,2012-08-29 09:36:00,1,5.093163e-05,0.7869362,0.62955916,1
2191,11613,2012-11-13 10:00:00,1,0.0014260773,0.011198805,0.009244259,0
1997,11561,2012-08-29 18:00:00,1,0.0014186328,0.046020176,0.037099868,0
1832,11518,2012-07-04 07:12:00,0,8.854323e-06,0.31925386,0.25540486,0
2262,11628,2012-12-05 04:12:00,0,6.812462e-05,0.105813764,0.08466464,0
2220,11618,2012-11-17 13:12:00,0,0.00010114363,0.011807216,0.009466002,0
2040,11575,2012-09-30 04:36:00,1,0.0026661684,0.21211238,0.17022315,0
2262,11628,2012-12-12 08:24:00,0,0.005694432,0.138506,0.111943685,0
2220,11618,2012-11-19 20:24:00,1,0.0007312281,0.05326125,0.04275525,0
1807,11515,2012-07-08 12:24:00,1,1.5434427e-05,0.9999999,0.800003,1
2191,11613,2012-11-18 17:12:00,0,0.0006315266,0.09050938,0.07253381,0
1807,11515,2012-07-02 19:00:00,1,0.00021627395,0.99999976,0.8000431,1
1879,11532,2012-07-29 17:48:00,1,0.00015938627,0.29500616,0.2360368,0
2007,11565,2012-09-08 18:48:00,0,3.984947e-05,0.020536732,0.016437355,0
2044,11576,2012-09-25 02:24:00,0,4.3333745e-05,0.88340807,0.70673513,1
2130,11596,2012-10-17 04:48:00,1,0.0012370334,0.8627108,0.69041604,1
1907,11538,2012-08-07 15:48:00,0,8.636052e-05,0.42310375,0.3385003,0
2291,11631,2012-12-17 14:00:00,0,0.0014271179,0.99667466,0.7976252,1
1807,11515,2012-07-05 23:24:00,1,4.479887e-05,1.0,0.80000895,1
1806,11513,2012-07-01 06:24:00,1,0.001080274,0.95716166,0.76594543,1
1930,11542,2012-08-08 18:36:00,1,0.0008419778,0.9135663,0.7310214,1
2181,11610,2012-11-05 05:48:00,0,0.0010638072,0.8627108,0.6903814,1
2191,11613,2012-11-13 09:24:00,1,0.0021245657,0.0038090749,0.0034721731,0
1807,11515,2012-07-06 22:24:00,1,2.879683e-05,1.0,0.8000058,1
1999,11564,2012-09-08 14:48:00,1,0.0005663146,0.9978624,0.7984032,1
1998,11557,2012-09-02 07:24:00,0,0.0011838508,0.035240214,0.028428942,0
2121,11591,2012-10-15 23:48:00,0,0.0029543948,0.9120469,0.7302284,1
1866,11524,2012-07-20 11:24:00,0,0.0007848963,0.010971383,0.008934086,0
1990,11562,2012-08-28 19:12:00,0,8.162153e-05,0.059866615,0.047909617,0
1807,11515,2012-07-02 03:00:00,1,2.9895426e-05,1.0,0.800006,1
1795,11512,2012-07-05 02:00:00,0,0.00010244043,0.8562609,0.6850292,1
2245,11623,2012-12-05 17:48:00,0,0.0043013543,0.8747866,0.70068955,1
2227,11620,2012-11-27 10:24:00,1,0.00028740513,0.60259795,0.48213586,1
2220,11618,2012-11-26 18:24:00,1,6.463226e-05,4.69936e-05,5.0521332e-05,0
1879,11532,2012-07-29 16:12:00,1,0.00010726914,0.47271827,0.3781961,0
2193,11614,2012-11-10 12:12:00,1,0.0011294376,0.8627108,0.6903945,1
2203,11616,2012-11-25 21:12:00,0,5.391379e-06,0.4065312,0.32522604,0
2227,11620,2012-11-27 04:12:00,1,0.00082517415,0.91605544,0.7330094,1
2227,11620,2012-11-28 10:24:00,1,0.00060565304,0.5616018,0.44940257,0
1806,11513,2012-07-04 16:00:00,1,8.5985565e-05,0.23736332,0.18990786,0
2220,11618,2012-11-21 14:12:00,1,0.0001881986,0.06673939,0.053429153,0
1999,11564,2012-09-09 00:12:00,1,0.0011796115,0.9921674,0.79396987,1
2227,11620,2012-11-27 17:36:00,1,0.0006510085,0.92685646,0.74161536,1
1999,11564,2012-09-09 08:00:00,1,0.00094253017,0.796891,0.63770133,1
1806,11513,2012-07-02 23:36:00,1,8.293904e-05,0.5450251,0.4360367,0
1993,11560,2012-09-05 19:48:00,1,0.002649839,0.9545316,0.76415527,1
1806,11513,2012-07-01 23:36:00,1,0.00069218077,0.7488292,0.5992018,1
2109,11589,2012-10-11 23:12:00,1,0.0029660126,0.7723823,0.61849904,1
2262,11628,2012-12-14 06:36:00,0,0.0003475742,0.004630239,0.0037737063,0
2191,11613,2012-11-12 00:24:00,1,0.019768529,0.027222928,0.02573205,0
1962,11554,2012-08-27 06:36:00,0,0.0013784701,0.95229363,0.7621106,1
2173,11604,2012-11-06 12:36:00,0,2.2376091e-06,0.32928792,0.26343077,0
1903,11535,2012-07-28 20:12:00,0,0.0029660126,0.8627108,0.6907618,1
1879,11532,2012-07-30 09:12:00,1,0.00019464511,0.15389185,0.123152405,0
1999,11564,2012-09-09 06:24:00,1,0.0013095583,0.9989869,0.7994514,1
2123,11594,2012-10-21 01:48:00,0,1.8090614e-05,0.9746386,0.7797145,1
2039,11574,2012-09-22 01:36:00,0,4.429764e-06,0.9562836,0.7650278,1
1807,11515,2012-07-07 12:00:00,1,0.00010635146,1.0,0.8000213,1
2193,11614,2012-11-10 16:36:00,1,0.0011435907,0.85824794,0.68682706,1
2220,11618,2012-11-21 03:00:00,1,0.00020047092,0.36327976,0.2906639,0
1807,11515,2012-07-02 13:00:00,1,0.0013579541,0.9999982,0.8002702,1
1993,11560,2012-09-05 13:36:00,1,0.00060192717,0.9835504,0.7869608,1
1999,11564,2012-09-04 06:48:00,0,0.00030353022,0.9996487,0.79977965,1
2098,11585,2012-10-03 03:12:00,0,0.0036467735,0.44877058,0.35974583,0
2114,11592,2012-10-18 11:00:00,0,5.620683e-05,0.045852076,0.036692906,0
1879,11532,2012-07-26 20:00:00,1,0.00010750527,0.94347286,0.75479984,1
1807,11515,2012-07-09 01:48:00,1,0.000373301,0.99996233,0.80004454,1
1979,11558,2012-09-03 13:00:00,0,0.0021187852,0.07878237,0.06344966,0
1993,11560,2012-09-06 09:48:00,1,2.2189482e-05,0.8855716,0.7084617,1
2291,11631,2012-12-14 19:12:00,0,0.00065256865,0.3183359,0.25479922,0
2137,11598,2012-10-20 13:24:00,1,0.0011294376,0.8627108,0.6903945,1
2047,11578,2012-09-27 00:48:00,0,5.2335898e-05,0.095455326,0.07637473,0
1806,11513,2012-07-04 06:00:00,1,0.0005359897,0.23269588,0.1862639,0
2137,11598,2012-10-20 10:48:00,1,0.0010149054,0.8627108,0.6903716,1
1807,11515,2012-07-01 10:36:00,1,0.0065073213,1.0,0.8013015,1
2130,11596,2012-10-18 17:24:00,0,0.00049687043,0.23464914,0.18781869,0
2262,11628,2012-12-09 21:00:00,0,0.002433001,0.023373678,0.019185543,0
2227,11620,2012-12-01 12:48:00,0,4.570885e-06,0.8627108,0.6901695,1
1993,11560,2012-09-06 08:12:00,1,0.00021070438,0.7745998,0.619722,1
2171,11605,2012-11-04 01:24:00,0,0.0036737723,0.37586507,0.3014268,0
2143,11599,2012-10-24 04:36:00,0,0.0003110826,0.6273149,0.5019142,1
1879,11532,2012-07-28 22:48:00,1,0.0001921097,0.87772083,0.70221514,1
1908,11537,2012-08-12 06:12:00,0,0.00011025997,0.040806793,0.032667488,0
2227,11620,2012-11-28 07:00:00,1,0.0018286514,0.40557343,0.32482448,0
2177,11608,2012-11-09 10:24:00,0,0.0009912802,0.31996366,0.25616917,0
2186,11611,2012-11-07 23:36:00,1,0.00031145563,0.9995338,0.7996893,1
2040,11575,2012-09-30 08:24:00,1,6.395477e-05,0.038907178,0.031138534,0
2220,11618,2012-11-20 02:12:00,1,0.0007560314,0.008341236,0.0068241954,0
1807,11515,2012-07-03 02:36:00,1,3.0604384e-05,0.99999964,0.80000585,1
2047,11578,2012-09-29 15:48:00,0,0.0003909837,0.09003645,0.07210736,0
1893,11534,2012-08-01 00:36:00,0,0.00017111767,0.08427128,0.067451246,0
1946,11548,2012-08-18 18:48:00,1,0.00088256766,0.48523393,0.38836366,0
2017,11568,2012-09-08 03:24:00,0,8.31163e-06,0.4847564,0.3878068,0
1893,11534,2012-07-30 17:24:00,0,0.00012820645,0.012990816,0.010418294,0
1962,11554,2012-08-23 05:36:00,0,3.9547784e-05,0.021409037,0.017135138,0
2121,11591,2012-10-20 05:48:00,0,0.0024430056,0.050092053,0.040562246,0
2123,11594,2012-10-15 18:12:00,0,0.0011095474,0.9679989,0.77462107,1
1893,11534,2012-07-30 14:00:00,0,2.8346849e-05,0.0099599995,0.007973669,0
1807,11515,2012-07-07 13:12:00,1,0.0005843822,1.0,0.8001169,1
1807,11515,2012-07-05 09:12:00,1,6.928933e-05,1.0,0.80001384,1
2240,11621,2012-11-30 20:36:00,0,0.0029660126,0.18611081,0.14948185,0
1948,11549,2012-08-20 06:12:00,0,1.2788047e-05,0.016398394,0.013121273,0
1998,11557,2012-08-29 12:48:00,0,0.0010149054,0.4824885,0.3861938,0
2040,11575,2012-09-23 03:12:00,0,0.003282841,0.04363673,0.035565954,0
2037,11573,2012-09-19 02:36:00,0,0.00020235719,0.016071092,0.012897345,0
1879,11532,2012-07-27 08:24:00,1,0.00017638317,0.6849906,0.54802775,1
1959,11553,2012-08-29 23:24:00,0,0.0009930213,0.9762381,0.7811891,1
1879,11532,2012-07-30 05:24:00,1,0.00028009905,0.20849784,0.16685429,0
1997,11561,2012-08-29 13:24:00,1,0.0011294376,0.019189836,0.015577757,0
2220,11618,2012-11-20 20:48:00,1,0.0006877299,0.36155736,0.28938344,0
2220,11618,2012-11-20 04:12:00,1,0.0005041259,0.0031297451,0.0026046215,0
1866,11524,2012-07-14 20:00:00,0,0.002464023,0.8627108,0.69066143,1
1930,11542,2012-08-09 12:24:00,0,0.00010600014,0.9592755,0.76744163,1
2137,11598,2012-10-24 10:36:00,0,0.0004893913,0.32587254,0.26079592,0
1907,11538,2012-08-12 13:48:00,0,5.2334894e-06,0.49868882,0.3989521,0
1879,11532,2012-08-05 05:24:00,0,0.000114468414,0.009616389,0.007716005,0
1979,11558,2012-08-26 04:24:00,0,0.00096747617,0.8627108,0.6903621,1
2109,11589,2012-10-11 09:48:00,1,5.4008404e-05,0.8859708,0.70878744,1
1946,11548,2012-08-18 07:36:00,1,0.011452158,0.99045557,0.7946549,1
1993,11560,2012-09-06 13:00:00,1,3.174192e-05,0.65845156,0.5267676,1
2270,11630,2012-12-06 04:24:00,0,0.0011116031,0.004539867,0.0038542142,0
1993,11560,2012-09-06 01:48:00,1,0.00012554001,0.9642548,0.77142894,1
2186,11611,2012-11-07 03:00:00,1,0.0013420978,0.8627108,0.690437,1
1807,11515,2012-07-06 13:12:00,1,5.15532e-05,1.0,0.8000103,1
2021,11567,2012-09-15 22:12:00,0,0.008256927,0.01711924,0.015346778,0
2039,11574,2012-09-21 23:24:00,0,1.2234526e-05,0.8736076,0.69888854,1
1807,11515,2012-07-02 09:48:00,1,0.00058455014,0.99999917,0.80011624,1
1886,11531,2012-07-26 12:36:00,0,0.00091363344,0.10342896,0.08292589,0
1879,11532,2012-07-30 03:24:00,1,2.7022774e-05,0.31968528,0.25575364,0
2220,11618,2012-11-21 03:48:00,1,0.00022521634,0.50631946,0.4051006,0
1930,11542,2012-08-08 10:36:00,0,0.0010584313,0.9336586,0.7471386,1
2039,11574,2012-09-20 13:36:00,0,0.0054668216,0.9960432,0.797928,1
1946,11548,2012-08-17 21:12:00,1,0.0029660126,0.8627108,0.6907618,1
2044,11576,2012-09-21 16:48:00,0,0.0001321803,0.7909139,0.6327576,1
2220,11618,2012-11-27 12:12:00,1,1.4143871e-05,0.0012195099,0.0009784367,0
1806,11513,2012-07-04 02:00:00,1,4.240548e-05,0.5278247,0.42226827,0
2137,11598,2012-10-21 20:24:00,1,0.0022721046,0.8195149,0.65606636,1
2026,11569,2012-09-12 08:12:00,0,0.017593646,0.010437036,0.011868359,0
2186,11611,2012-11-07 19:00:00,1,0.0019380574,0.99128073,0.7934122,1
2306,11634,2012-12-19 18:00:00,0,0.0009222293,0.13777511,0.110404536,0
2191,11613,2012-11-12 02:00:00,1,0.0072046495,0.05004372,0.041475907,0
1806,11513,2012-07-01 17:12:00,1,0.00011266311,0.52297586,0.41840324,0
2260,11627,2012-12-04 00:36:00,0,0.00046347798,0.08935578,0.07157732,0
1807,11515,2012-07-01 20:12:00,1,0.0010327651,1.0,0.80020654,1
1807,11515,2012-07-07 01:12:00,1,4.478008e-05,1.0,0.80000895,1
1930,11542,2012-08-08 17:36:00,1,0.0006473912,0.98399514,0.78732556,1
2166,11602,2012-11-08 05:12:00,0,1.917701e-05,0.060411114,0.04833273,0
1946,11548,2012-08-17 02:24:00,1,0.0010764971,0.8627108,0.6903839,1
2191,11613,2012-11-12 09:12:00,1,0.024132414,0.0056228004,0.009324724,0
2193,11614,2012-11-10 08:24:00,1,0.0011838508,0.8627108,0.69040537,1
2113,11595,2012-10-11 08:00:00,0,0.0009644121,0.0075059547,0.0061976463,0
1879,11532,2012-07-30 12:24:00,1,0.0003492604,0.18525344,0.14827262,0
2220,11618,2012-11-27 08:12:00,1,5.3189265e-06,0.00014593673,0.00011781318,0
1807,11515,2012-07-06 03:36:00,1,4.385298e-05,1.0,0.8000088,1
2166,11602,2012-10-29 02:00:00,0,0.0006137064,0.17720068,0.14188328,0
2193,11614,2012-11-10 05:24:00,1,0.0011838508,0.8627108,0.69040537,1
2191,11613,2012-11-12 19:36:00,1,0.0007622038,0.022211319,0.017921496,0
2044,11576,2012-09-29 16:48:00,0,2.869372e-06,0.23490965,0.1879283,0
1807,11515,2012-07-05 17:36:00,1,3.5788293e-05,1.0,0.80000716,1
2191,11613,2012-11-18 14:00:00,0,0.00035100145,0.12782173,0.102327585,0
1946,11548,2012-08-19 07:36:00,0,6.0204922e-05,0.2726203,0.21810828,0
1806,11513,2012-07-04 00:12:00,1,3.2615186e-05,0.29295486,0.23437043,0
1952,11551,2012-08-25 08:36:00,0,1.1312228e-06,0.032406706,0.025925592,0
2270,11630,2012-12-08 20:00:00,0,0.00022936998,0.2631896,0.21059757,0
2143,11599,2012-10-25 07:00:00,0,0.0031390737,0.9565438,0.7658629,1
1979,11558,2012-08-28 19:48:00,0,3.489976e-05,0.5617095,0.4493746,0
1930,11542,2012-08-06 04:00:00,1,0.0012370334,0.8627108,0.69041604,1
1959,11553,2012-09-03 17:48:00,0,0.0005834495,0.9776367,0.7822261,1
2239,11622,2012-11-25 18:12:00,0,0.00046280582,0.06665738,0.053418465,0
2040,11575,2012-09-23 10:36:00,0,0.00029739115,0.0839455,0.067215875,0
2193,11614,2012-11-11 01:48:00,1,0.010618442,0.99990165,0.80204505,1
1806,11513,2012-07-04 00:48:00,1,3.0653424e-05,0.2655571,0.21245182,0
2040,11575,2012-09-24 20:36:00,0,0.00010210854,0.11779164,0.094253734,0
1806,11513,2012-07-01 04:12:00,1,0.0012786114,0.98472494,0.7880357,1
1946,11548,2012-08-19 17:36:00,0,3.736733e-05,0.45443735,0.36355737,0
2171,11605,2012-11-06 08:00:00,0,3.6376712e-06,0.10787551,0.08630114,0
1990,11562,2012-08-30 14:24:00,0,0.00011146745,0.007051872,0.005663791,0
1807,11515,2012-07-03 06:12:00,1,3.3885837e-05,0.9999989,0.800006,1
2220,11618,2012-11-21 14:24:00,1,0.00018807124,0.09807505,0.07849765,0
1807,11515,2012-07-05 17:48:00,1,1.4406967e-05,1.0,0.8000029,1
2040,11575,2012-10-03 18:00:00,0,1.9850627e-06,0.8627108,0.69016904,1
2123,11594,2012-10-23 05:24:00,0,3.3847566e-05,0.950594,0.760482,1
2040,11575,2012-09-17 08:48:00,0,0.0010638072,0.8627108,0.6903814,1
1993,11560,2012-09-05 23:24:00,1,0.0009110569,0.94573927,0.75677365,1
2203,11616,2012-11-22 16:48:00,0,0.008603603,0.46812436,0.37622023,0
2144,11600,2012-10-31 09:00:00,0,6.135132e-05,0.011022638,0.008830381,0
2143,11599,2012-10-24 15:00:00,0,0.0035869055,0.94525874,0.7569244,1
2249,11624,2012-11-28 18:48:00,0,2.310581e-06,0.33052135,0.26441756,0
2171,11605,2012-11-08 03:12:00,0,8.175845e-06,0.029368093,0.02349611,0
1832,11518,2012-07-04 18:12:00,0,5.6778903e-05,0.56862754,0.45491338,0
2130,11596,2012-10-20 08:36:00,0,0.00013553708,0.94346654,0.7548004,1
2017,11568,2012-09-08 14:12:00,0,0.00040684605,0.28877273,0.23109956,0
1863,11523,2012-07-12 21:36:00,0,0.0024722668,0.90278774,0.7227247,1
1807,11515,2012-07-01 13:36:00,1,0.00054095074,1.0,0.8001082,1
1946,11548,2012-08-18 00:24:00,1,0.013880432,0.9691405,0.7780885,1
2220,11618,2012-11-16 13:48:00,1,0.0011294376,0.022739947,0.018417845,0
2137,11598,2012-10-20 08:36:00,1,0.0010638072,0.8627108,0.6903814,1
2112,11590,2012-10-12 23:48:00,0,0.0029660126,0.022961687,0.018962553,0
2158,11601,2012-11-04 04:48:00,0,8.405275e-06,0.061235994,0.048990477,0
2291,11631,2012-12-11 23:48:00,0,0.00054756383,0.09467795,0.07585187,0
2329,11639,2012-12-28 11:00:00,0,0.000102076316,0.0011903476,0.0009726934,0
1990,11562,2012-08-29 22:48:00,0,4.10757e-05,0.044726618,0.03578951,0
2137,11598,2012-10-21 12:00:00,1,0.00037975295,0.47115725,0.37700173,0
2191,11613,2012-11-13 13:24:00,1,0.0008609507,0.0040925685,0.003446245,0
1807,11515,2012-07-01 02:00:00,1,0.00030969622,0.9999999,0.8000618,1
2193,11614,2012-11-10 04:00:00,1,0.0011116031,0.8627108,0.69039094,1
2059,11579,2012-10-06 00:24:00,0,0.0010039714,0.07262962,0.058304492,0
1908,11537,2012-08-04 14:00:00,0,0.0016621414,0.02657342,0.021591164,0
2028,11571,2012-09-14 16:12:00,0,0.001432126,0.12701036,0.101894714,0
1999,11564,2012-09-09 11:36:00,1,4.4569577e-05,0.9903542,0.7922923,1
2203,11616,2012-11-20 12:00:00,0,0.00020675044,0.8624553,0.6900056,1
1930,11542,2012-08-14 20:00:00,0,0.00031802352,0.87144184,0.6972171,1
2220,11618,2012-11-20 00:24:00,1,0.0007043194,0.03424986,0.027540753,0
2169,11603,2012-10-30 20:12:00,0,0.0029660126,0.229626,0.184294,0
2011,11566,2012-09-16 17:00:00,0,5.5690693e-06,0.43151128,0.34521013,0
1908,11537,2012-08-01 01:24:00,0,0.0008599087,0.33582717,0.26883373,0
1807,11515,2012-07-03 07:36:00,1,0.00012772337,0.99999976,0.8000254,1
2176,11606,2012-11-10 01:36:00,0,1.7321448e-05,0.26865947,0.21493104,0
2040,11575,2012-09-17 15:24:00,0,0.0011435907,0.8627108,0.6903973,1
2040,11575,2012-09-30 02:12:00,1,0.0017258559,0.25350735,0.20315105,0
2109,11589,2012-10-11 12:12:00,1,0.0011294376,0.7059453,0.5649822,1
1999,11564,2012-09-08 23:00:00,1,0.0012373751,0.9985251,0.79906756,1
1996,11563,2012-09-01 19:12:00,0,0.0001551635,0.84734166,0.67790437,1
2306,11634,2012-12-16 07:24:00,0,0.0026257732,0.30689466,0.2460409,0
2337,11640,2012-12-31 11:24:00,0,0.00018930543,0.41369396,0.33099303,0
1807,11515,2012-07-03 12:24:00,1,1.0635763e-05,0.9999962,0.7999991,1
2028,11571,2012-09-19 08:36:00,0,0.000901683,0.085837476,0.068850316,0
2026,11569,2012-09-17 20:24:00,0,0.0029660126,0.13240698,0.10651878,0
2191,11613,2012-11-12 19:00:00,1,0.000866503,0.036500875,0.029374002,0
2037,11573,2012-09-24 15:48:00,0,0.0006009865,0.065863386,0.052810907,0
2130,11596,2012-10-19 13:00:00,0,0.00025659095,0.64101195,0.5128609,1
2220,11618,2012-11-27 13:12:00,1,1.0494356e-05,0.0011693131,0.00093754934,0
1806,11513,2012-07-01 11:36:00,1,0.0008397887,0.88354987,0.7070079,1
2011,11566,2012-09-15 00:36:00,0,0.00014379718,0.067792326,0.05426262,0
2109,11589,2012-10-12 07:24:00,1,0.0011838508,0.9828083,0.7864834,1
1866,11524,2012-07-15 18:36:00,0,0.0003673228,0.76203746,0.6097035,1
2137,11598,2012-10-22 23:48:00,1,0.00096733565,0.013953203,0.011356031,0
1999,11564,2012-09-05 06:00:00,1,0.00028580526,0.9969651,0.79762924,1
1993,11560,2012-09-05 18:36:00,1,0.00096192706,0.9824119,0.78612196,1
2026,11569,2012-09-13 13:24:00,0,0.0046325116,0.7564515,0.6060877,1
1807,11515,2012-07-03 05:48:00,1,4.9492024e-05,0.99999976,0.8000097,1
2329,11639,2012-12-28 15:12:00,0,0.00011016318,0.0017034741,0.0013848119,0
2260,11627,2012-12-07 14:12:00,0,1.2067465e-05,0.08578406,0.06862967,0
1879,11532,2012-07-27 08:36:00,1,0.00021067042,0.560004,0.44804534,0
2220,11618,2012-11-21 08:00:00,1,0.00012390924,0.2921741,0.23376407,0
1993,11560,2012-09-06 07:24:00,1,0.00018264903,0.59733015,0.47790065,0
1806,11513,2012-07-01 15:24:00,1,0.0007820723,0.63930964,0.51160413,1
1962,11554,2012-08-30 07:48:00,1,0.00038894685,0.99898535,0.7992661,1
1807,11515,2012-07-02 20:12:00,1,0.00024311416,0.9999999,0.80004853,1
2193,11614,2012-11-14 17:36:00,0,0.0011762561,0.44959605,0.3599121,0
1866,11524,2012-07-15 15:48:00,0,0.0009538284,0.664146,0.5315076,1
1999,11564,2012-09-10 09:00:00,0,0.00023751523,0.8542905,0.6834799,1
2306,11634,2012-12-27 06:36:00,0,9.389149e-07,0.23873034,0.19098447,0
2109,11589,2012-10-11 22:24:00,1,0.0029660126,0.9355714,0.7490503,1
1807,11515,2012-07-04 11:48:00,1,8.527703e-05,1.0,0.80001706,1
1807,11515,2012-07-07 10:00:00,1,5.8830105e-05,1.0,0.80001175,1
1999,11564,2012-09-07 22:24:00,1,0.00014495288,0.999998,0.8000274,1
2028,11571,2012-09-13 15:48:00,0,0.00039315838,0.5185404,0.41491094,0
2220,11618,2012-11-20 10:36:00,1,0.00020383821,0.15077356,0.12065961,0
2044,11576,2012-09-28 03:12:00,0,7.727756e-06,0.3099742,0.24798091,0
1807,11515,2012-07-01 06:12:00,1,3.938313e-05,1.0,0.8000079,1
2239,11622,2012-11-27 01:36:00,0,2.0058007e-05,0.04511546,0.03609638,0
2191,11613,2012-11-12 06:00:00,1,0.0022099349,0.015455315,0.01280624,0
2220,11618,2012-11-20 01:48:00,1,0.0008554404,0.0042900816,0.0036031534,0
2044,11576,2012-09-21 17:36:00,0,9.7949094e-05,0.884146,0.7073364,1
1807,11515,2012-07-05 19:12:00,1,1.1618794e-05,1.0,0.80000234,1
2227,11620,2012-11-27 23:12:00,1,0.00048017935,0.9978097,0.7983438,1
2040,11575,2012-09-30 01:36:00,1,0.00078208535,0.33403513,0.2673845,0
1807,11515,2012-07-06 17:12:00,1,3.0284758e-05,1.0,0.8000061,1
2069,11582,2012-10-01 17:48:00,0,0.00055551116,0.08844832,0.070869766,0
2260,11627,2012-12-04 03:24:00,0,0.00040748337,0.088202335,0.070643365,0
2137,11598,2012-10-21 14:00:00,1,0.003444401,0.9965857,0.7979574,1
1879,11532,2012-07-29 21:00:00,1,2.9639345e-05,0.76092607,0.60874677,1
1930,11542,2012-08-09 06:36:00,1,5.691606e-05,0.9762927,0.78104556,1
1807,11515,2012-07-05 15:00:00,1,0.00010884293,1.0,0.80002177,1
2130,11596,2012-10-16 19:24:00,1,0.001917783,0.8627108,0.6905522,1
1962,11554,2012-08-29 13:12:00,1,0.001005163,0.7225353,0.5782293,1
1807,11515,2012-07-02 02:12:00,1,3.72355e-05,1.0,0.80000746,1
2109,11589,2012-10-11 17:00:00,1,0.0011808937,0.7721338,0.6179432,1
2061,11580,2012-09-27 10:48:00,0,6.18874e-05,0.6592474,0.5274103,1
1948,11549,2012-08-18 05:00:00,0,0.0011838508,0.07082102,0.056893587,0
1807,11515,2012-07-05 08:00:00,1,0.00017950726,1.0,0.8000359,1
2220,11618,2012-11-15 16:48:00,1,0.0011435907,0.255936,0.20497751,0
1807,11515,2012-07-03 04:48:00,1,7.914386e-05,0.9999995,0.8000155,1
1962,11554,2012-08-23 01:48:00,0,0.00014123105,0.012741631,0.010221551,0
2123,11594,2012-10-20 22:12:00,0,0.00029113237,0.9969158,0.7975909,1
1930,11542,2012-08-08 20:12:00,1,0.00023156295,0.9849525,0.78800833,1
2137,11598,2012-10-30 19:00:00,0,0.00084971223,0.9869652,0.7897421,1
1903,11535,2012-08-02 09:48:00,0,0.014903492,0.9779212,0.78531766,1
2186,11611,2012-11-07 21:48:00,1,0.006252031,0.9987777,0.8002725,1
2220,11618,2012-11-16 08:00:00,1,0.0011838508,0.06684559,0.053713243,0
1879,11532,2012-07-28 22:36:00,1,0.00016480469,0.8926426,0.7141471,1
2186,11611,2012-11-12 21:36:00,0,0.002573142,0.9857488,0.7891137,1
2337,11640,2012-12-30 21:12:00,0,0.001187939,0.022762481,0.018447572,0
2191,11613,2012-11-13 12:24:00,1,0.0025260383,0.007368099,0.006399687,0
2137,11598,2012-10-20 23:00:00,1,0.00011396502,0.4181572,0.33454856,0
1873,11526,2012-07-25 19:00:00,0,0.00036352474,0.91254735,0.7301106,1
2177,11608,2012-11-09 22:00:00,0,0.0015789737,0.26829457,0.21495146,0
1807,11515,2012-07-03 11:00:00,1,1.8859242e-05,0.9999548,0.79996765,1
1892,11533,2012-08-02 18:48:00,0,6.6621565e-06,0.06382893,0.05106448,0
2220,11618,2012-11-27 07:24:00,1,5.733517e-06,0.00075739,0.0006070587,0
1877,11527,2012-07-23 04:12:00,0,0.0013239413,0.5786745,0.46320438,0
2329,11639,2012-12-29 13:12:00,0,4.3509444e-05,0.0009315481,0.0007539403,0
2262,11628,2012-12-16 11:36:00,0,2.6300695e-05,0.0017143959,0.0013767768,0
1946,11548,2012-08-18 13:48:00,1,0.013166831,0.9992335,0.8020202,1
1948,11549,2012-08-20 11:36:00,0,1.6434169e-06,0.027018,0.021614728,0
1807,11515,2012-07-03 03:24:00,1,3.103818e-05,0.9999989,0.8000054,1
2169,11603,2012-11-03 11:12:00,0,0.00010028945,0.059033636,0.047246967,0
2137,11598,2012-10-20 16:48:00,1,0.00049408444,0.8627108,0.69026744,1
1993,11560,2012-09-06 04:12:00,1,0.00015728561,0.42593166,0.3407768,0
2191,11613,2012-11-12 09:00:00,1,0.027066045,0.012290768,0.015245824,0
1807,11515,2012-07-08 15:48:00,1,0.00010514304,1.0,0.80002105,1
2220,11618,2012-11-27 08:24:00,1,7.923887e-06,0.00018011591,0.0001456775,0
2113,11595,2012-10-10 06:00:00,0,0.0011838508,0.016740315,0.013629022,0
2193,11614,2012-11-10 03:12:00,1,0.0012060272,0.8627108,0.69040984,1
2260,11627,2012-12-06 01:24:00,0,2.4098915e-06,0.09312788,0.07450279,0
1807,11515,2012-07-05 13:24:00,1,0.00027159238,1.0,0.8000543,1
2109,11589,2012-10-11 10:48:00,1,5.4008404e-05,0.91738844,0.7339215,1
2220,11618,2012-11-21 02:24:00,1,0.00012807474,0.2378128,0.19027586,0
1806,11513,2012-07-07 03:24:00,1,0.00017892933,0.032736406,0.02622491,0
2220,11618,2012-11-20 21:36:00,1,0.0005428461,0.28842932,0.23085202,0
1807,11515,2012-07-08 05:36:00,1,8.675145e-06,1.0,0.80000174,1
2011,11566,2012-09-12 04:12:00,0,0.0007319671,0.5015037,0.40134937,0
2137,11598,2012-10-23 17:00:00,0,0.00033656432,0.02348261,0.0188534,0
1807,11515,2012-07-01 10:12:00,1,0.0010447392,1.0,0.800209,1
2220,11618,2012-11-27 08:36:00,1,8.169743e-06,0.00046018919,0.0003697853,0
1908,11537,2012-08-08 18:00:00,0,0.0008561759,0.09625208,0.0771729,0
1879,11532,2012-07-29 14:12:00,1,0.0001819881,0.7053747,0.5643362,1
2047,11578,2012-09-25 11:36:00,0,0.0042978185,0.46591467,0.3735913,0
2137,11598,2012-10-31 03:12:00,0,0.00035166414,0.9824791,0.7860536,1
2177,11608,2012-11-10 09:00:00,0,3.977574e-05,0.40023822,0.32019854,0
1999,11564,2012-09-07 23:00:00,1,0.00021782088,0.9999925,0.80003756,1
2137,11598,2012-10-21 13:24:00,1,0.002831295,0.99992514,0.80050635,1
1946,11548,2012-08-18 06:00:00,1,0.05184881,0.9986045,0.8092534,1
1879,11532,2012-07-27 08:12:00,1,0.00030433116,0.5062813,0.40508592,0
1962,11554,2012-08-29 11:12:00,1,0.0010229801,0.63254154,0.50623786,1
1807,11515,2012-07-06 17:00:00,1,0.00014064135,1.0,0.80002815,1
2173,11604,2012-11-03 14:24:00,0,8.627467e-05,0.053168878,0.04255236,0
2227,11620,2012-11-28 09:12:00,1,0.0012851598,0.37007275,0.29631525,0
1807,11515,2012-07-02 20:48:00,1,2.4998777e-05,1.0,0.800005,1
1832,11518,2012-07-11 11:24:00,0,0.00038843715,0.74341875,0.5948127,1
1946,11548,2012-08-18 08:24:00,1,0.0074659307,0.9998306,0.8013577,1
1990,11562,2012-08-31 05:24:00,1,7.3096366e-05,0.01082681,0.008676067,0
1807,11515,2012-07-06 05:24:00,1,6.600007e-05,1.0,0.8000132,1
1879,11532,2012-07-30 09:24:00,1,0.000402197,0.15673916,0.12547177,0
2098,11585,2012-10-04 18:36:00,0,0.00013427014,0.99468577,0.79577553,1
2331,11638,2012-12-27 05:12:00,0,0.00019126017,0.8819978,0.70563656,1
1946,11548,2012-08-18 21:48:00,1,6.189129e-05,0.44852275,0.35883057,0
2130,11596,2012-10-16 20:00:00,1,0.002571958,0.8627108,0.690683,1
2166,11602,2012-11-03 14:24:00,0,4.702345e-05,0.07538797,0.06031978,0
2314,11635,2012-12-22 20:48:00,0,0.00023994844,0.36283842,0.29031873,0
2123,11594,2012-10-18 05:36:00,0,7.574403e-05,0.9979013,0.7983362,1
1807,11515,2012-07-04 10:12:00,1,0.00015517889,1.0,0.80003107,1
2191,11613,2012-11-13 01:00:00,1,0.001909159,0.026354264,0.021465244,0
1999,11564,2012-09-08 06:00:00,1,4.6749505e-05,0.9998394,0.7998809,1
1879,11532,2012-07-28 10:12:00,1,0.00021231429,0.55382955,0.4431061,0
1879,11532,2012-08-05 01:36:00,0,0.0009652849,0.03255877,0.026240073,0
2109,11589,2012-10-13 23:00:00,0,0.0029660126,0.9813799,0.78569716,1
2098,11585,2012-10-12 15:00:00,0,3.436123e-05,0.8624345,0.68995446,1
2191,11613,2012-11-13 09:12:00,1,0.0011725125,0.020525703,0.016655067,0
2186,11611,2012-11-07 15:24:00,1,0.005470068,0.9472161,0.7588669,1
2220,11618,2012-11-26 16:24:00,1,0.00015056037,3.468552e-05,5.786049e-05,0
2040,11575,2012-09-30 12:48:00,1,8.626776e-05,0.073757276,0.059023075,0
1942,11546,2012-08-19 04:24:00,0,0.0007131769,0.17472994,0.1399266,0
1946,11548,2012-08-26 19:12:00,0,0.0030687603,0.4864107,0.3897423,0
2040,11575,2012-09-30 03:00:00,1,0.0032415404,0.1624231,0.13058679,0
2220,11618,2012-11-27 05:24:00,1,5.594962e-06,0.00024178889,0.00019455011,0
1999,11564,2012-09-07 19:48:00,1,9.115823e-06,0.99993813,0.7999524,1
1993,11560,2012-09-05 10:24:00,1,0.0042728516,0.99495405,0.7968178,1
2227,11620,2012-11-22 06:48:00,0,0.007227996,0.7535402,0.6042778,1
1930,11542,2012-08-05 18:48:00,1,0.0011095474,0.8627108,0.6903905,1
2109,11589,2012-10-12 10:00:00,0,0.0011294376,0.91357803,0.73108834,1
2227,11620,2012-11-28 00:00:00,1,0.00060710823,0.9731978,0.77867967,1
1999,11564,2012-09-04 16:36:00,1,0.0004128542,0.99102074,0.79289913,1
1806,11513,2012-07-02 10:24:00,0,0.00012315008,0.6690224,0.53524256,1
2240,11621,2012-12-05 05:48:00,0,4.1681997e-05,0.0045015262,0.0036095576,0
1946,11548,2012-08-29 03:12:00,0,3.2586613e-05,0.091971055,0.073583364,0
1806,11513,2012-07-01 10:48:00,1,0.0007046608,0.7737535,0.6191437,1
1990,11562,2012-09-02 19:48:00,0,5.5825585e-05,0.07942422,0.06355055,0
2040,11575,2012-09-17 23:00:00,0,0.0029660126,0.8627108,0.6907618,1
1993,11560,2012-09-07 00:24:00,0,8.939108e-06,0.61095464,0.4887655,1
2220,11618,2012-11-20 10:12:00,1,0.00019028228,0.07974731,0.06383591,0
1873,11526,2012-07-28 15:12:00,0,5.128552e-05,0.23472595,0.18779102,0
1807,11515,2012-07-06 20:24:00,1,5.8057376e-05,1.0,0.80001163,1
2191,11613,2012-11-13 06:36:00,1,0.00028315326,0.007196492,0.005813824,0
2137,11598,2012-10-20 04:12:00,1,0.00096747617,0.8627108,0.6903621,1
1893,11534,2012-08-06 03:24:00,0,8.228032e-05,0.055496313,0.044413507,0
2112,11590,2012-10-10 13:00:00,0,0.0037985854,0.9121225,0.7304577,1
2137,11598,2012-10-21 07:24:00,1,6.4628555e-05,0.99989593,0.7999297,1
1907,11538,2012-08-03 04:12:00,0,0.0021157858,0.5345857,0.42809173,0
2306,11634,2012-12-22 07:48:00,0,0.010024818,0.10825314,0.088607475,0
2193,11614,2012-11-13 20:48:00,0,0.00015663383,0.97881925,0.7830868,1
1879,11532,2012-07-30 04:00:00,1,8.1673e-05,0.27780917,0.22226368,0
2130,11596,2012-10-29 19:36:00,0,0.00088618946,0.958327,0.76683885,1
2026,11569,2012-09-17 20:12:00,0,0.0029660126,0.1893992,0.15211256,0
1807,11515,2012-07-05 02:00:00,1,0.00065035804,0.9999999,0.80012995,1
1806,11513,2012-07-02 18:00:00,1,2.9614877e-05,0.8062581,0.6450124,1
1942,11546,2012-08-22 19:12:00,0,0.0012267418,0.3537735,0.28326416,0
2245,11623,2012-11-28 01:24:00,0,0.0005319577,0.33595455,0.26887003,0
1943,11547,2012-08-18 14:48:00,0,3.3188488e-05,0.022421924,0.017944178,0
2137,11598,2012-10-21 06:24:00,1,5.0555638e-05,0.77248955,0.61800176,1
1807,11515,2012-07-05 13:36:00,1,0.00028430644,1.0,0.8000569,1
1946,11548,2012-08-18 03:48:00,1,0.0021970116,0.9971244,0.7981389,1
1807,11515,2012-07-08 15:36:00,1,0.000109535,1.0,0.80002195,1
2227,11620,2012-11-26 12:24:00,0,2.5214234e-05,0.9992101,0.79937315,1
1931,11543,2012-08-17 04:36:00,0,4.85392e-05,0.9999132,0.7999403,1
1951,11552,2012-08-27 10:36:00,0,1.1032103e-05,0.35930017,0.28744236,0
1806,11513,2012-07-04 04:00:00,1,9.770096e-05,0.19222976,0.15380335,0
1806,11513,2012-07-07 00:00:00,1,8.613796e-05,0.029714588,0.0237889,0
2191,11613,2012-11-12 18:00:00,1,0.0012675195,0.023568615,0.019108396,0
1806,11513,2012-07-01 19:48:00,1,0.00011951103,0.64334375,0.5146989,1
1930,11542,2012-08-09 03:48:00,1,0.0006207234,0.9665146,0.7733358,1
1993,11560,2012-09-06 12:48:00,1,2.3502113e-05,0.86728877,0.69383574,1
2044,11576,2012-09-21 17:12:00,0,0.0002539062,0.81500876,0.6520578,1
1903,11535,2012-08-08 07:36:00,0,0.0014542775,0.76497585,0.61227155,1
2040,11575,2012-09-24 05:00:00,0,0.00031613748,0.10172176,0.081440635,0
2117,11593,2012-10-21 01:48:00,0,0.0010027011,0.99528295,0.79642695,1
1806,11513,2012-07-01 05:12:00,1,0.0007191086,0.98916364,0.79147476,1
1946,11548,2012-08-17 14:24:00,1,0.0011294376,0.8627108,0.6903945,1
1903,11535,2012-08-07 05:48:00,0,0.0057204883,0.77434385,0.6206192,1
1930,11542,2012-08-09 04:12:00,1,0.0005699014,0.95948493,0.7677019,1
2021,11567,2012-09-07 22:24:00,0,0.0001760092,0.348411,0.278764,0
1879,11532,2012-07-29 21:24:00,1,7.314225e-05,0.6199229,0.49595293,1
2021,11567,2012-09-14 14:24:00,0,0.00029388737,0.05355491,0.042902708,0
1879,11532,2012-07-27 01:12:00,1,0.00020157034,0.9545678,0.7636945,1
1946,11548,2012-08-17 15:24:00,1,0.0011435907,0.8627108,0.6903973,1
1879,11532,2012-07-28 06:00:00,1,3.1874755e-05,0.8227675,0.6582204,1
1879,11532,2012-07-28 17:12:00,1,3.6421043e-05,0.8133855,0.65071565,1
1807,11515,2012-07-08 10:36:00,1,4.1432522e-05,0.9999994,0.8000078,1
2173,11604,2012-11-04 08:36:00,0,0.00053926423,0.31965193,0.2558294,0
2040,11575,2012-09-25 07:48:00,0,0.0002054899,0.013479748,0.010824896,0
1806,11513,2012-07-03 14:36:00,1,9.544194e-05,0.45082495,0.36067903,0
2173,11604,2012-11-01 16:12:00,0,0.0011435907,0.046343304,0.037303362,0
2259,11626,2012-12-06 15:36:00,0,1.335382e-06,0.1265742,0.101259634,0
1997,11561,2012-08-29 12:36:00,1,0.0011294376,0.014943884,0.012180995,0
1999,11564,2012-09-05 01:00:00,1,0.00021119071,0.99693066,0.7975868,1
1946,11548,2012-08-27 12:00:00,0,0.0003278383,0.2715826,0.21733165,0
1807,11515,2012-07-03 02:00:00,1,2.731451e-05,0.9999999,0.8000054,1
1999,11564,2012-09-09 15:36:00,1,9.8972865e-05,0.9181305,0.7345242,1
1879,11532,2012-07-27 20:48:00,1,3.156675e-05,0.9329542,0.74636966,1
2131,11597,2012-10-17 05:24:00,0,0.0011838508,0.030125327,0.024337033,0
1903,11535,2012-08-10 21:48:00,0,0.00014170466,0.185879,0.14873154,0
1962,11554,2012-08-29 23:24:00,1,0.014035851,0.9932429,0.79740155,1
1951,11552,2012-08-25 12:12:00,0,1.8717246e-05,0.3368241,0.26946303,0
1806,11513,2012-07-04 04:48:00,1,0.00014805855,0.32843736,0.2627795,0
2193,11614,2012-11-10 12:24:00,1,0.0011294376,0.8627108,0.6903945,1
2037,11573,2012-09-17 03:00:00,0,3.6589188e-06,0.0055084904,0.004407524,0
2040,11575,2012-09-29 20:24:00,0,0.00045856918,0.22650394,0.18129487,0
1946,11548,2012-08-18 09:24:00,1,0.008533549,0.99315274,0.79622895,1
2040,11575,2012-09-30 07:00:00,1,0.00023496842,0.1919773,0.15362884,0
2011,11566,2012-09-11 17:36:00,0,0.0007566766,0.53859335,0.431026,0
2028,11571,2012-09-20 17:00:00,0,0.00025292693,0.048066568,0.03850384,0
1908,11537,2012-08-02 16:12:00,0,0.003642488,0.06528361,0.05295539,0
1807,11515,2012-07-07 17:24:00,1,5.7090496e-05,1.0,0.80001146,1
2186,11611,2012-11-15 14:00:00,0,0.00015924941,0.9960885,0.79690266,1
1999,11564,2012-09-04 12:36:00,1,0.00013976023,0.9958482,0.7967065,1
1806,11513,2012-07-04 05:12:00,1,0.00026539774,0.41244066,0.33000562,0
1903,11535,2012-08-02 02:36:00,0,0.004865369,0.9841846,0.7883208,1
2109,11589,2012-10-11 21:36:00,1,0.0029660126,0.81147665,0.6497745,1
1946,11548,2012-08-17 15:00:00,1,0.0011435907,0.8627108,0.6903973,1
2227,11620,2012-11-27 22:12:00,1,0.0004620384,0.9965238,0.7973114,1
1903,11535,2012-08-01 08:24:00,0,0.00013723852,0.98100096,0.7848282,1
2191,11613,2012-11-15 00:48:00,0,0.0010782342,0.011044407,0.009051173,0
1946,11548,2012-08-17 10:00:00,1,0.0010149054,0.8627108,0.6903716,1
2011,11566,2012-09-05 19:36:00,0,0.00065572944,0.4114166,0.32926443,0
2061,11580,2012-10-03 13:24:00,0,0.003182895,0.9169049,0.73416054,1
2130,11596,2012-10-26 05:24:00,0,0.0011734796,0.9419854,0.7538231,1
2011,11566,2012-09-13 14:24:00,0,0.00083658035,0.07336833,0.058861986,0
2322,11636,2012-12-24 03:36:00,0,0.00026750655,0.8627108,0.69022214,1
1806,11513,2012-07-07 12:48:00,1,0.00012013441,0.041562602,0.03327411,0
1999,11564,2012-09-10 12:48:00,0,6.6881357e-06,0.8428443,0.67427677,1
2191,11613,2012-11-15 16:48:00,0,0.0013929019,0.09123945,0.07327014,0
2137,11598,2012-10-21 23:00:00,1,0.00080813636,0.9989612,0.79933065,1
2144,11600,2012-10-26 10:12:00,0,0.00025204514,0.07237496,0.05795038,0
2040,11575,2012-09-30 14:48:00,1,8.723456e-05,0.026198857,0.020976532,0
2227,11620,2012-11-22 06:24:00,0,0.006534084,0.7819797,0.6268906,1
1807,11515,2012-07-01 17:12:00,1,0.0011226508,1.0,0.80022454,1
1807,11515,2012-07-06 11:24:00,1,0.00020207741,1.0,0.8000404,1
2239,11622,2012-11-24 08:00:00,0,1.2442392e-05,0.020135716,0.016111061,0
2047,11578,2012-09-27 03:24:00,0,5.8756657e-05,0.14523374,0.11619874,0
1807,11515,2012-07-06 23:12:00,1,5.1701045e-05,1.0,0.8000103,1
2107,11586,2012-10-08 22:36:00,0,0.0009082574,0.97805506,0.78262573,1
2331,11638,2012-12-31 00:48:00,0,0.00039824515,0.13161242,0.10536958,0
1990,11562,2012-08-31 06:48:00,1,2.857977e-05,0.0074967747,0.006003136,0
1946,11548,2012-08-17 06:36:00,1,0.0009258717,0.8627108,0.6903538,1
1806,11513,2012-07-02 16:24:00,1,2.5802781e-05,0.49948615,0.39959407,0
1806,11513,2012-07-02 19:12:00,1,3.650004e-05,0.4548661,0.36390018,0
2069,11582,2012-09-25 02:24:00,0,0.0010764971,0.8627108,0.6903839,1
2007,11565,2012-09-07 09:12:00,0,2.609197e-05,0.37001944,0.29602078,0
1807,11515,2012-07-07 06:00:00,1,1.6133117e-05,1.0,0.80000323,1
1930,11542,2012-08-06 00:00:00,1,0.0012368448,0.8627108,0.690416,1
2270,11630,2012-12-10 13:36:00,0,0.0010551373,0.8488906,0.6793235,1
2040,11575,2012-09-24 21:36:00,0,0.00011169621,0.034773905,0.027841464,0
1996,11563,2012-09-02 23:48:00,0,0.0006879066,0.77496403,0.6201088,1
2220,11618,2012-11-19 22:00:00,1,0.00065229565,0.08495954,0.06809809,0
2137,11598,2012-10-20 09:36:00,1,0.0010149054,0.8627108,0.6903716,1
1999,11564,2012-09-06 03:24:00,0,0.00014473894,0.9990181,0.79924345,1
2203,11616,2012-11-23 18:00:00,0,0.0014186328,0.16136031,0.12937199,0
1930,11542,2012-08-16 18:00:00,0,5.757736e-06,0.062885396,0.050309468,0
1942,11546,2012-08-18 04:36:00,0,0.00030820112,0.740166,0.59219444,1
2177,11608,2012-11-04 20:24:00,0,0.0014201555,0.9858714,0.78898114,1
2220,11618,2012-11-20 12:12:00,1,0.00014795199,0.2548327,0.20389576,0
2306,11634,2012-12-23 01:24:00,0,0.0001136902,0.74399745,0.5952207,1
1879,11532,2012-07-26 21:36:00,1,6.28958e-05,0.96075904,0.76861984,1
2186,11611,2012-11-07 10:12:00,1,0.013289041,0.8627108,0.69282645,1
1795,11512,2012-07-01 18:36:00,0,0.0055001113,0.11952349,0.09671881,0
2011,11566,2012-09-05 10:48:00,0,0.0032752776,0.9302615,0.7448643,1
2061,11580,2012-09-27 16:24:00,0,3.9965587e-05,0.3577253,0.28618822,0
2177,11608,2012-11-08 15:12:00,0,0.002115628,0.12614766,0.101341255,0
2220,11618,2012-11-20 01:36:00,1,0.0007051552,0.0032430384,0.0027354618,0
2227,11620,2012-11-23 02:36:00,0,8.855117e-06,0.92911166,0.74329114,1
2040,11575,2012-09-30 21:24:00,1,5.8431848e-05,0.060677506,0.04855369,0
2220,11618,2012-11-21 03:24:00,1,0.0001975,0.44693154,0.3575847,0
2331,11638,2012-12-31 06:24:00,0,0.0002220432,0.2560191,0.20485967,0
1879,11532,2012-07-29 03:24:00,1,9.717192e-05,0.7821932,0.62577397,1
1806,11513,2012-07-04 11:36:00,1,0.00015425141,0.2975944,0.23810637,0
1807,11515,2012-07-09 05:36:00,1,0.00017974516,0.99999774,0.80003417,1
1978,11556,2012-08-26 15:48:00,0,0.00012070396,0.09356942,0.074879676,0
2044,11576,2012-09-25 23:36:00,0,0.000102356935,0.8831986,0.7065793,1
1990,11562,2012-08-30 20:48:00,1,0.0008878163,0.009361916,0.0076670963,0
1879,11532,2012-07-28 05:24:00,1,4.73088e-05,0.82761,0.6620975,1
1806,11513,2012-07-01 05:48:00,1,0.0012434887,0.9794397,0.7838004,1
2193,11614,2012-11-10 19:24:00,1,0.00034990028,0.9859088,0.788797,1
2227,11620,2012-11-28 14:36:00,1,0.00018063808,0.97723365,0.78182304,1
1951,11552,2012-08-23 14:24:00,0,8.2643535e-05,0.3194167,0.2555499,0
1999,11564,2012-09-07 20:00:00,1,2.8915658e-05,0.99998105,0.79999065,1
1931,11543,2012-08-10 21:12:00,0,2.723419e-05,0.7580621,0.60645515,1
2220,11618,2012-11-16 06:12:00,1,0.0011838508,0.16115437,0.12916027,0
2191,11613,2012-11-13 22:00:00,1,0.00044036188,0.004786194,0.0039170273,0
2262,11628,2012-12-14 08:24:00,0,7.503947e-05,0.0011570586,0.00094065483,0
2220,11618,2012-11-17 07:36:00,0,5.3841894e-05,0.034564465,0.02766234,0
2314,11635,2012-12-18 20:00:00,0,0.00080476317,0.87806517,0.70261306,1
1946,11548,2012-08-17 18:00:00,1,0.0014186328,0.8627108,0.69045234,1
1806,11513,2012-07-02 21:24:00,1,8.344518e-05,0.21063042,0.16852103,0
2191,11613,2012-11-13 09:00:00,1,0.002179627,0.013749703,0.011435688,0
1806,11513,2012-07-07 11:48:00,1,0.00011964705,0.06958505,0.05569197,0
2176,11606,2012-11-03 13:12:00,0,0.0010149054,0.014903564,0.012125832,0
1946,11548,2012-08-17 08:36:00,1,0.0010638072,0.8627108,0.6903814,1
2314,11635,2012-12-28 18:24:00,0,1.6422498e-05,0.009607818,0.007689539,0
2186,11611,2012-11-07 04:12:00,1,0.0012370334,0.8627108,0.69041604,1
1993,11560,2012-08-30 17:12:00,0,0.0014218864,0.40779018,0.32651654,0
1993,11560,2012-09-05 13:48:00,1,0.0005597395,0.9598408,0.76798457,1
1993,11560,2012-09-05 05:12:00,1,0.00065844104,0.9903268,0.79239315,1
2113,11595,2012-10-12 19:24:00,0,0.0021765449,0.020398494,0.016754106,0
1807,11515,2012-07-07 19:00:00,1,5.112882e-05,1.0,0.80001026,1
2158,11601,2012-10-31 10:24:00,0,2.0886926e-05,0.18533745,0.14827414,0
1807,11515,2012-07-03 20:36:00,1,0.00017687984,0.99999964,0.8000351,1
2270,11630,2012-12-10 09:48:00,0,0.0014799322,0.56116647,0.44922918,0
1807,11515,2012-07-03 05:24:00,1,8.263085e-05,0.9999999,0.8000164,1
1993,11560,2012-09-05 20:36:00,1,0.0014514136,0.96624494,0.7732862,1
2109,11589,2012-10-15 13:00:00,0,0.0011294376,0.9923516,0.7941072,1
1999,11564,2012-09-06 21:12:00,0,0.009138237,0.98874414,0.79282296,1
1806,11513,2012-07-03 13:00:00,1,0.000531281,0.3359282,0.2688488,0
2191,11613,2012-11-13 01:24:00,1,0.0015035392,0.013457383,0.011066615,0
2036,11572,2012-09-15 20:12:00,0,1.9948946e-05,0.020349756,0.016283795,0
1999,11564,2012-09-08 03:00:00,1,0.00017768514,0.9999697,0.80001134,1
1806,11513,2012-07-03 12:24:00,1,0.00088509487,0.43777177,0.35039446,0
1873,11526,2012-07-27 19:48:00,0,0.0006367517,0.21115841,0.16905408,0
2021,11567,2012-09-13 23:12:00,0,0.0018478289,0.05582496,0.045029536,0
1990,11562,2012-08-29 09:12:00,0,0.0004899979,0.026298191,0.021136552,0
1946,11548,2012-08-17 16:00:00,1,0.0011435907,0.8627108,0.6903973,1
1999,11564,2012-09-05 05:12:00,1,8.33697e-05,0.993186,0.7945655,1
1806,11513,2012-07-01 08:12:00,1,0.0013415234,0.9435214,0.7550854,1
1999,11564,2012-09-09 05:48:00,1,0.0021070233,0.9991836,0.79976827,1
2098,11585,2012-10-07 21:48:00,0,5.338207e-05,0.91910934,0.73529816,1
1807,11515,2012-07-05 06:36:00,1,0.0011262364,0.9999989,0.8002244,1
2186,11611,2012-11-07 20:12:00,1,0.0012533476,0.9967168,0.7976242,1
2109,11589,2012-10-11 11:12:00,1,1.0054821e-05,0.9172269,0.73378354,1
1807,11515,2012-07-06 06:24:00,1,6.175505e-05,1.0,0.80001235,1
1807,11515,2012-07-04 13:00:00,1,6.182923e-05,0.9999999,0.80001223,1
2186,11611,2012-11-07 08:24:00,1,0.00053698174,0.8627108,0.690276,1
2069,11582,2012-10-04 17:48:00,0,0.0003010744,0.063101076,0.050541077,0
1993,11560,2012-09-06 10:48:00,1,4.816374e-05,0.785916,0.62874246,1
2220,11618,2012-11-20 13:36:00,1,0.00023964391,0.2630041,0.2104512,0
2037,11573,2012-09-25 19:12:00,0,0.0009065368,0.39340556,0.31490576,0
1907,11538,2012-07-30 08:36:00,0,0.0010638072,0.8627108,0.6903814,1
1807,11515,2012-07-08 00:12:00,1,1.297879e-05,1.0,0.80000263,1
1930,11542,2012-08-09 02:36:00,1,0.00067008386,0.9643658,0.77162665,1
2193,11614,2012-11-10 18:24:00,1,0.0022746085,0.9909116,0.7931842,1
2173,11604,2012-11-01 12:12:00,0,0.0011294376,0.26117775,0.20916809,0
2337,11640,2012-12-30 15:00:00,0,0.01585108,0.014689224,0.014921595,0
1946,11548,2012-08-26 23:24:00,0,0.00031694747,0.3241213,0.25936043,0
1879,11532,2012-07-29 15:24:00,1,0.00015700047,0.58370477,0.46699524,0
2220,11618,2012-11-21 02:00:00,1,0.00015141643,0.23116861,0.18496518,0
1879,11532,2012-07-26 20:36:00,1,0.000101439684,0.88120323,0.7049829,1
2245,11623,2012-11-27 19:24:00,0,0.00012278845,0.998218,0.79859895,1
1807,11515,2012-07-05 11:00:00,1,0.00017944051,1.0,0.8000359,1
2193,11614,2012-11-11 01:36:00,1,0.014995394,0.9968297,0.80046284,1
1978,11556,2012-08-26 04:12:00,0,0.0012370334,0.014090681,0.011519952,0
1946,11548,2012-08-18 13:36:00,1,0.01174289,0.9952988,0.7985877,1
1959,11553,2012-08-25 21:36:00,0,0.0014323422,0.9600998,0.76836634,1
1951,11552,2012-08-28 10:12:00,0,0.0004403906,0.23544575,0.18844469,0
1873,11526,2012-07-19 14:12:00,0,0.0029762364,0.7376009,0.590676,1
1892,11533,2012-07-31 06:36:00,0,0.0006827693,0.94099003,0.7529286,1
1931,11543,2012-08-20 03:48:00,0,7.538648e-07,0.9995402,0.7996324,1
2137,11598,2012-10-20 05:24:00,1,0.0010638072,0.8627108,0.6903814,1
1879,11532,2012-07-29 06:00:00,1,1.8574743e-05,0.93041337,0.7443344,1
2137,11598,2012-10-20 05:00:00,1,0.0009258717,0.8627108,0.6903538,1
2098,11585,2012-10-03 11:48:00,0,7.733062e-05,0.28881726,0.23106928,0
1997,11561,2012-08-30 02:00:00,1,0.0035525917,0.038348615,0.03138941,0
2143,11599,2012-10-27 20:24:00,0,0.00014972486,0.98917484,0.7913698,1
1999,11564,2012-09-08 08:00:00,1,0.00019376,0.9967501,0.79743886,1
2158,11601,2012-10-28 18:36:00,0,1.2243782e-05,0.13092725,0.104744256,0
2176,11606,2012-11-08 06:36:00,0,3.992921e-06,0.17206131,0.13764985,0
1879,11532,2012-08-05 19:24:00,0,0.00029944527,0.05711306,0.045750335,0
2109,11589,2012-10-11 20:48:00,1,0.0029660126,0.9207345,0.7371808,1
1946,11548,2012-08-18 07:24:00,1,0.01156385,0.95069087,0.7628655,1
1873,11526,2012-07-28 15:36:00,0,4.951119e-05,0.35228398,0.28183708,0
2059,11579,2012-09-23 12:00:00,0,0.0011294376,0.8627108,0.6903945,1
1962,11554,2012-08-29 20:24:00,1,0.009994671,0.90011394,0.7220901,1
2130,11596,2012-10-27 08:36:00,0,0.0007002752,0.53407687,0.42740154,0
2262,11628,2012-12-04 05:00:00,0,0.0010638072,0.8627108,0.6903814,1
1930,11542,2012-08-08 23:36:00,1,0.0013197981,0.9956499,0.7967839,1
1903,11535,2012-07-31 07:12:00,0,0.0002053706,0.99423146,0.79542625,1
2107,11586,2012-10-09 15:12:00,0,0.0012018976,0.8222086,0.65800726,1
1990,11562,2012-08-30 19:48:00,1,0.00066844845,0.0045605814,0.003782155,0
2069,11582,2012-10-08 06:00:00,0,0.000575498,0.12953378,0.10374212,0
1997,11561,2012-08-29 12:00:00,1,0.0010149054,0.008455104,0.006967065,0
2021,11567,2012-09-15 22:48:00,0,0.0045430656,0.021289896,0.01794053,0
1879,11532,2012-07-28 23:12:00,1,0.00022300411,0.9528162,0.7622976,1
1879,11532,2012-07-29 18:24:00,1,0.00012640176,0.3224658,0.25799793,0
1807,11515,2012-07-02 20:00:00,1,0.00016989831,0.99999976,0.8000338,1
2130,11596,2012-10-17 03:12:00,1,0.0012060272,0.8627108,0.69040984,1
2220,11618,2012-11-27 08:00:00,1,5.3627755e-06,0.00021262607,0.00017117341,0
2260,11627,2012-12-05 23:48:00,0,5.9432987e-06,0.15291892,0.12233633,0
1979,11558,2012-08-29 22:12:00,0,0.00024254345,0.047223017,0.03782692,0
2314,11635,2012-12-22 08:12:00,0,0.0008874657,0.17507362,0.1402364,0
1807,11515,2012-07-09 03:00:00,1,0.00016680811,0.9999887,0.80002433,1
1806,11513,2012-07-03 23:36:00,1,3.0494291e-05,0.23245321,0.18596867,0
2037,11573,2012-09-27 13:48:00,0,1.0952611e-05,0.42241016,0.33793035,0
2191,11613,2012-11-14 01:36:00,1,0.0003627709,0.005742539,0.0046665855,0
1999,11564,2012-09-08 06:24:00,1,0.0003941367,0.9998698,0.79997474,1
2239,11622,2012-11-29 21:48:00,0,6.502147e-05,0.02058495,0.016480966,0
2306,11634,2012-12-19 22:36:00,0,0.0011717605,0.23726462,0.19004604,0
1806,11513,2012-07-07 09:12:00,1,0.0002976626,0.043269712,0.034675304,0
1930,11542,2012-08-08 11:48:00,1,0.00022683326,0.87332326,0.698704,1
2240,11621,2012-11-26 03:00:00,0,0.0004860659,0.27909988,0.22337712,0
2227,11620,2012-11-28 10:12:00,1,0.0008745277,0.18256292,0.14622524,0
2191,11613,2012-11-13 10:12:00,1,0.0011191788,0.009745732,0.0080204215,0
1930,11542,2012-08-05 15:00:00,1,0.00089437654,0.8627108,0.6903475,1
1962,11554,2012-08-29 12:12:00,1,0.00077780505,0.782125,0.62585557,1
2069,11582,2012-10-03 02:48:00,0,0.00034795198,0.15954319,0.12770414,0
2173,11604,2012-11-08 08:36:00,0,4.3267228e-05,0.09863364,0.078915566,0
2227,11620,2012-11-28 07:12:00,1,0.0013299456,0.39064255,0.31278002,0
1946,11548,2012-08-23 04:12:00,0,2.6965983e-05,0.89206785,0.71365964,1
2040,11575,2012-09-24 05:24:00,0,9.59592e-05,0.06234777,0.04989741,0
1807,11515,2012-07-08 19:24:00,1,6.2209874e-05,1.0,0.80001247,1
2227,11620,2012-11-18 04:00:00,0,0.0011116031,0.8627108,0.69039094,1
1999,11564,2012-09-08 06:12:00,1,0.00042408786,0.9999027,0.800007,1
1879,11532,2012-07-27 07:00:00,1,0.00053892046,0.7459268,0.5968492,1
1893,11534,2012-07-27 16:12:00,0,6.8267815e-05,0.027951479,0.022374837,0
2186,11611,2012-11-07 09:48:00,1,0.004292027,0.8627108,0.69102705,1
1807,11515,2012-07-01 17:24:00,1,0.00037059392,1.0,0.80007416,1
2039,11574,2012-09-19 19:24:00,0,0.00075941364,0.19362307,0.15505034,0
2314,11635,2012-12-20 13:48:00,0,0.00035000738,0.24386963,0.19516571,0
2021,11567,2012-09-09 12:48:00,0,0.00017648091,0.05731623,0.045888282,0
2040,11575,2012-09-30 03:24:00,1,0.0032723136,0.22808124,0.18311946,0
1946,11548,2012-08-18 05:36:00,1,0.07740228,0.9985409,0.8143132,1
2227,11620,2012-11-28 01:24:00,1,0.0004948133,0.98353636,0.78692806,1
1962,11554,2012-08-30 00:24:00,1,0.02762947,0.9866671,0.7948596,1
2028,11571,2012-09-13 22:48:00,0,0.0024965792,0.12187234,0.09799719,0
1844,11522,2012-07-08 16:00:00,0,2.6252515e-06,0.1511927,0.12095468,0
2220,11618,2012-11-27 03:48:00,1,1.4715022e-05,9.136993e-05,7.603895e-05,0
2107,11586,2012-10-15 09:36:00,0,0.0011294376,0.09427207,0.07564355,0
1893,11534,2012-07-28 09:24:00,0,0.00018346189,0.0038699755,0.003132673,0
2114,11592,2012-10-19 23:00:00,0,0.0001412852,0.029930199,0.023972416,0
1806,11513,2012-07-07 23:48:00,1,8.16656e-05,0.052321196,0.041873287,0
2227,11620,2012-11-28 07:48:00,1,0.0012900389,0.1304716,0.10463529,0
2011,11566,2012-09-12 19:24:00,0,0.0065395497,0.44669783,0.35866618,0
2245,11623,2012-12-01 15:24:00,0,0.00016551036,0.99067616,0.79257405,1
2314,11635,2012-12-25 11:00:00,0,0.0022797068,0.7652768,0.61267734,1
2040,11575,2012-09-30 08:00:00,1,0.00010437325,0.2079582,0.16638744,0
1999,11564,2012-09-05 02:24:00,1,0.00022384366,0.99747133,0.79802185,1
1807,11515,2012-07-01 16:24:00,1,0.0009662059,1.0,0.80019325,1
1807,11515,2012-07-08 03:12:00,1,4.183136e-05,1.0,0.80000836,1
2107,11586,2012-10-11 21:12:00,0,0.0029660126,0.9234548,0.73935705,1
1990,11562,2012-09-07 22:48:00,0,0.0014442331,0.98925996,0.79169685,1
2177,11608,2012-11-10 22:12:00,0,1.10602405e-05,0.3898225,0.31186023,0
2061,11580,2012-10-01 01:48:00,0,2.9519692e-06,0.8606908,0.6885532,1
2178,11607,2012-11-04 12:24:00,0,0.0011294376,0.045230076,0.036409948,0
1879,11532,2012-07-28 19:24:00,1,2.5940406e-05,0.66344154,0.53075844,1
2220,11618,2012-11-19 19:36:00,1,0.00055911427,0.07787772,0.062414,0
2306,11634,2012-12-21 20:36:00,0,0.009342831,0.24237773,0.19577074,0
1807,11515,2012-07-06 02:36:00,1,0.000113120084,1.0,0.80002266,1
2186,11611,2012-11-07 06:00:00,1,0.0011838508,0.8627108,0.69040537,1
2158,11601,2012-11-01 21:24:00,0,0.00014513226,0.20540816,0.16435556,0
1931,11543,2012-08-19 17:12:00,0,5.1020495e-05,0.99933964,0.7994819,1
1832,11518,2012-07-13 01:12:00,0,0.0005472122,0.45530432,0.3643529,0
2306,11634,2012-12-25 09:36:00,0,3.112227e-05,0.09537923,0.07630961,0
2137,11598,2012-10-21 16:00:00,1,0.0015402063,0.97407204,0.7795657,1
2171,11605,2012-11-06 03:00:00,0,6.5116587e-06,0.37043652,0.29635054,0
1806,11513,2012-07-07 11:00:00,1,5.933691e-05,0.0493858,0.03952051,0
2193,11614,2012-11-22 12:00:00,0,2.9356581e-06,0.46208128,0.36966562,0
1931,11543,2012-08-07 09:00:00,0,0.0003975476,0.84359735,0.6749574,1
2240,11621,2012-11-28 16:36:00,0,0.0013568334,0.2620987,0.20995033,0
1879,11532,2012-07-30 11:00:00,1,0.0002722823,0.09108104,0.07291929,0
1993,11560,2012-09-06 08:36:00,1,5.3274918e-05,0.85819733,0.68656856,1
2227,11620,2012-11-27 21:36:00,1,0.0006820539,0.9827839,0.7863636,1
2173,11604,2012-11-03 22:12:00,0,0.0001544554,0.3065049,0.24523482,0
2112,11590,2012-10-18 12:00:00,0,0.0009333325,0.09843225,0.07893247,0
1930,11542,2012-08-05 21:48:00,1,0.0029543948,0.8627108,0.6907595,1
1879,11532,2012-07-29 14:36:00,1,0.00015269202,0.6559684,0.52480525,1
1946,11548,2012-08-18 14:36:00,1,0.005218353,0.9973132,0.7988942,1
2314,11635,2012-12-23 20:12:00,0,0.002122556,0.9817516,0.7858258,1
1807,11515,2012-07-06 01:00:00,1,7.9542515e-05,1.0,0.8000159,1
1993,11560,2012-09-05 20:24:00,1,0.0016369756,0.9686868,0.7752769,1
2227,11620,2012-11-24 12:12:00,0,0.00018123846,0.9685288,0.7748593,1
1863,11523,2012-07-12 21:00:00,0,0.0010590935,0.84879535,0.67924815,1
1806,11513,2012-07-07 18:48:00,1,0.00024912585,0.050342906,0.04032415,0
2037,11573,2012-09-21 04:12:00,0,0.00010371823,0.058380917,0.046725478,0
2173,11604,2012-11-08 11:00:00,0,5.638467e-06,0.043892115,0.03511482,0
2193,11614,2012-11-15 04:36:00,0,0.0002784833,0.091356464,0.07314087,0
2220,11618,2012-11-15 20:36:00,1,0.0029660126,0.1877297,0.15077697,0
2186,11611,2012-11-11 01:12:00,0,2.9319199e-05,0.97865766,0.782932,1
1879,11532,2012-07-30 09:00:00,1,0.00010611755,0.27515653,0.22014645,0
2137,11598,2012-10-21 16:24:00,1,0.0020093953,0.99636626,0.7974949,1
2220,11618,2012-11-16 10:36:00,1,0.0011294376,0.018426314,0.014966939,0
1879,11532,2012-07-27 05:36:00,1,0.00023299387,0.70021176,0.560216,1
1879,11532,2012-07-27 07:24:00,1,0.00020193258,0.739128,0.5913428,1
2166,11602,2012-10-31 13:24:00,0,0.000119288095,0.32936716,0.26351762,0
2047,11578,2012-09-29 06:12:00,0,2.2284486e-05,0.14246866,0.113979384,0
1807,11515,2012-07-07 14:48:00,1,0.00048264334,1.0,0.8000965,1
2186,11611,2012-11-08 01:24:00,1,0.0012980618,0.999689,0.80001086,1
2220,11618,2012-11-20 23:36:00,1,0.00012939371,0.08427139,0.06744299,0
2017,11568,2012-09-05 21:00:00,0,4.5872002e-05,0.16590343,0.13273193,0
1999,11564,2012-09-09 14:12:00,1,2.8512666e-05,0.9661648,0.7729376,1
2191,11613,2012-11-13 04:48:00,1,0.00012149172,0.015176272,0.012165316,0
2137,11598,2012-10-20 12:24:00,1,0.0011294376,0.8627108,0.6903945,1
1866,11524,2012-07-15 18:48:00,0,0.00028677096,0.7988265,0.63911855,1
1807,11515,2012-07-06 20:00:00,1,2.9461891e-05,1.0,0.8000059,1
2337,11640,2012-12-31 17:24:00,0,0.0004016696,0.16878468,0.13510808,0
2121,11591,2012-10-21 12:48:00,0,0.0008755307,0.3781578,0.30270135,0
2028,11571,2012-09-17 13:36:00,0,0.0009830011,0.06589941,0.05291613,0
1948,11549,2012-08-20 19:00:00,0,2.0356581e-05,0.042523075,0.034022532,0
1931,11543,2012-08-08 15:00:00,0,0.00011578247,0.6990486,0.55926204,1
2186,11611,2012-11-09 01:12:00,0,3.7520804e-05,0.99847955,0.79879117,1
1907,11538,2012-08-08 17:00:00,0,0.00054103404,0.9575133,0.7661188,1
2322,11636,2012-12-25 08:24:00,0,8.768058e-05,0.13080247,0.10465951,0
2040,11575,2012-09-30 03:48:00,1,0.0036530194,0.5379938,0.43112564,0
1951,11552,2012-08-31 13:12:00,0,8.926117e-06,0.45236403,0.36189303,0
2329,11639,2012-12-27 17:00:00,0,0.00012980412,0.0017945784,0.0014616236,0
2227,11620,2012-11-26 21:36:00,1,0.0006913735,0.6081648,0.4866701,1
2193,11614,2012-11-22 12:12:00,0,2.2578683e-06,0.39172217,0.31337819,0
1990,11562,2012-08-28 20:36:00,0,7.06979e-05,0.058553953,0.046857305,0
2193,11614,2012-11-10 05:48:00,1,0.0011838508,0.8627108,0.69040537,1
1999,11564,2012-09-10 01:48:00,0,0.00048148012,0.90307015,0.7225525,1
1807,11515,2012-07-08 00:24:00,1,0.00012225256,1.0,0.80002445,1
2026,11569,2012-09-11 17:48:00,0,0.0020130284,0.007350894,0.006283321,0
2059,11579,2012-10-01 20:48:00,0,0.00025352667,0.03917423,0.03139009,0
2158,11601,2012-11-02 19:24:00,0,0.00022609458,0.030848049,0.024723658,0
1993,11560,2012-09-06 00:12:00,1,0.0015213311,0.9482132,0.7588749,1
1877,11527,2012-07-24 05:48:00,0,0.00022576738,0.11581083,0.09269381,0
1806,11513,2012-07-03 16:36:00,1,3.8787624e-05,0.53867304,0.4309462,0
2176,11606,2012-11-04 02:00:00,0,0.0013763877,0.005960057,0.005043323,0
1990,11562,2012-09-07 14:36:00,0,0.0003945794,0.996615,0.7973709,1
1999,11564,2012-09-09 18:36:00,1,8.9354704e-05,0.9280985,0.74249667,1
1879,11532,2012-07-28 18:48:00,1,3.4601802e-05,0.7450408,0.59603953,1
2061,11580,2012-09-24 10:24:00,0,0.0011294376,0.85457176,0.6838833,1
1863,11523,2012-07-11 15:36:00,0,0.0011435907,0.0103163645,0.00848181,0
1990,11562,2012-08-31 12:48:00,1,0.0001376759,0.0071385703,0.0057383915,0
2227,11620,2012-11-27 09:24:00,1,0.00044372806,0.8075278,0.646111,1
2191,11613,2012-11-13 13:48:00,1,0.0011580725,0.008061916,0.006681147,0
2061,11580,2012-09-27 14:24:00,0,1.7143684e-05,0.28882208,0.2310611,0
2011,11566,2012-09-12 02:36:00,0,0.00067338714,0.36406976,0.29139048,0
2109,11589,2012-10-10 10:36:00,0,0.00026264242,0.87551916,0.7004678,1
2123,11594,2012-10-19 11:48:00,0,7.176167e-06,0.99834824,0.79868,1
2227,11620,2012-11-27 02:24:00,1,0.0004763549,0.38830274,0.3107375,0
2137,11598,2012-11-02 13:48:00,0,8.418528e-06,0.96393627,0.7711507,1
2342,11643,2012-12-31 23:12:00,0,9.397279e-06,0.95818293,0.7665483,1
2028,11571,2012-09-16 03:00:00,0,0.0013946414,0.12606458,0.1011306,0
2270,11630,2012-12-07 21:00:00,0,1.7336602e-05,0.009369755,0.0074992715,0
1879,11532,2012-07-28 12:24:00,1,0.00020210881,0.74899536,0.5992367,1
2137,11598,2012-10-21 14:12:00,1,0.0027101482,0.99991906,0.8004773,1
1999,11564,2012-09-09 12:00:00,1,3.0435169e-05,0.9946898,0.79575795,1
2220,11618,2012-11-20 06:24:00,1,0.000298534,0.0050362092,0.004088674,0
1990,11562,2012-08-31 14:48:00,1,0.00016578773,0.010788007,0.008663563,0
1997,11561,2012-08-30 09:12:00,1,0.00066355726,0.201394,0.16124792,0
2044,11576,2012-09-29 19:00:00,0,4.4668236e-06,0.20134267,0.16107504,0
2186,11611,2012-11-09 17:48:00,0,0.0008333911,0.9955504,0.79660696,1
1807,11515,2012-07-01 04:00:00,1,0.00041937653,1.0,0.8000839,1
1879,11532,2012-07-27 16:24:00,1,0.00039827955,0.71430707,0.5715253,1
1806,11513,2012-07-07 11:24:00,1,7.8103134e-05,0.04053622,0.032444596,0
1962,11554,2012-08-29 22:12:00,1,0.009318135,0.96317333,0.7724023,1
1807,11515,2012-07-06 04:36:00,1,5.780491e-05,1.0,0.8000116,1
2137,11598,2012-10-20 21:48:00,1,0.00026163022,0.7540735,0.6033111,1
2144,11600,2012-10-24 23:48:00,0,2.828199e-05,0.063136406,0.05051478,0
2061,11580,2012-10-02 10:00:00,0,0.0010613028,0.6078685,0.48650706,1
2240,11621,2012-12-03 01:24:00,0,0.0012739343,0.07400377,0.059457805,0
1806,11513,2012-07-07 06:48:00,1,0.0008484242,0.052686527,0.042318907,0
2137,11598,2012-10-24 13:24:00,0,0.00017508138,0.12235723,0.0979208,0
1807,11515,2012-07-06 18:36:00,1,7.649134e-06,1.0,0.80000156,1
1806,11513,2012-07-01 00:24:00,1,0.0004807351,0.84984505,0.6799722,1
2181,11610,2012-11-06 20:00:00,0,0.00015281307,0.18722163,0.14980787,0
2106,11588,2012-10-11 08:12:00,0,0.0002700599,0.4231661,0.3385869,0
1806,11513,2012-07-03 19:48:00,1,0.0003688749,0.3585055,0.28687817,0
1990,11562,2012-08-30 22:36:00,1,2.5848e-05,0.015881957,0.012710736,0
1996,11563,2012-09-01 18:00:00,0,0.00071906345,0.76121473,0.6091156,1
1879,11532,2012-07-29 04:00:00,1,0.00012255112,0.82983625,0.6638935,1
1990,11562,2012-08-31 03:48:00,1,0.00029039913,0.011476655,0.0092394035,0
1999,11564,2012-09-03 04:24:00,0,0.00058248546,0.99844176,0.7988699,1
1999,11564,2012-09-07 22:00:00,1,0.00030252285,0.99999857,0.8000594,1
2113,11595,2012-10-16 07:12:00,0,0.0011838508,0.0067509976,0.0056375684,0
1930,11542,2012-08-08 19:48:00,1,0.00020435137,0.9761997,0.7810007,1
1996,11563,2012-09-06 13:36:00,0,0.00048885634,0.8236832,0.6590443,1
1806,11513,2012-07-07 21:00:00,1,5.2518884e-05,0.06448965,0.051602226,0
2186,11611,2012-11-09 00:00:00,0,2.1042953e-05,0.99869066,0.79895675,1
2137,11598,2012-10-20 20:48:00,1,0.00054919487,0.8554333,0.68445647,1
2137,11598,2012-10-21 17:12:00,1,0.0015228848,0.9999852,0.8002928,1
2240,11621,2012-11-26 18:00:00,0,0.00073329994,0.52032423,0.41640604,0
1993,11560,2012-09-05 21:24:00,1,0.0032709672,0.9689463,0.77581125,1
2186,11611,2012-11-08 01:12:00,1,0.000952577,0.99962425,0.7998899,1
2220,11618,2012-11-20 03:12:00,1,0.00040707766,0.0047248723,0.0038613135,0
2191,11613,2012-11-12 02:48:00,1,0.009835144,0.031844534,0.027442656,0
1990,11562,2012-09-04 23:24:00,0,0.0004947381,0.4394991,0.35169825,0
1999,11564,2012-09-09 13:36:00,1,6.37077e-05,0.9095081,0.72761923,1
1930,11542,2012-08-09 05:12:00,1,0.00010264802,0.97288257,0.7783266,1
2191,11613,2012-11-15 08:48:00,0,0.0028769101,0.08619785,0.06953366,0
1946,11548,2012-08-17 06:12:00,1,0.0009258717,0.8627108,0.6903538,1
2314,11635,2012-12-29 12:12:00,0,3.5812973e-05,0.008109475,0.0064947424,0
2137,11598,2012-10-23 00:00:00,1,0.0038876294,0.012935532,0.011125952,0
1807,11515,2012-07-08 09:48:00,1,6.839606e-06,0.99999607,0.7999982,1
1951,11552,2012-08-25 11:36:00,0,1.8131444e-05,0.27828902,0.22263484,0
2314,11635,2012-12-30 07:48:00,0,8.28365e-06,0.0070138406,0.0056127296,0
2186,11611,2012-11-08 06:12:00,0,0.00062741555,0.99920017,0.7994856,1
1807,11515,2012-07-06 09:12:00,1,7.6460805e-05,1.0,0.80001533,1
2173,11604,2012-11-02 04:00:00,0,1.5989492e-05,0.04554761,0.036441285,0
2130,11596,2012-10-17 06:00:00,1,0.0011838508,0.8627108,0.69040537,1
2112,11590,2012-10-17 01:24:00,0,0.00022527948,0.08929556,0.0714815,0
2130,11596,2012-10-21 17:00:00,0,0.00031025446,0.99445266,0.7956242,1
1807,11515,2012-07-02 12:00:00,1,0.0008570607,0.99999857,0.8001703,1
1907,11538,2012-07-31 03:48:00,0,0.069971316,0.8627108,0.7041629,1
1952,11551,2012-08-23 14:48:00,0,0.00014780632,0.16653788,0.13325988,0
2069,11582,2012-09-29 18:00:00,0,0.0013565316,0.011733282,0.009657932,0
2186,11611,2012-11-17 21:24:00,0,0.012299159,0.80312186,0.6449573,1
2245,11623,2012-11-28 09:48:00,0,0.0008902538,0.7789392,0.6233294,1
1970,11555,2012-08-29 13:24:00,0,0.0001776345,0.50435,0.40351555,0
1879,11532,2012-07-29 20:36:00,1,1.9106274e-05,0.7326194,0.5860993,1
1879,11532,2012-07-28 16:48:00,1,6.692259e-05,0.84769547,0.6781698,1
2143,11599,2012-10-26 04:24:00,0,3.5891542e-05,0.9989023,0.799129,1
2329,11639,2012-12-26 03:48:00,0,0.0013420978,0.8736238,0.69916743,1
1879,11532,2012-07-30 20:48:00,0,0.00010440759,0.21080375,0.16866387,0
2220,11618,2012-11-26 20:12:00,1,6.1790444e-05,8.05958e-05,7.683473e-05,0
1997,11561,2012-08-30 03:00:00,1,0.004989092,0.0342801,0.0284219,0
2329,11639,2012-12-28 17:00:00,0,0.000103090126,0.0019267503,0.0015620182,0
1946,11548,2012-08-17 20:12:00,1,0.0029660126,0.8627108,0.6907618,1
1807,11515,2012-07-01 00:24:00,1,0.000101580226,0.99999964,0.80002004,1
1930,11542,2012-08-08 12:36:00,1,0.00053943903,0.891206,0.7130727,1
2227,11620,2012-11-28 01:00:00,1,0.0006112194,0.922704,0.7382854,1
2040,11575,2012-09-25 18:36:00,0,0.00013928898,0.0039507775,0.0031884797,0
2017,11568,2012-09-07 12:00:00,0,8.938938e-06,0.20548102,0.16438662,0
2069,11582,2012-10-07 15:24:00,0,3.1394127e-05,0.08857222,0.07086406,0
1990,11562,2012-08-31 06:24:00,1,3.3935154e-05,0.019502232,0.015608573,0
2306,11634,2012-12-21 09:12:00,0,0.0003751726,0.40952265,0.32769316,0
1999,11564,2012-08-30 21:24:00,0,1.7321778e-05,0.42879924,0.34304285,0
2130,11596,2012-10-25 18:48:00,0,0.0009121939,0.70735145,0.56606364,1
1807,11515,2012-07-05 22:24:00,1,2.0227604e-05,1.0,0.80000407,1
1946,11548,2012-08-27 15:00:00,0,4.82909e-05,0.22417454,0.17934929,0
1807,11515,2012-07-03 12:12:00,1,9.024989e-06,0.99999774,0.8,1
1806,11513,2012-07-02 19:00:00,1,2.6704161e-05,0.6148449,0.49188128,1
1806,11513,2012-07-01 09:24:00,1,0.00046750827,0.9169382,0.73364407,1
2109,11589,2012-10-11 14:12:00,1,0.0011294376,0.6785992,0.54310524,1
1999,11564,2012-09-09 00:24:00,1,0.0009808172,0.99202746,0.7938181,1
1807,11515,2012-07-02 03:48:00,1,5.0945087e-05,1.0,0.8000102,1
2227,11620,2012-11-25 14:48:00,0,0.0025848818,0.988846,0.7915938,1
2011,11566,2012-09-11 21:48:00,0,0.0004508351,0.45003247,0.36011615,0
2166,11602,2012-11-02 08:24:00,0,0.00012804543,0.10148867,0.081216544,0
2220,11618,2012-11-20 22:12:00,1,0.0003534455,0.3012759,0.24109142,0
2227,11620,2012-11-28 08:12:00,1,0.0013402457,0.35051185,0.28067753,0
1999,11564,2012-09-05 01:12:00,1,0.00027737117,0.99905115,0.79929644,1
2037,11573,2012-09-21 19:48:00,0,5.305605e-05,0.08881665,0.07106393,0
1807,11515,2012-07-05 19:24:00,1,9.125547e-06,0.9999999,0.80000174,1
2040,11575,2012-09-30 23:24:00,1,7.7653465e-05,0.072442636,0.05796964,0
2191,11613,2012-11-12 15:48:00,1,0.0060298084,0.019590158,0.016878089,0
1807,11515,2012-07-09 02:36:00,1,0.00021846253,0.9999957,0.80004025,1
2173,11604,2012-11-05 15:48:00,0,0.005280307,0.2844707,0.22863263,0
2137,11598,2012-10-20 13:12:00,1,0.0011294376,0.8627108,0.6903945,1
1879,11532,2012-07-28 15:48:00,1,0.00019959529,0.83995014,0.67200005,1
1908,11537,2012-08-10 15:00:00,0,0.000345456,0.011862394,0.009559006,0
1807,11515,2012-07-09 05:24:00,1,0.00023156783,0.9999963,0.80004334,1
2143,11599,2012-10-31 12:12:00,0,0.0009914814,0.917525,0.7342183,1
1931,11543,2012-08-18 18:12:00,0,0.00013980221,0.9869854,0.7896163,1
2344,11644,2012-12-31 10:36:00,0,0.0008833051,0.8627108,0.6903453,1
2227,11620,2012-11-29 11:12:00,0,0.0010889838,0.37712935,0.30192128,0
2314,11635,2012-12-23 05:48:00,0,9.018264e-05,0.53747666,0.42999935,0
1996,11563,2012-08-30 08:48:00,0,0.007638605,0.6656258,0.5340284,1
1806,11513,2012-07-01 04:00:00,1,0.0015835968,0.9886719,0.7912543,1
2171,11605,2012-11-02 10:12:00,0,0.00017905356,0.13058439,0.10450332,0
2113,11595,2012-10-17 06:24:00,0,4.741268e-05,0.008263939,0.006620634,0
1930,11542,2012-08-11 20:12:00,0,0.0024653033,0.9756068,0.7809785,1
1877,11527,2012-07-26 03:24:00,0,0.0014553505,0.06559138,0.052764177,0
2040,11575,2012-09-19 05:48:00,0,0.00024698526,0.8627108,0.69021803,1
1946,11548,2012-08-18 01:12:00,1,0.016953722,0.99545324,0.7997533,1
1807,11515,2012-07-03 07:00:00,1,4.64861e-05,0.9999995,0.80000895,1
1979,11558,2012-09-05 08:12:00,0,0.0011704453,0.35721374,0.28600508,0
1807,11515,2012-07-09 05:00:00,1,0.00010902086,1.0,0.8000218,1
1806,11513,2012-07-04 14:36:00,1,0.000103001395,0.13688572,0.109529175,0
1930,11542,2012-08-09 01:36:00,1,0.000929516,0.9562827,0.76521206,1
2191,11613,2012-11-12 14:36:00,1,0.0010961321,0.011047169,0.009056962,0
2262,11628,2012-12-05 14:12:00,0,2.5730269e-05,0.067998566,0.054403998,0
1999,11564,2012-09-09 04:12:00,1,0.0008470987,0.99795437,0.7985329,1
1997,11561,2012-09-02 11:00:00,0,0.0002527765,0.2684153,0.2147828,0
2220,11618,2012-11-15 15:36:00,1,0.0011435907,0.48535687,0.38851422,0
2191,11613,2012-11-14 16:36:00,0,0.0023041712,0.013657104,0.011386517,0
2107,11586,2012-10-07 21:36:00,0,0.0014297644,0.9852647,0.7884977,1
1807,11515,2012-07-09 05:12:00,1,0.00021288086,1.0,0.80004257,1
2186,11611,2012-11-07 09:00:00,1,0.00057197275,0.8627108,0.690283,1
1807,11515,2012-07-08 08:12:00,1,1.0617582e-05,1.0,0.80000216,1
2040,11575,2012-09-30 01:00:00,1,0.0007188308,0.33060014,0.26462388,0
2117,11593,2012-10-26 02:48:00,0,0.00013201906,0.8718851,0.6975345,1
2220,11618,2012-11-26 17:00:00,1,0.00014249475,4.202853e-05,6.212178e-05,0
2171,11605,2012-11-09 17:12:00,0,4.2012503e-05,0.07921344,0.06337916,0
1806,11513,2012-07-01 07:36:00,1,0.0011924703,0.9630837,0.77070546,1
2169,11603,2012-11-01 05:24:00,0,0.00029713011,0.17015412,0.13618273,0
1996,11563,2012-09-01 19:00:00,0,0.00035976493,0.8785483,0.7029106,1
1997,11561,2012-08-29 14:24:00,1,0.0011294376,0.011843707,0.009700853,0
1959,11553,2012-08-25 12:00:00,0,0.00044583104,0.9941719,0.7954267,1
2037,11573,2012-09-24 18:00:00,0,0.0018841614,0.009823866,0.008235926,0
2227,11620,2012-11-28 10:48:00,1,0.0012529793,0.43107608,0.3451115,0
1946,11548,2012-08-17 08:24:00,1,0.0010638072,0.8627108,0.6903814,1
2109,11589,2012-10-11 23:36:00,1,0.0029660126,0.9476872,0.758743,1
2061,11580,2012-09-28 08:48:00,0,8.744786e-05,0.8032753,0.6426377,1
2171,11605,2012-11-07 11:36:00,0,5.981327e-06,0.043389414,0.034712728,0
1879,11532,2012-07-27 12:36:00,1,0.0003630788,0.28768027,0.23021683,0
2040,11575,2012-09-30 05:36:00,1,0.001077557,0.15456711,0.123869196,0
2173,11604,2012-11-05 18:24:00,0,0.00035310365,0.2253945,0.18038622,0
1879,11532,2012-07-29 18:00:00,1,0.00015504667,0.28354818,0.22686955,0
1806,11513,2012-07-01 02:24:00,1,0.003537945,0.8431165,0.6752008,1
2249,11624,2012-11-28 07:24:00,0,6.349742e-05,0.23980777,0.19185892,0
1999,11564,2012-09-07 22:48:00,1,0.00013208379,0.9999943,0.8000218,1
1807,11515,2012-07-08 22:00:00,1,3.52728e-05,1.0,0.80000705,1
2098,11585,2012-10-04 04:36:00,0,0.00013199841,0.9574489,0.76598555,1
2137,11598,2012-10-21 21:12:00,1,0.0012621232,0.99955744,0.7998984,1
2186,11611,2012-11-10 23:24:00,0,2.9354616e-05,0.9858191,0.7886611,1
1832,11518,2012-07-06 00:00:00,0,0.00027285144,0.18113467,0.14496231,0
2106,11588,2012-10-12 01:00:00,0,0.0034985559,0.96682215,0.7741574,1
1806,11513,2012-07-07 14:12:00,1,6.0049995e-05,0.0107772695,0.008633826,0
1978,11556,2012-08-25 15:36:00,0,0.0010276247,0.012361794,0.01009496,0
2040,11575,2012-09-30 21:36:00,1,6.0416685e-05,0.06396214,0.051181797,0
1962,11554,2012-08-30 01:36:00,1,0.016687075,0.9963186,0.8003923,1
1806,11513,2012-07-02 16:36:00,1,3.5934867e-05,0.55736786,0.44590148,0
1807,11515,2012-07-02 11:12:00,1,0.0005982781,0.99999976,0.80011946,1
2112,11590,2012-10-12 14:12:00,0,0.0011294376,0.016359115,0.01331318,0
2069,11582,2012-10-04 18:36:00,0,0.0013417765,0.047980916,0.038653087,0
2040,11575,2012-09-30 04:00:00,1,0.0023444905,0.62622714,0.50145066,1
2220,11618,2012-11-21 09:36:00,1,0.00013784955,0.10441851,0.083562374,0
2173,11604,2012-11-11 02:24:00,0,2.4852137e-05,0.020787347,0.016634848,0
1931,11543,2012-08-12 21:24:00,0,0.0004267073,0.69076955,0.552701,1
1807,11515,2012-07-04 11:12:00,1,0.000106893065,1.0,0.8000214,1
1999,11564,2012-09-04 14:00:00,1,0.00016366948,0.9990392,0.7992641,1
2123,11594,2012-10-20 12:12:00,0,0.00062461314,0.9934689,0.79490006,1
1930,11542,2012-08-08 23:00:00,1,0.0027294336,0.9685893,0.7754173,1
2017,11568,2012-09-09 16:00:00,0,0.00020176648,0.6776795,0.54218394,1
2107,11586,2012-10-17 00:12:00,0,0.0003582535,0.90546125,0.72444063,1
2191,11613,2012-11-13 12:36:00,1,0.0017570138,0.012956987,0.010716992,0
1877,11527,2012-07-27 21:24:00,0,0.001976137,0.008905949,0.0075199865,0
2191,11613,2012-11-14 00:12:00,1,0.0004661377,0.005939546,0.004844865,0
2262,11628,2012-12-15 05:48:00,0,0.00021167635,0.0050735483,0.004101174,0
2117,11593,2012-10-19 08:48:00,0,0.0010943016,0.9603453,0.76849514,1
2306,11634,2012-12-21 13:36:00,0,0.011316651,0.4579847,0.3686511,0
2227,11620,2012-11-25 12:36:00,0,0.0030569374,0.9918828,0.7941176,1
2137,11598,2012-11-01 22:48:00,0,0.0024472682,0.976249,0.78148866,1
1979,11558,2012-08-26 09:48:00,0,0.0010149054,0.8627108,0.6903716,1
2021,11567,2012-09-14 22:12:00,0,0.095759176,0.028903272,0.042274453,0
1930,11542,2012-08-08 20:24:00,1,4.3797936e-05,0.96253425,0.77003616,1
2220,11618,2012-11-26 21:36:00,1,4.105267e-05,3.168564e-05,3.3559045e-05,0
2123,11594,2012-10-23 22:12:00,0,0.0001441698,0.9294213,0.7435659,1
1863,11523,2012-07-10 23:12:00,0,0.0007075375,0.014824398,0.012001026,0
1807,11515,2012-07-06 14:00:00,1,5.7084013e-05,1.0,0.80001146,1
1946,11548,2012-08-18 06:48:00,1,0.0025831882,0.98722446,0.79029626,1
2191,11613,2012-11-12 22:36:00,1,0.0021238362,0.02678372,0.021851743,0
1990,11562,2012-08-31 11:24:00,1,8.7107874e-05,0.009214262,0.007388831,0
2040,11575,2012-09-30 11:00:00,1,0.00046598486,0.11459043,0.091765545,0
1807,11515,2012-07-02 06:36:00,1,0.00023482619,1.0,0.800047,1
2314,11635,2012-12-25 21:12:00,0,0.00028597997,0.75237066,0.60195374,1
1959,11553,2012-08-27 20:36:00,0,0.0020160577,0.9701825,0.7765492,1
1807,11515,2012-07-06 08:48:00,1,4.725771e-05,1.0,0.8000095,1
1946,11548,2012-08-17 09:36:00,1,0.0010149054,0.8627108,0.6903716,1
2137,11598,2012-10-20 16:00:00,1,0.0011435907,0.8627108,0.6903973,1
2186,11611,2012-11-14 14:48:00,0,0.0006561724,0.9848754,0.7880316,1
1942,11546,2012-08-22 20:12:00,0,0.0039918423,0.38494283,0.30875266,0
1997,11561,2012-08-30 11:24:00,1,0.00080567476,0.10343297,0.08290751,0
2176,11606,2012-11-09 23:00:00,0,8.914335e-06,0.18129426,0.1450372,0
2220,11618,2012-11-20 05:48:00,1,0.0005155693,0.007318939,0.005958265,0
2191,11613,2012-11-12 14:12:00,1,0.0018532278,0.008254557,0.006974291,0
1990,11562,2012-09-07 02:36:00,0,4.503871e-05,0.70471317,0.56377953,1
1997,11561,2012-08-29 19:12:00,1,0.0021765449,0.02643101,0.021580117,0
2178,11607,2012-11-06 07:12:00,0,0.00022937414,0.167864,0.13433708,0
2158,11601,2012-11-03 12:24:00,0,3.3182498e-06,0.08399909,0.06719994,0
2314,11635,2012-12-18 06:48:00,0,0.0008108643,0.8476834,0.67830896,1
1806,11513,2012-07-03 04:12:00,1,6.018007e-05,0.388538,0.31084245,0
1879,11532,2012-07-27 01:00:00,1,0.00023682576,0.93058544,0.7445158,1
1946,11548,2012-08-18 22:48:00,1,0.00018144197,0.7561721,0.60497403,1
2239,11622,2012-11-27 08:36:00,0,1.1382763e-05,0.026029654,0.020825999,0
1806,11513,2012-07-03 02:48:00,1,5.2413714e-05,0.71385115,0.5710914,1
2193,11614,2012-11-10 18:48:00,1,0.0017819443,0.97741437,0.7822879,1
1998,11557,2012-09-02 21:24:00,0,2.6384701e-05,0.044374287,0.03550471,0
2259,11626,2012-12-03 09:00:00,0,9.351177e-06,0.034213644,0.027372785,0
1879,11532,2012-07-28 06:36:00,1,2.801821e-05,0.8334821,0.66679126,1
1877,11527,2012-08-01 16:48:00,0,1.3039793e-05,0.0034872252,0.0027923882,0
2227,11620,2012-11-28 19:36:00,1,0.0016862794,0.42887437,0.34343675,0
1952,11551,2012-08-22 19:24:00,0,0.00035210277,0.3117853,0.24949868,0
2191,11613,2012-11-13 12:00:00,1,0.00037429432,0.009494687,0.007670609,0
2191,11613,2012-11-13 14:12:00,1,0.0010746344,0.0087150335,0.007186954,0
2040,11575,2012-09-30 23:00:00,1,6.132658e-05,0.06533502,0.05228028,0
1877,11527,2012-07-27 10:36:00,0,0.00048251156,0.0047997134,0.003936273,0
1886,11531,2012-07-29 07:24:00,0,3.4332197e-07,0.6747652,0.53981227,1
2047,11578,2012-09-22 23:36:00,0,4.084477e-05,0.4152903,0.3322404,0
2107,11586,2012-10-08 16:36:00,0,0.0010298456,0.9352505,0.7484064,1
1807,11515,2012-07-04 01:12:00,1,7.2491406e-05,1.0,0.8000145,1
1952,11551,2012-08-23 11:00:00,0,1.3591819e-05,0.14408039,0.11526703,0
1962,11554,2012-08-30 01:48:00,1,0.029352246,0.9976412,0.80398345,1
1866,11524,2012-07-18 17:00:00,0,0.00020662077,0.0903175,0.07229532,0
1807,11515,2012-07-02 14:12:00,1,0.002272189,1.0,0.80045444,1
2117,11593,2012-10-19 22:48:00,0,0.0015146798,0.9696194,0.7759984,1
2186,11611,2012-11-07 23:00:00,1,0.0013221734,0.99981815,0.8001189,1
2193,11614,2012-11-10 10:00:00,1,0.0011294376,0.8627108,0.6903945,1
1806,11513,2012-07-01 18:00:00,1,9.414455e-05,0.5644434,0.45157358,0
2191,11613,2012-11-12 00:36:00,1,0.008566831,0.07031624,0.05796636,0
2191,11613,2012-11-12 08:12:00,1,0.004897689,0.025748504,0.021578342,0
2026,11569,2012-09-21 21:36:00,0,2.4217421e-05,0.95841426,0.76673627,1
1806,11513,2012-07-02 20:36:00,1,0.00011462823,0.40204662,0.32166022,0
2137,11598,2012-10-20 10:24:00,1,0.0010149054,0.8627108,0.6903716,1
1886,11531,2012-07-26 11:24:00,0,0.00038417435,0.04541289,0.036407147,0
2191,11613,2012-11-21 22:48:00,0,0.00011305409,0.028990649,0.02321513,0
2130,11596,2012-10-29 22:24:00,0,0.00071680767,0.92438173,0.73964876,1
2143,11599,2012-10-28 08:48:00,0,0.00037591474,0.9968105,0.79752356,1
1946,11548,2012-08-17 16:36:00,1,0.0011435907,0.8627108,0.6903973,1
2137,11598,2012-10-21 20:36:00,1,0.0014939934,0.9827476,0.7864969,1
1943,11547,2012-08-15 13:24:00,0,0.0010149054,0.011555007,0.009446986,0
1999,11564,2012-09-09 09:12:00,1,4.928545e-05,0.9995109,0.79961854,1
2191,11613,2012-11-20 21:36:00,0,6.65331e-05,0.032753035,0.026215736,0
2040,11575,2012-09-30 13:36:00,1,8.102348e-05,0.033723958,0.026995372,0
1879,11532,2012-07-28 02:12:00,1,6.621207e-05,0.8055955,0.64448965,1
1946,11548,2012-08-17 11:24:00,1,0.0010149054,0.8627108,0.6903716,1
2137,11598,2012-10-20 15:12:00,1,0.0011435907,0.8627108,0.6903973,1
1807,11515,2012-07-08 07:12:00,1,5.423202e-06,1.0,0.8000011,1
1807,11515,2012-07-05 10:24:00,1,0.00049878185,1.0,0.8000998,1
1993,11560,2012-09-05 16:24:00,1,0.0020556287,0.963078,0.7708736,1
1930,11542,2012-08-09 00:24:00,1,0.00168212,0.95123976,0.7613282,1
1807,11515,2012-07-04 00:12:00,1,0.00012553272,1.0,0.8000251,1
2169,11603,2012-11-03 18:48:00,0,0.00020461595,0.03356052,0.026889337,0
1997,11561,2012-09-05 16:36:00,0,1.2171218e-06,0.2806014,0.22448137,0
2040,11575,2012-09-22 03:00:00,0,0.0003890227,0.0061606574,0.0050063306,0
2121,11591,2012-10-24 00:36:00,0,7.811051e-05,0.9120473,0.7296535,1
2117,11593,2012-10-27 03:00:00,0,1.093195e-05,0.32898876,0.2631932,0
1807,11515,2012-07-09 04:24:00,1,0.00012464517,0.99999666,0.80002224,1
2227,11620,2012-11-28 14:24:00,1,0.0002887683,0.96176624,0.76947075,1
1893,11534,2012-08-05 06:36:00,0,0.00010810232,0.03238732,0.025931476,0
2143,11599,2012-11-04 15:48:00,0,1.7018702e-06,0.97316736,0.77853423,1
2106,11588,2012-10-06 23:48:00,0,5.418988e-06,0.084164046,0.06733232,0
1998,11557,2012-09-01 22:24:00,0,0.0029660126,0.06805065,0.05503373,0
2203,11616,2012-11-17 01:00:00,0,1.1368877e-05,0.040155847,0.032126952,0
1930,11542,2012-08-05 15:12:00,1,0.00089437654,0.8627108,0.6903475,1
2306,11634,2012-12-25 05:36:00,0,5.849139e-05,0.09299378,0.07440672,0
2240,11621,2012-11-25 10:12:00,0,0.0015719181,0.22027001,0.17653039,0
1990,11562,2012-08-31 10:36:00,1,9.1176276e-05,0.0065626604,0.0052683637,0
1951,11552,2012-08-26 11:00:00,0,5.57586e-05,0.28957704,0.23167278,0
1806,11513,2012-07-01 21:36:00,1,0.0007925013,0.48759088,0.3902312,0
2186,11611,2012-11-12 09:48:00,0,0.000399503,0.9992465,0.7994771,1
2291,11631,2012-12-15 12:00:00,0,0.00026361557,0.7841597,0.62738055,1
2227,11620,2012-11-28 09:00:00,1,0.0014890139,0.36038327,0.28860444,0
2037,11573,2012-09-20 17:00:00,0,5.8149075e-05,0.072352394,0.05789355,0
1863,11523,2012-07-18 13:48:00,0,0.0031267179,0.7426109,0.5947141,1
2176,11606,2012-11-05 19:24:00,0,9.907741e-06,0.0683607,0.054690544,0
1999,11564,2012-09-08 12:00:00,1,0.00033098378,0.9996959,0.7998229,1
1807,11515,2012-07-05 04:12:00,1,0.0002133236,0.9999999,0.80004257,1
2337,11640,2012-12-29 11:48:00,0,0.0011294376,0.017816285,0.014478915,0
2144,11600,2012-10-31 08:36:00,0,1.3253615e-05,0.011699474,0.00936223,0
2227,11620,2012-11-27 06:12:00,1,0.0005498257,0.26882866,0.2151729,0
1807,11515,2012-07-08 05:12:00,1,1.0362414e-05,1.0,0.8000021,1
1949,11550,2012-08-19 08:48:00,0,0.0011838508,0.006359601,0.005324451,0
1807,11515,2012-07-06 16:24:00,1,3.226459e-05,1.0,0.80000645,1
1930,11542,2012-08-09 08:36:00,1,9.851976e-05,0.8284797,0.66280353,1
2130,11596,2012-10-24 00:48:00,0,0.00059194583,0.7553511,0.60439926,1
1993,11560,2012-09-05 09:36:00,1,0.0042928425,0.9927059,0.79502326,1
2166,11602,2012-11-08 09:12:00,0,8.500842e-06,0.07071763,0.056575805,0
2193,11614,2012-11-10 17:36:00,1,0.0011808937,0.9268154,0.7416885,1
1993,11560,2012-09-08 01:00:00,0,7.8499215e-06,0.48616952,0.3889372,0
2171,11605,2012-11-02 03:00:00,0,9.937605e-06,0.00954802,0.007640403,0
2061,11580,2012-10-04 05:12:00,0,0.00012040013,0.32518983,0.26017594,0
2059,11579,2012-09-24 02:12:00,0,0.0013763877,0.84188527,0.6737835,1
2227,11620,2012-11-28 14:48:00,1,0.00013906392,0.9848401,0.7878999,1
2193,11614,2012-11-10 22:36:00,1,0.00020651617,0.9831966,0.7865986,1
1978,11556,2012-08-27 04:48:00,0,1.6177812e-05,0.03520921,0.028170602,0
1990,11562,2012-08-31 18:00:00,1,4.165442e-05,0.023396721,0.018725708,0
2011,11566,2012-09-11 16:12:00,0,0.0030906335,0.4223517,0.3384995,0
2191,11613,2012-11-11 23:36:00,1,0.01009781,0.09614287,0.078933865,0
2117,11593,2012-10-26 01:12:00,0,8.228966e-05,0.56789047,0.45432884,0
1806,11513,2012-07-03 18:00:00,1,6.427319e-05,0.44759208,0.35808653,0
2137,11598,2012-10-27 19:48:00,0,0.00022155429,0.8656914,0.69259745,1
2191,11613,2012-11-12 23:24:00,1,0.005644718,0.015861506,0.0138181485,0
2028,11571,2012-09-14 00:36:00,0,0.0008278645,0.1213036,0.097208455,0
1999,11564,2012-09-05 05:00:00,1,8.2257415e-05,0.9942783,0.7954391,1
2177,11608,2012-11-11 14:48:00,0,7.653709e-06,0.24584284,0.1966758,0
1999,11564,2012-09-05 04:24:00,1,9.960163e-05,0.9950329,0.79604626,1
1807,11515,2012-07-08 02:12:00,1,5.9854814e-05,1.0,0.800012,1
1866,11524,2012-07-19 12:24:00,0,0.00035346707,0.1164042,0.09319405,0
1952,11551,2012-08-20 19:24:00,0,0.0003199421,0.29011217,0.23215373,0
2040,11575,2012-09-30 19:00:00,1,5.947843e-05,0.02585264,0.020694006,0
1807,11515,2012-07-02 16:00:00,1,0.0017861496,0.9999999,0.8003571,1
2169,11603,2012-11-02 15:12:00,0,1.0428947e-05,0.13723914,0.1097934,0
1948,11549,2012-08-20 16:24:00,0,1.5239096e-06,0.083256595,0.06660558,0
1806,11513,2012-07-04 15:36:00,1,0.00010471149,0.17643687,0.14117044,0
1962,11554,2012-08-30 03:24:00,1,0.013423612,0.9780739,0.78514385,1
1806,11513,2012-07-07 04:48:00,1,0.00013105954,0.03438345,0.02753297,0
2227,11620,2012-11-27 20:48:00,1,0.00095360813,0.988689,0.7911419,1
2112,11590,2012-10-17 23:48:00,0,0.00048103143,0.13278955,0.106327854,0
1962,11554,2012-08-30 05:36:00,1,0.003739765,0.9980939,0.7992231,1
1807,11515,2012-07-07 17:00:00,1,8.858883e-05,1.0,0.8000177,1
2047,11578,2012-09-22 20:12:00,0,6.848612e-05,0.7683065,0.6146589,1
1807,11515,2012-07-08 08:48:00,1,9.441133e-06,1.0,0.8000019,1
1807,11515,2012-07-01 03:12:00,1,0.0002301321,0.99999976,0.80004585,1
2021,11567,2012-09-06 13:12:00,0,8.621291e-05,0.023638876,0.018928343,0
1893,11534,2012-08-05 15:24:00,0,2.4789057e-05,0.06742537,0.053945255,0
2098,11585,2012-10-13 17:36:00,0,5.3021477e-06,0.9264945,0.7411967,1
1993,11560,2012-09-06 04:48:00,1,0.000191227,0.29899687,0.23923574,0
1879,11532,2012-07-26 20:12:00,1,8.195347e-05,0.89601547,0.71682876,1
1807,11515,2012-07-07 20:36:00,1,6.968572e-05,1.0,0.80001396,1
1873,11526,2012-07-23 11:24:00,0,9.737255e-05,0.71228236,0.5698454,1
1806,11513,2012-07-01 10:12:00,1,0.0005079771,0.8582906,0.6867341,1
1996,11563,2012-08-31 06:36:00,0,0.0009140156,0.44736806,0.35807726,0
2245,11623,2012-12-07 14:00:00,0,0.00082826614,0.89651245,0.71737564,1
2227,11620,2012-11-19 15:48:00,0,0.00038767324,0.21799983,0.1744774,0
1807,11515,2012-07-05 14:36:00,1,0.00011526054,1.0,0.8000231,1
2011,11566,2012-09-02 17:36:00,0,0.0010611493,0.8627108,0.6903809,1
2191,11613,2012-11-09 20:00:00,0,0.0029660126,0.8627108,0.6907618,1
1979,11558,2012-08-27 09:12:00,0,7.052828e-05,0.97078776,0.77664435,1
2166,11602,2012-10-30 08:24:00,0,0.00021430274,0.021841925,0.0175164,0
1806,11513,2012-07-01 23:00:00,1,0.00073484035,0.84827065,0.6787635,1
1946,11548,2012-08-18 04:00:00,1,0.012302954,0.99710983,0.8001485,1
1990,11562,2012-08-31 13:24:00,1,0.001158807,0.012553358,0.010274448,0
1879,11532,2012-07-27 05:00:00,1,0.00016988796,0.5422881,0.43386447,0
2047,11578,2012-09-22 19:12:00,0,0.00021388938,0.6207464,0.49663988,1
2262,11628,2012-12-17 11:48:00,0,3.706594e-05,0.30782586,0.2462681,0
1970,11555,2012-08-25 13:00:00,0,0.002084724,0.9954146,0.79674864,1
2193,11614,2012-11-10 12:00:00,1,0.0011294376,0.8627108,0.6903945,1
1806,11513,2012-07-07 14:00:00,1,7.231748e-05,0.02239443,0.017930008,0
1879,11532,2012-07-24 04:24:00,0,0.0005541835,0.8627108,0.6902795,1
1908,11537,2012-07-31 13:12:00,0,0.0017027217,0.21953836,0.17597124,0
2137,11598,2012-10-23 19:48:00,0,0.00014074412,0.35524386,0.28422326,0
1962,11554,2012-08-29 16:00:00,1,0.00053428835,0.8796404,0.7038192,1
1999,11564,2012-09-08 02:48:00,1,0.00012758351,0.9999715,0.80000275,1
1879,11532,2012-07-30 10:12:00,1,0.0002021356,0.09577918,0.07666377,0
1807,11515,2012-07-04 22:24:00,1,0.0008512167,0.99999833,0.80016893,1
1999,11564,2012-09-04 14:24:00,1,0.00017839782,0.9990312,0.7992607,1
2239,11622,2012-12-01 15:00:00,0,5.4593074e-05,0.004433315,0.0035575705,0
2137,11598,2012-10-20 03:24:00,1,0.0010496705,0.8627108,0.69037855,1
2007,11565,2012-09-02 12:00:00,0,0.0011294376,0.057938945,0.046577044,0
2040,11575,2012-09-23 08:00:00,0,0.003234813,0.03960189,0.032328475,0
1999,11564,2012-09-04 10:36:00,1,5.6037014e-05,0.9927285,0.794194,1
1807,11515,2012-07-03 00:24:00,1,7.757225e-06,1.0,0.80000156,1
2017,11568,2012-09-05 14:36:00,0,3.3206943e-05,0.084829345,0.06787012,0
2166,11602,2012-10-31 15:36:00,0,0.00032583912,0.093140885,0.07457788,0
1999,11564,2012-08-31 16:24:00,0,5.5971756e-05,0.99985445,0.79989475,1
1806,11513,2012-07-07 19:00:00,1,0.00021564736,0.024871903,0.019940652,0
2322,11636,2012-12-31 22:48:00,0,2.5330186e-05,0.030309148,0.024252385,0
1930,11542,2012-08-09 03:12:00,1,0.00080461556,0.98835737,0.7908468,1
2191,11613,2012-11-12 13:48:00,1,0.0026828642,0.010599213,0.009015944,0
1807,11515,2012-07-08 14:00:00,1,4.9766142e-05,1.0,0.80000997,1
2220,11618,2012-11-27 08:48:00,1,7.634238e-06,0.00019527452,0.00015774647,0
2227,11620,2012-11-23 10:24:00,0,2.4610723e-05,0.9575242,0.7660243,1
1879,11532,2012-07-29 05:48:00,1,1.9198602e-05,0.918169,0.73453903,1
2137,11598,2012-10-20 14:00:00,1,0.0011294376,0.8627108,0.6903945,1
1959,11553,2012-09-01 03:24:00,0,0.00090494537,0.99856853,0.7990358,1
1807,11515,2012-07-02 05:48:00,1,0.00015442094,1.0,0.8000309,1
1993,11560,2012-08-31 21:00:00,0,0.0076493407,0.99209505,0.79520595,1
2021,11567,2012-09-10 23:12:00,0,2.3743702e-05,0.03627716,0.029026477,0
1990,11562,2012-09-05 04:36:00,0,9.355684e-05,0.38257456,0.30607837,0
1931,11543,2012-08-10 21:36:00,0,3.0107174e-05,0.7327306,0.5861905,1
1807,11515,2012-07-07 05:12:00,1,3.252412e-05,1.0,0.8000065,1
1866,11524,2012-07-17 07:24:00,0,0.00304116,0.7087601,0.5676163,1
1993,11560,2012-09-05 12:00:00,1,0.0006994851,0.97989666,0.78405726,1
2227,11620,2012-11-26 14:36:00,0,6.9658745e-05,0.9839557,0.7871785,1
1930,11542,2012-08-12 00:36:00,0,0.00040681136,0.9893371,0.79155105,1
2262,11628,2012-12-06 04:36:00,0,1.5086081e-06,0.023225028,0.018580325,0
1807,11515,2012-07-07 20:00:00,1,1.6827114e-05,1.0,0.80000335,1
2227,11620,2012-11-27 19:24:00,1,0.0005902433,0.99684083,0.79759073,1
1873,11526,2012-07-20 00:24:00,0,0.00018827703,0.56897193,0.45521522,0
2036,11572,2012-09-14 15:36:00,0,0.0011435907,0.035214003,0.02839992,0
2220,11618,2012-11-27 06:12:00,1,5.4910647e-06,0.00039994752,0.00032105623,0
1807,11515,2012-07-09 07:00:00,1,0.00022799025,0.99999475,0.80004144,1
2342,11643,2012-12-31 12:24:00,0,0.00012332282,0.99883133,0.7990897,1
2193,11614,2012-11-10 11:24:00,1,0.0011294376,0.8627108,0.6903945,1
2245,11623,2012-12-01 03:24:00,0,9.211397e-05,0.96623814,0.77300894,1
1807,11515,2012-07-03 12:36:00,1,1.0485542e-05,0.9999968,0.79999954,1
2245,11623,2012-11-26 13:48:00,0,0.0008833051,0.8627108,0.6903453,1
1879,11532,2012-07-29 21:12:00,1,5.8701662e-05,0.6435459,0.5148485,1
1962,11554,2012-08-30 04:00:00,1,0.015856177,0.9973917,0.80108464,1
1951,11552,2012-08-25 20:00:00,0,0.00032802214,0.15168737,0.121415496,0
1807,11515,2012-07-07 14:00:00,1,0.00022052182,1.0,0.8000441,1
1999,11564,2012-09-08 05:12:00,1,0.0006276991,0.9996841,0.7998728,1
2144,11600,2012-10-28 15:12:00,0,9.72241e-05,0.036983047,0.029605882,0
1806,11513,2012-07-01 04:24:00,1,0.0011249348,0.9845552,0.78786916,1
1879,11532,2012-07-29 20:12:00,1,1.9518346e-05,0.5993127,0.4794541,0
2130,11596,2012-10-27 04:24:00,0,0.0032952386,0.68285227,0.54694086,1
1806,11513,2012-07-04 06:24:00,1,0.00037891304,0.18499552,0.1480722,0
1892,11533,2012-08-02 10:24:00,0,1.6806362e-05,0.45439658,0.36352062,0
1807,11515,2012-07-05 07:00:00,1,0.0006817605,0.9999995,0.800136,1
2191,11613,2012-11-19 14:24:00,0,0.0009916136,0.06371229,0.05116816,0
2322,11636,2012-12-23 14:24:00,0,0.0010149054,0.8627108,0.6903716,1
1990,11562,2012-08-30 22:00:00,1,3.8346574e-05,0.007468825,0.0059827296,0
1807,11515,2012-07-05 18:00:00,1,3.8165585e-05,1.0,0.80000764,1
1997,11561,2012-08-29 17:24:00,1,0.0011808937,0.0183032,0.01487874,0
1990,11562,2012-08-31 16:48:00,1,4.3905617e-05,0.010025897,0.008029499,0
2098,11585,2012-10-02 00:00:00,0,0.0058226585,0.8832714,0.7077817,1
1939,11545,2012-08-11 23:36:00,0,3.5831697e-05,0.0671464,0.053724285,0
1806,11513,2012-07-07 05:36:00,1,0.00025823773,0.033882644,0.027157763,0
2130,11596,2012-10-16 18:00:00,1,0.0011095474,0.8627108,0.6903905,1
2178,11607,2012-11-05 12:24:00,0,0.00019589237,0.27450216,0.21964091,0
2220,11618,2012-11-27 03:12:00,1,1.6910735e-05,2.9794048e-05,2.7217386e-05,0
1946,11548,2012-08-29 20:48:00,0,4.5827885e-05,0.057361543,0.0458984,0
1998,11557,2012-08-31 16:00:00,0,3.7271368e-06,0.032848928,0.026279887,0
2177,11608,2012-11-13 00:36:00,0,8.475885e-06,0.26953432,0.21562916,0
1999,11564,2012-09-08 08:24:00,1,0.0003551184,0.99991417,0.8000024,1
2059,11579,2012-10-05 09:00:00,0,4.2455125e-05,0.018659096,0.014935768,0
2037,11573,2012-09-14 17:00:00,0,0.0010611493,0.8627108,0.6903809,1
1931,11543,2012-08-16 18:12:00,0,8.338655e-05,0.99941707,0.79955035,1
2017,11568,2012-09-07 18:36:00,0,1.6968302e-06,0.28395852,0.22716716,0
2227,11620,2012-11-27 14:12:00,1,0.00019379788,0.99359095,0.7949115,1
2220,11618,2012-11-26 21:12:00,1,2.4281733e-05,4.8840873e-05,4.3929045e-05,0
2137,11598,2012-10-20 17:00:00,1,2.5639372e-05,0.8627108,0.69017375,1
1946,11548,2012-08-18 04:24:00,1,0.10215368,0.99702185,0.81804824,1
1903,11535,2012-08-09 13:12:00,0,4.202841e-05,0.59050554,0.47241285,0
1893,11534,2012-08-02 19:36:00,0,0.0004723749,0.041270442,0.033110827,0
1943,11547,2012-08-16 17:12:00,0,0.00035529395,0.06251046,0.050079428,0
1893,11534,2012-08-05 09:36:00,0,0.0002658209,0.030012121,0.02406286,0
2117,11593,2012-10-20 02:00:00,0,0.015718125,0.9805504,0.78758395,1
1997,11561,2012-08-29 21:12:00,1,0.0029660126,0.028142558,0.02310725,0
2117,11593,2012-10-20 03:00:00,0,0.0011531542,0.987832,0.79049623,1
2130,11596,2012-10-16 23:24:00,1,0.0029543948,0.8627108,0.6907595,1
1970,11555,2012-08-25 23:12:00,0,0.0030875923,0.99334127,0.7952905,1
1806,11513,2012-07-04 01:36:00,1,3.2487602e-05,0.29896864,0.23918141,0
1962,11554,2012-08-29 14:00:00,1,0.00032612565,0.65661836,0.5253599,1
1930,11542,2012-08-11 00:12:00,0,0.011824259,0.9863688,0.7914599,1
1807,11515,2012-07-04 00:36:00,1,0.00020257977,0.9999995,0.8000402,1
1877,11527,2012-07-21 15:24:00,0,0.00089437654,0.8627108,0.6903475,1
2109,11589,2012-10-12 03:48:00,1,0.0013420978,0.9027109,0.72243714,1
2171,11605,2012-11-09 10:36:00,0,4.5813074e-05,0.032415755,0.025941767,0
1930,11542,2012-08-09 07:00:00,1,5.2318184e-05,0.9483639,0.7587016,1
2176,11606,2012-11-11 08:12:00,0,4.0291607e-06,0.08756497,0.07005278,0
2220,11618,2012-11-15 21:00:00,1,0.0029660126,0.8308878,0.6653034,1
2098,11585,2012-10-07 12:00:00,0,0.00045361294,0.8594812,0.6876757,1
1946,11548,2012-08-18 17:24:00,1,0.001103927,0.6245377,0.49985096,1
1999,11564,2012-09-09 02:12:00,1,0.00046295646,0.9983835,0.7987994,1
2220,11618,2012-11-16 14:24:00,1,0.0011294376,0.043636613,0.035135176,0
1807,11515,2012-07-06 04:48:00,1,5.1983538e-05,1.0,0.8000104,1
1807,11515,2012-07-03 13:48:00,1,9.497593e-06,0.9999758,0.79998255,1
2227,11620,2012-11-27 16:00:00,1,0.0006125327,0.9052142,0.7242938,1
2098,11585,2012-10-09 22:24:00,0,0.00029496892,0.9997956,0.7998955,1
1990,11562,2012-09-09 23:00:00,0,5.6082735e-07,0.8627108,0.69016874,1
2109,11589,2012-10-11 14:00:00,1,0.0011294376,0.75271165,0.60239524,1
2240,11621,2012-12-03 01:36:00,0,0.0012861362,0.08255046,0.06629759,0
2166,11602,2012-10-30 13:24:00,0,2.1566424e-05,0.055738278,0.044594936,0
1807,11515,2012-07-07 07:48:00,1,0.00034879855,1.0,0.80006975,1
1990,11562,2012-08-31 02:00:00,1,7.352204e-05,0.014485053,0.011602747,0
1999,11564,2012-09-07 23:36:00,1,0.00032419563,0.99999297,0.80005926,1
2191,11613,2012-11-12 16:24:00,1,0.005395184,0.0054364433,0.0054281917,0
1951,11552,2012-08-28 23:48:00,0,0.0010841313,0.09299394,0.07461198,0
1930,11542,2012-08-14 02:12:00,0,0.0026640326,0.9645209,0.7721495,1
1930,11542,2012-08-05 18:36:00,1,0.0011095474,0.8627108,0.6903905,1
2109,11589,2012-10-12 03:00:00,1,0.0013420978,0.98444104,0.78782123,1
2220,11618,2012-11-27 10:24:00,1,8.398368e-06,0.00068332197,0.0005483373,0
1978,11556,2012-08-27 19:24:00,0,2.3370962e-05,0.18053825,0.14443529,0
1807,11515,2012-07-04 21:00:00,1,0.0005026301,0.9999925,0.80009454,1
2117,11593,2012-10-21 18:12:00,0,0.0003461587,0.9870558,0.7897139,1
2144,11600,2012-10-29 05:12:00,0,0.00019622006,0.08541702,0.06837286,0
2245,11623,2012-12-02 15:00:00,0,0.00013054853,0.99131423,0.7930775,1
2193,11614,2012-11-10 14:00:00,1,0.0011294376,0.8627108,0.6903945,1
1990,11562,2012-08-31 17:12:00,1,3.767196e-05,0.02084658,0.016684799,0
1807,11515,2012-07-02 02:36:00,1,2.7704213e-05,1.0,0.80000556,1
2191,11613,2012-11-14 03:12:00,1,0.0031064143,0.0044331127,0.004167773,0
1970,11555,2012-08-28 10:24:00,0,0.00012380934,0.6072325,0.4858108,1
2137,11598,2012-10-21 04:12:00,1,6.3222324e-05,0.76305234,0.6104545,1
2121,11591,2012-10-20 13:00:00,0,0.002459171,0.09501633,0.0765049,0
1807,11515,2012-07-07 08:12:00,1,5.1991567e-05,1.0,0.8000104,1
2322,11636,2012-12-24 08:00:00,0,0.00012221269,0.74880975,0.5990723,1
2178,11607,2012-11-05 10:00:00,0,0.00022100804,0.38797367,0.31042314,0
1807,11515,2012-07-01 05:48:00,1,9.12838e-05,1.0,0.80001825,1
1807,11515,2012-07-04 01:00:00,1,0.00010585872,1.0,0.8000212,1
2220,11618,2012-11-21 01:36:00,1,0.00011171656,0.42043608,0.3363712,0
1806,11513,2012-07-01 13:12:00,1,0.0009236285,0.7777933,0.62241936,1
2306,11634,2012-12-16 02:24:00,0,3.4931592e-05,0.48611283,0.38889724,0
1946,11548,2012-08-17 16:48:00,1,0.0011435907,0.8627108,0.6903973,1
